id,name,host_id,host_profile_id,host_name,neighbourhood_group,neighbourhood,latitude,longitude,room_type,price,minimum_nights,number_of_reviews,last_review,reviews_per_month,calculated_host_listings_count,availability_365,number_of_reviews_ltm,license
145320,In the middle of it all - with a view!,703851,1462526720130546970,Kim,,Södermalms,59.31477,18.05277,Private room,1504,1,74,2026-06-14,0.67,1,17,3,
164448,Double room in central Stockholm with Wi-Fi,784312,1462529317954938424,Li,,Södermalms,59.31389,18.06087,Private room,1030,1,472,2026-06-25,2.60,2,136,33,
220851,One room in appartement,412283,1462517759503326921,Fredric,,Kungsholmens,59.33351,18.03693,Private room,695,2,68,2026-05-29,0.38,2,241,2,
242188,Single room in central Stockholm with Wi-Fi,784312,1462529317954938424,Li,,Södermalms,59.31198,18.06076,Private room,972,1,462,2026-06-19,2.64,2,122,33,
273906,Penthouse in central Stockholm,1432722,1462545661205010247,Rodrigo,,Södermalms,59.30484,18.10568,Entire home/apt,,6,4,2017-07-31,0.02,2,4,0,
299863,Playful temple with genuine meetings for big&small,1322033,1462517311710003835,Anna,,Hägersten-Liljeholmens,59.30318,17.99521,Entire home/apt,988,3,85,2026-06-22,0.49,1,56,15,
301680,one cosy double room for rent,1554143,1462561522560650987,Anitta,,Älvsjö,59.27635,17.99165,Private room,1008,1,44,2026-06-02,0.26,2,358,6,
302496,"Spacious, bright, unique apartment",1557657,1462518883068147404,Seta,,Norrmalms,59.34685,18.06056,Entire home/apt,5272,5,103,2025-08-28,0.60,1,315,5,
326304,Beautiful apartment SOFO,1668629,1462564557075867319,Tova,,Södermalms,59.31352,18.09072,Entire home/apt,1864,1,24,2026-06-26,0.14,1,189,8,
368952,Small house,746396,1462528072962370867,Madeleine,,Skarpnäcks,59.24656,18.17775,Entire home/apt,411,1,33,2026-05-28,0.19,1,179,9,
385701,"Terrace house in Stockholm, Farsta",1930434,1462582059803339644,Alex,,Farsta,59.24891,18.0952,Entire home/apt,,8,9,2024-07-31,0.07,1,0,0,
438129,Bunk bed close by Alvsjo Exhibition,914316,1462515093168601298,Ea,,Enskede-Årsta-Vantörs,59.26424,18.02277,Private room,741,1,51,2026-06-14,0.30,3,320,6,
442837,Modern room in Stockholm with great communication,2200827,1462588910016718968,Jo,,Hägersten-Liljeholmens,59.310410933554515,18.02404045094815,Private room,1014,4,104,2025-09-06,0.60,1,11,3,
451155,Spacious house in Stockholm,2240860,1462589917891509341,Malin,,Enskede-Årsta-Vantörs,59.28003,18.05527,Entire home/apt,2511,3,26,2026-06-14,0.16,1,34,1,
475409,CHARMING 1 Bed Room in City Center (share),2356697,1462592920734925661,Cor,,Södermalms,59.31412,18.08274,Private room,586,3,41,2017-06-29,0.24,1,101,0,
539747,"Lovely villa, with cinema, gym and jacuzzi!",2651868,1462603864355205475,Helena,,Skarpnäcks,59.2783119,18.1181517,Entire home/apt,3462,6,6,2025-08-18,0.17,1,256,1,
556363,Spacious apartment at top location,2735709,1462606529025586920,Lennard,,Norrmalms,59.34142,18.03668,Entire home/apt,,3,47,2026-03-23,0.35,1,3,3,
560308,Great 2 bedroom apartment Stockholm,2755002,1462607094565911364,Checkin,,Bromma,59.33536,17.97669,Entire home/apt,2303,3,16,2025-06-13,0.09,3,278,0,
565912,Savor Sea Views at a Sweet Retreat with Heaving Bookshelves,2782963,1462608212863133973,Patrik,,Hägersten-Liljeholmens,59.31711,18.00519,Entire home/apt,,4,31,2025-07-05,0.20,1,3,1,
568341,Junior 1 bedroom Apartment Stockholm 2,2755002,1462607094565911364,Checkin,,Kungsholmens,59.33583,18.02983,Entire home/apt,1935,1,57,2026-06-06,0.44,3,321,9,
581243,Great Room in City Center,2860556,1462610878500426457,Edwin,,Östermalms,59.34106,18.09009,Private room,573,1,839,2026-07-01,4.93,1,2,65,
708979,Mysig lägenhet nära stad och natur,1842108,1462579799165950652,Samuel,,Skarpnäcks,59.292661,18.11225,Entire home/apt,,10,14,2025-08-09,0.08,1,8,2,
739726,Cozy apartment at Södermalm/SOFO,2400487,1462594087992762886,Ulla,,Södermalms,59.31442,18.07988,Entire home/apt,,3,113,2025-11-02,0.68,1,1,7,
747694,2 rooms and kitchen in the heart of Stockholm,3925720,1462642767280992936,Martin,,Södermalms,59.31573,18.07702,Entire home/apt,4223,1,3,2026-06-13,3,1,315,3,
748847,Gorgeous apartment with balcony in 1885 building,3934547,1462642992208162315,Heath,,Södermalms,59.31547,18.07631,Entire home/apt,814,42,18,2021-06-04,0.11,1,149,0,
755843,Nice apartment in the city center,3978910,1462644115876988826,Pär,,Kungsholmens,59.32881,18.03559,Entire home/apt,1790,2,274,2026-06-25,2.13,1,299,43,
776012,Old town flat with a fantastic view,4093218,1462647214895644045,Majken,,Södermalms,59.32518,18.07087,Entire home/apt,,28,65,2026-01-09,0.40,1,0,10,
776155,Unique exclusive quiet penthouse/loft,3963441,1462643737068173595,Ann-Sofie,,Norrmalms,59.34353,18.05081,Entire home/apt,2967,5,20,2018-10-09,0.12,1,117,0,
838442,City Backpackers  - 6 Bed Apartment with Sauna,4380521,1462535254779793240,City Backpackers,,Norrmalms,59.33593,18.05542,Entire home/apt,2903,1,94,2026-05-24,0.75,3,184,4,
845365,"Room near forest/beach, 20 min to city center.",4174933,1462649440550689555,Mae Jane And Mich,,Skärholmens,59.29578,17.92813,Private room,1758,1,62,2026-06-15,0.43,2,261,7,
855338,"Modern Apartment, Central Stockholm",1663234,1462564420974209582,Daniel,,Norrmalms,59.35019,18.05544,Entire home/apt,1853,6,4,2014-06-20,0.02,1,364,0,
858902,Single room-city centre of Sthlm G,4495747,1462658959883599120,Lotta,,Östermalms,59.33884,18.08536,Private room,1182,2,70,2026-06-14,0.44,1,10,8,
862528,Villa in quiet green neighborhood close to city,4521402,1462536009734549484,Arne,,Hägersten-Liljeholmens,59.29639,17.95881,Entire home/apt,,4,16,2020-01-04,0.10,1,0,0,
897584,"Charming, rural apt near Södermalm",1552575,1462561493786319579,Viveka,,Hägersten-Liljeholmens,59.30136,17.98823,Entire home/apt,,3,46,2023-12-21,0.28,1,0,0,
903577,Närhet till Globen och Tele2 arena och City,4830362,1462666337679956372,Jeanette,,Enskede-Årsta-Vantörs,59.28674,18.0953,Private room,1268,1,47,2026-06-13,0.38,1,49,8,
954832,Central Stockholm studio - also for longer stays,4059782,1462646312477784687,Mikael,,Kungsholmens,59.33567,18.03108,Entire home/apt,1694,3,384,2026-06-17,2.39,1,289,37,
1031021,Lägenhet på övervåning i en villa,5488033,1462682019200249560,Jeanette,,Älvsjö,59.28571,17.99076,Entire home/apt,2283,1,4,2026-05-13,0.54,2,325,4,
1048260,Charming & bohemic 1 bedroom flat,5770735,1462689129329402356,Annika,,Skarpnäcks,59.29782,18.08865,Entire home/apt,1113,1,108,2026-05-31,0.68,1,290,5,
1054406,Spacious safe scenic near Stockholm,5806608,1462542441688945347,Thomas,,Älvsjö,59.27347,17.958,Entire home/apt,1766,3,252,2026-06-08,1.82,1,200,21,
1096827,Charming flat in the Garden-suburb,6027093,1462695830026169197,Anita,,Enskede-Årsta-Vantörs,59.28454,18.0866,Entire home/apt,1141,4,73,2026-06-12,0.46,1,30,4,
1153177,Lovely Apartment Central Stockholm,6319741,1462703432612186503,Terry,,Östermalms,59.34453,18.08507,Entire home/apt,4108,5,186,2026-06-24,1.17,1,323,14,
1166419,Central apartement in Stockholm!,6387456,1462705172288924640,Margit,,Norrmalms,59.34858,18.05753,Entire home/apt,1369,5,19,2026-06-13,0.12,1,16,1,
1170669,House with garden close to city,6409405,1462705693001135110,Jennie,,Enskede-Årsta-Vantörs,59.28332,18.04978,Entire home/apt,2339,4,21,2026-06-27,0.13,1,219,6,
1170802,Ljust rum nära city,5809604,1462542455111744346,Petra,,Skarpnäcks,59.28822,18.10161,Private room,,3,6,2022-09-17,0.12,1,0,0,
1173290,Great attic quiet apt in SthlmCity,6422311,1462706037679141168,Christian,,Norrmalms,59.34001,18.02843,Entire home/apt,,28,23,2015-08-10,0.15,2,333,0,
1234960,"Amazing, child friendly house with  large garden",6246528,1462544655392593171,Jacob,,Enskede-Årsta-Vantörs,59.28009,18.06047,Entire home/apt,4054,1,122,2026-06-14,0.81,1,188,13,
1250227,Idyllic apartment in central Stockh,6812616,1462715876938485733,Per,,Östermalms,59.34252,18.07105,Entire home/apt,260,90,21,2019-04-05,0.13,1,246,0,
1254130,Attic in the heart of Stockholm,6832481,1462716396230856525,Amalia,,Norrmalms,59.34153,18.06322,Entire home/apt,2397,2,50,2026-06-19,0.32,1,38,7,
1255668,"Seawiew, and a private terrace - 15 min to city!",6839874,1462547517374277784,Sandra,,Kungsholmens,59.32357,17.98983,Entire home/apt,3036,5,36,2025-08-09,0.23,1,322,2,
1262188,Sunny Södermalm - central family apartment!,6873897,1462717466486030557,Karin,,Södermalms,59.31169,18.06382,Entire home/apt,,3,84,2026-05-17,0.53,1,7,10,
1263558,101 sqm in central Stockholm,6879406,1462717607755470863,Carl,,Norrmalms,59.34607,18.06306,Entire home/apt,2823,11,13,2025-08-16,0.10,1,221,1,
1267540,Cozy family flat in Hornstull,6305220,1462703064492352247,Nalvia,,Södermalms,59.31695,18.03074,Entire home/apt,,5,4,2024-08-03,0.05,1,0,0,
1307331,Nice townhouse close to Stockholm C,7107147,1462723629048056960,Marcus,,Hägersten-Liljeholmens,59.30438,17.96837,Entire home/apt,2594,3,25,2019-12-28,0.16,1,308,0,
1323752,90 m2 family flat mid Södermalm,7185274,1462725563212343346,Linda,,Södermalms,59.31323,18.05996,Entire home/apt,2617,6,4,2014-11-15,0.03,1,45,0,
1326959,Cozy beautiful flat in Södermalm,7201533,1462559758163319172,Kajje,,Södermalms,59.30876,18.06514,Entire home/apt,367,3,66,2024-01-01,0.42,1,48,0,
1369232,Nice room close to downtown,7425669,1462560816139615721,Håkan,,Skarpnäcks,59.29562,18.09225,Private room,571,2,124,2026-06-23,0.79,1,226,3,
1469714,A unique eco townhouse in Stockholm,4361489,1462654835493126455,Jonas,,Skarpnäcks,59.28659,18.11973,Entire home/apt,3766,3,91,2026-04-12,0.59,1,186,7,
1486023,Newly renovated and close to metro.,7948578,1462745322574074526,Amaniel,,Skarpnäcks,59.26545,18.13086,Private room,440,2,217,2026-06-17,1.39,1,337,8,
1526905,Townhouse in beautiful Stockholm,8127405,1462749850708993303,Susanna & Markus,,Skärholmens,59.27477,17.8875,Entire home/apt,1968,5,17,2025-08-13,0.14,1,12,3,
1545184,Stunning apartment with magic view,8234420,1462752568712384653,Ulf,,Hägersten-Liljeholmens,59.30034,17.98018,Entire home/apt,1762,6,0,,,1,177,0,
1553258,1909's charming house with garden,8271834,1462753532724192520,Annette,,Enskede-Årsta-Vantörs,59.28395,18.09045,Entire home/apt,,4,16,2019-07-23,0.11,1,0,0,
1578027,1/4-Student/Int-ship-room 15 min to Stockholm City,8387566,1462767137306718098,Mats,,Hägersten-Liljeholmens,59.30522,17.97684,Private room,111,25,19,2026-05-27,0.14,4,170,2,
1590268,1934 Villa | Sauna & Garden | 11 guests,1744471,1462520087958980378,Tomas,,Enskede-Årsta-Vantörs,59.28507,18.07657,Entire home/apt,3315,2,24,2024-07-24,0.18,1,94,0,
1595682,Charming old town apartment,7262219,1462727487835610668,Charlie,,Södermalms,59.32443,18.07014,Entire home/apt,2170,3,269,2025-02-22,2.05,1,81,0,
1634582,Stay in the unique Old town!,8682987,1462773689611662918,Annika,,Södermalms,59.32465,18.07507,Entire home/apt,2176,3,368,2026-06-26,2.58,1,224,48,
1647364,Loft situated in a charming area.,8729335,1462566376162947077,Elisabet,,Södermalms,59.31311,18.08324,Entire home/apt,2537,2,225,2025-01-28,1.59,1,11,0,
1695375,Room for two in Hornstull,6258710,1462701925968765833,Jennie,,Hägersten-Liljeholmens,59.30509,18.01309,Private room,811,2,48,2019-06-04,0.31,1,95,0,
1698887,Spacious flat in central Stockholm,8971123,1462567489582088614,Mia,,Södermalms,59.31729,18.06978,Entire home/apt,,3,11,2025-06-02,0.08,1,0,0,
1832274,Master bedroom with own shower and living room.,9582412,1462570228226504784,Olivia,,Norrmalms,59.34187,18.06158,Private room,965,1,53,2026-06-21,0.44,1,22,4,
1909266,Modern lake front villa with large pool,515561,1462520458639826239,Stefan,,Älvsjö,59.27087,17.971,Entire home/apt,8282,7,10,2022-08-20,0.07,1,263,0,
1965660,Mysig boende i Örby Slott,10153471,1462832982725889756,Sven,,Älvsjö,59.2815836,18.0275256,Entire home/apt,1256,2,70,2026-06-14,2.02,2,226,20,
1976424,Spacious family villa - Bromma,10193488,1462833979664641704,Magnus,,Bromma,59.32428,17.93339,Entire home/apt,,3,2,2015-08-15,0.01,1,0,0,
1981087,Quiet room nearby nature and town,6339311,1462703929975488275,Ulrike,,Skärholmens,59.29226,17.92663,Private room,962,2,128,2026-06-13,0.85,2,339,10,
1987813,Cosy place near nature and town,6339311,1462703929975488275,Ulrike,,Skärholmens,59.29336,17.92649,Private room,1073,2,72,2026-06-23,0.48,2,361,4,
2015509,Large colorful and bright family home,9028233,1462793109908318463,Filip,,Södermalms,59.31778,18.03846,Entire home/apt,,4,58,2022-08-05,0.39,1,0,0,
2105577,"Familjelägenhet  nära City, restauranger och natur",10734409,1462848374134965462,Peter,,Skarpnäcks,59.27549,18.13129,Entire home/apt,,9,5,2023-07-24,0.05,1,0,0,
2161404,Spacious 3 room flat on Södermalm,784410,1462529320397305501,Karin,,Södermalms,59.30883,18.0631,Entire home/apt,3995,1,16,2026-06-15,0.14,1,7,7,
2166026,Stockholm house close to fair/town,4455221,1462657923136378796,Janu,,Enskede-Årsta-Vantörs,59.26965,18.06399,Entire home/apt,4632,2,305,2026-06-02,2.09,2,277,13,
2176443,Live Local in Charming Södermalm: cafés & walks,3429907,1462629177752454447,Ella,,Södermalms,59.31691,18.06119,Private room,524,6,88,2026-05-24,0.58,1,60,8,
2190867,Charming and spacious with balcony,11173110,1462577499380325509,Carina,,Södermalms,59.31128,18.06236,Entire home/apt,5706,2,155,2026-06-21,1.03,1,3,12,
2241162,Stylish flat in upscale city centre,10152883,1462832971487184747,Martina,,Norrmalms,59.34782,18.06229,Entire home/apt,,7,12,2024-08-13,0.08,1,0,0,
2418718,Spacious four room appartment,6843582,1462716720057213045,Johanna,,Skärholmens,59.30052,17.93964,Entire home/apt,,2,4,2014-08-15,0.03,1,0,0,
2450331,Central apartment,12529935,1462889843184828194,Mikael,,Norrmalms,59.34496,18.05438,Entire home/apt,1548,3,303,2026-06-28,2.34,1,257,34,
2466035,Central lägenhet,12608827,1462891665158324810,Anna,,Kungsholmens,59.33677,18.0272,Entire home/apt,1211,7,7,2018-09-16,0.05,1,331,0,
2472739,Lovely room - great location!,12646214,1462892496796574308,Barbara,,Kungsholmens,59.32862,18.02859,Private room,1142,1,72,2026-06-14,0.49,1,9,6,
2498868,Sea side house 10 min from Stockholm city,1362639,1462543784910734344,Henrik,,Norrmalms,59.33037567138672,18.064674377441406,Entire home/apt,,1,0,,,1,0,0,
2557713,Amazing 3 BR.Perfect for families!,6944102,1462719495343252976,Marie,,Södermalms,59.31434,18.06096,Entire home/apt,4177,3,158,2026-06-25,1.06,1,162,12,
2569100,Charming house close to city centre,9900158,1462826479720345411,Sophie,,Bromma,59.34657,17.90419,Entire home/apt,2145,7,25,2018-08-14,0.17,1,327,0,
2580932,Room for 5+ in house in Stockholm,914316,1462515093168601298,Ea,,Enskede-Årsta-Vantörs,59.26434,18.02232,Entire home/apt,,1,1,2015-07-05,0.01,3,0,0,
2589346,Close to city & nature. Calm area.,2203983,1462589003221461655,Annelie,,Hägersten-Liljeholmens,59.3088,17.9891,Private room,307,30,15,2024-08-11,0.11,1,99,0,
2638846,Wonderful suburban villa,13513175,1462912944093849052,Lina,,Skarpnäcks,59.27644189999999,18.114881,Entire home/apt,,5,9,2025-08-04,0.25,1,0,3,
2639392,Bright cozy room in Stockholm!,3418393,1462628838852781127,Teresia,,Farsta,59.26278,18.07926,Private room,588,2,123,2025-08-20,0.85,1,211,1,
2650231,"Apartment Södermalm, Stockholm",13566516,1462914200025104638,Ella,,Södermalms,59.3201,18.05927,Entire home/apt,2321,3,32,2023-11-19,0.29,1,105,0,
2668289,3R apt close to Södermalm,13658686,1462918538937778674,Elin,,Södermalms,59.30192,18.09829,Entire home/apt,,3,114,2026-06-08,0.77,1,1,4,
2682351,Spacious and comfortable room in central Stockholm,13731960,1462587538068605961,David,,Norrmalms,59.34739540267094,18.04627356224557,Private room,847,3,163,2026-06-20,1.10,1,14,4,
2695984,Magic Trendy City Flat &lt;3,13799080,1462923226008191944,Evelyn,,Södermalms,59.30755,18.08037,Entire home/apt,1491,1,204,2026-06-22,1.38,1,182,11,
2715352,Charmig lägenhet Långholmskanalen 5 pers,13894935,1462925752483345827,Lina,,Södermalms,59.31954,18.03451,Entire home/apt,,4,58,2025-08-17,0.40,1,8,4,
2729363,"Stor villa, nära stad och vattnet, med boulebana",13967715,1462927381561444980,Eric,,Bromma,59.33831894360351,17.966414450750715,Entire home/apt,3538,2,17,2026-06-04,0.47,1,348,5,
2776433,Cozy House close to the city,14196669,1462932788516107281,Linnea,,Farsta,59.2695,18.08182,Entire home/apt,2283,1,10,2025-08-09,0.33,1,211,2,
2852016,Perfect familyhouse close to city,14583146,1462942053079801647,Gustav,,Älvsjö,59.27538,17.97923,Entire home/apt,2409,3,5,2015-08-08,0.03,1,20,0,
2856241,Charming 4-bedroom apt Sthlm City,14602075,1462942490283441721,Malin,,Norrmalms,59.33725,18.05207,Entire home/apt,4240,2,97,2026-06-24,0.66,1,52,10,
2896442,Wonderful house close to the city centre,12286132,1462884261232037791,Lina,,Enskede-Årsta-Vantörs,59.280986255243775,18.093288503587246,Entire home/apt,5497,2,0,,,1,44,0,
2906312,Sunny balcony close to town,8912192,1462790130595531368,Patrik,,Enskede-Årsta-Vantörs,59.27403,18.05435,Entire home/apt,203,30,73,2025-12-20,0.50,1,86,3,
2917399,"Stockholm, SOFO; near Old Town.",679557,1462525925766220595,Lars Anders Mikel Demian,,Södermalms,59.31079,18.08625,Entire home/apt,,4,12,2026-06-30,0.09,1,0,2,
2942951,Charming room in retro style apartment,15024927,1462952450411116370,Miriam,,Södermalms,59.30904,18.06941,Private room,,4,10,2023-07-13,0.07,1,0,0,
2951723,"2 rooms, top floor, beautiful view!",2718297,1462605763448191882,Linda,,Södermalms,59.31896,18.04218,Entire home/apt,,5,10,2023-08-05,0.07,1,0,0,
3008038,Spacious 3 room apt on Södermalm,4306005,1462653235739537210,Fredrik,,Södermalms,59.30812,18.06417,Entire home/apt,4945,3,59,2026-05-18,0.40,1,291,4,
3036203,"Urban, trendy studio in SoFo.",15463422,1462962915968392581,Malin,,Södermalms,59.30991,18.08358,Entire home/apt,,2,34,2024-05-20,0.23,1,0,0,
3039106,"A one-of-a-kind apartment, overlooking the park",6790299,1462715353811319011,Magnus,,Norrmalms,59.3424,18.04475,Entire home/apt,,4,54,2026-04-10,0.37,1,1,8,
3092308,Urban/Nature Stockholm,4736776,1462664403122723440,Björn,,Hägersten-Liljeholmens,59.31377,18.01204,Private room,869,2,155,2026-05-30,1.05,1,21,8,
3101290,House with  garden in lovely Enskede,14369794,1462937069413126990,Anna,,Farsta,59.26879,18.07823,Entire home/apt,3282,6,17,2025-08-08,0.13,1,178,1,
3108437,3/4-Student/Int-ship-room 15 min to Stockholm City,8387566,1462767137306718098,Mats,,Hägersten-Liljeholmens,59.30627,17.97628,Private room,111,47,10,2022-06-05,0.07,4,217,0,
3113785,Cozy Room Near Town & Nature!,9192286,1462807870322836828,Askar,,Skärholmens,59.29722,17.942,Private room,970,1,69,2017-11-04,0.47,1,362,0,
3132733,Idylliskt läge nära vattnet och Stockholm City,15907809,1462595864739547430,Emma,,Bromma,59.32256,17.93413,Entire home/apt,,3,13,2025-07-26,0.10,1,0,1,
3135540,Beautiful apartment in city centre,15921456,1462973882823243589,Jelena,,Södermalms,59.3193,18.07197,Entire home/apt,,1,22,2025-08-28,0.17,2,2,4,
3137206,Spacious apartment In the center of Stockholm,15928933,1462974044897397657,Caroline,,Södermalms,59.31686,18.04892,Entire home/apt,4594,3,19,2026-05-31,0.19,1,173,2,
3146273,Charming 3-room apartment,7992944,1462746476489540753,Elias,,Norrmalms,59.3403,18.03968,Entire home/apt,,7,22,2025-06-17,0.15,1,0,0,
3259719,Colorful flat in trendy Sofo,16485609,1462987788421317196,Arvid,,Södermalms,59.31306,18.09269,Entire home/apt,,5,14,2018-08-15,0.10,1,0,0,
3273835,"Spacious & cozy, near the water.",16554746,1462989388298458436,Sandra,,Södermalms,59.31687,18.03622,Entire home/apt,4536,1,23,2026-06-22,0.64,1,253,8,
3277477,City Backpackers - Comfortable 8-bed Apartment,4380521,1462535254779793240,City Backpackers,,Norrmalms,59.33595,18.05487,Entire home/apt,2980,1,96,2025-11-16,0.67,3,114,3,
3317337,Three storeys in Old town townhouse,10692460,1462847319576339415,Henrik,,Södermalms,59.323811,18.071344,Entire home/apt,5857,2,91,2026-06-09,0.62,3,35,23,
3322916,Bright 3 room apartment,16776647,1462994769862692336,Ricky,,Enskede-Årsta-Vantörs,59.29735,18.07939,Entire home/apt,1268,3,150,2026-06-22,1.03,1,22,17,
3332427,"Cozy & stylish flat, Old town Sthlm",10692460,1462847319576339415,Henrik,,Södermalms,59.32381,18.07134,Entire home/apt,2091,2,192,2026-06-12,1.95,3,195,21,
3339466,Fantastisk lägenhet på Kungsholmen,16856777,1462996629634826361,Gustaf,,Kungsholmens,59.33272,18.01685,Entire home/apt,,5,26,2025-08-11,0.21,1,0,3,
3351967,Beautiful perfectly located flat,16913413,1462997932927763782,Anna,,Kungsholmens,59.33082,18.03923,Entire home/apt,3538,5,42,2025-12-30,0.29,1,30,5,
3385563,"Artistic Studio, Central Stockholm",3977573,1462644095535384487,Sara,,Södermalms,59.31806,18.04668,Entire home/apt,2103,3,27,2026-06-13,0.19,1,101,4,
3401995,"Lantlig city-lgh, nära till vatten",17151971,1463003364729913810,Anna,,Kungsholmens,59.31936,17.98259,Entire home/apt,2542,1,0,,,1,353,0,
3410275,Own room in 2-bedroom flat,16809440,1462995497285211061,Monica,,Enskede-Årsta-Vantörs,59.30232,18.04689,Private room,661,1,106,2026-06-14,0.73,1,27,7,
3456230,A modern three bedroom flat near water,15071959,1462953506402671239,Anna,,Hägersten-Liljeholmens,59.30727,18.0274,Entire home/apt,,4,5,2019-08-06,0.03,1,0,0,
3471610,Very central Stockholm apartment,17412048,1463009510617906620,Elinor,,Norrmalms,59.34566,18.05266,Entire home/apt,,3,11,2023-09-15,0.08,1,0,0,
3475703,Cosy apartment in Södermalm,8121403,1462749700498182354,Ebba,,Södermalms,59.30833,18.06696,Entire home/apt,2380,2,42,2026-06-16,0.29,1,85,4,
3501347,Lovely flat with balcony!,17437011,1463010078522583326,Malin,,Norrmalms,59.34057,18.02811,Entire home/apt,,30,8,2018-08-31,0.06,2,0,0,
3505020,"Central, spacious room in hip Södermalm",17646606,1463015004466828715,Erik,,Södermalms,59.30463,18.08488,Private room,,1,1,2024-05-19,0.04,1,0,0,
3512239,Cozy apartment in a lovley area,4544741,1462660137412594748,Åsa,,Hägersten-Liljeholmens,59.30168,18.00901,Entire home/apt,,4,3,2019-08-02,0.02,1,0,0,
3682307,Renovated Apartment in SOFO 116km,18719400,1463060124584244503,Ingun,,Södermalms,59.30894,18.08553,Entire home/apt,2986,6,60,2026-06-24,0.41,1,9,4,
3695394,Quaint cottage near Sthlm center,9149554,1462796158582131048,Lena,,Enskede-Årsta-Vantörs,59.27396,18.03172,Entire home/apt,,4,91,2026-07-01,0.63,1,5,10,
3709938,Charming flat in beautiful Old Town,18720954,1462606968612813039,Maria And Family,,Norrmalms,59.32824,18.07552,Entire home/apt,,4,148,2026-06-29,1.02,1,0,6,
3754208,Old town with great view,7626050,1462736974529600009,Erik,,Södermalms,59.32429,18.06925,Entire home/apt,,300,40,2024-06-02,0.30,1,0,0,
3760267,Charming Apartment in Stockholm,19253706,1462608814966453122,Gabriela,,Hägersten-Liljeholmens,59.3015,18.0095,Entire home/apt,308,90,1,2025-02-16,0.06,1,173,0,
3869021,Luxurious Penthouse Apt (1700sqft),2537136,1462597797401955978,Jakob,,Södermalms,59.31801,18.03147,Entire home/apt,4424,8,32,2025-12-28,0.23,1,26,2,
3875790,Beautiful apartment - Södermalm,20026190,1463097067941262036,Malin,,Södermalms,59.31597,18.04632,Entire home/apt,3637,1,9,2017-01-11,0.06,1,41,0,
3892223,City/Room20sqm/Bed4sqm/Balcony5sqm,6422311,1462706037679141168,Christian,,Norrmalms,59.34011,18.03048,Private room,895,26,35,2019-09-29,0.24,2,365,0,
3914663,5.30 meter i takhöjd,20276258,1463103347777369575,Mia,,Norrmalms,59.34229,18.03599,Entire home/apt,4873,5,0,,,1,357,0,
3933634,Perfect city pad,20381576,1463106076078634427,Richard,,Östermalms,59.33752,18.07652,Entire home/apt,,500,3,2015-09-12,0.02,1,365,0,
3941361,Cozy apartment in central Stockholm,20423180,1463107231287539992,Elena,,Östermalms,59.3486,18.0642,Entire home/apt,1716,3,41,2026-06-22,0.29,1,9,1,
3955249,Lantligt & lugnt nära Älvsjömässan,1554143,1462561522560650987,Anitta,,Älvsjö,59.27829,17.9923,Entire home/apt,2939,3,12,2020-02-10,0.09,2,364,0,
3964741,Beautiful apartment in Stockholm,20548763,1463121864227897790,André,,Kungsholmens,59.33067,18.00413,Entire home/apt,,2,74,2023-07-30,0.61,1,0,0,
4006098,Boende i gamla Midsommarkransen,20771505,1463138083458887740,Anna,,Hägersten-Liljeholmens,59.30272,18.0053,Entire home/apt,2739,3,96,2025-08-12,0.68,1,149,2,
4027340,Villa with stunning lake views 15 mins from city,4068175,1462646504786464276,Florence,,Hägersten-Liljeholmens,59.30302429199219,17.95098304748535,Entire home/apt,,5,17,2023-07-24,0.12,1,0,0,
4046666,Top apartment - heart of Stockholm,3691991,1462637206584998639,Espen,,Norrmalms,59.3368,18.06503,Entire home/apt,2726,10,99,2023-11-17,0.69,1,183,0,
4163302,Top floor - balcony and fireplace (1.259 ft2),8774397,1462786694670167314,Björn,,Östermalms,59.33888,18.082,Entire home/apt,,2,62,2022-09-26,0.55,1,0,0,
4196702,Heart of Sofo,21771376,1463163586674559336,John,,Södermalms,59.3159,18.0858,Entire home/apt,,2,56,2020-11-23,0.52,1,0,0,
4224411,Quiet room in the city centre,7275386,1462727776895837722,Ewa,,Kungsholmens,59.3346,18.03524,Private room,1220,1,226,2026-06-26,1.62,1,335,27,
4266112,Cosy little house. with a garden.,22145903,1462620059389641063,Krister,,Älvsjö,59.26784,17.98297,Entire home/apt,1016,4,76,2026-06-27,0.59,1,137,10,
4317025,2 room apt near the Globen + City,22407158,1463179039637176389,Medet,,Farsta,59.27354,18.07057,Entire home/apt,4922,1,4,2015-08-28,0.03,1,365,0,
4345037,Charming villa in perfect spot,22557404,1463182683911867429,Sophia,,Bromma,59.32913,17.97592,Entire home/apt,5350,4,57,2025-10-29,0.43,1,277,6,
4510321,City and park close apartment,21776338,1463163721869845731,Therese,,Östermalms,59.33986,18.06795,Entire home/apt,,4,14,2024-07-22,0.10,1,0,0,
4560935,Next to Slussen close to everything,7735109,1462739834303263079,Tove,,Södermalms,59.3185,18.07243,Entire home/apt,,3,2,2016-11-07,0.02,1,0,0,
4567286,"Cozy apt in Kungsholmen, Stockholm",23674901,1465276898879248773,Ana Elisa,,Kungsholmens,59.33119,18.03791,Entire home/apt,,3,54,2026-02-23,0.39,1,4,8,
4569241,Room close to Stockholmsmässan and Stockholm city,23686285,1465277051998595254,Johanna,,Älvsjö,59.27646,17.99988,Private room,,1,29,2024-12-08,0.21,2,0,0,
4723486,Cosy 58m2 in SOFO with balcony!,6437888,1462706416984133432,Jezzica,,Södermalms,59.314404,18.081444,Entire home/apt,2313,2,99,2026-06-28,0.74,1,6,10,
4736291,Modern OldStyle Central Apartment,24451565,1465302178931941944,Karin,,Norrmalms,59.34921,18.05905,Entire home/apt,5706,2,18,2023-08-21,0.13,1,90,0,
4760460,Townhouse by the waterfront,24563562,1465306586114266381,Cecilia And Anders,,Södermalms,59.3062,18.09804,Entire home/apt,,1,66,2018-11-03,0.48,1,0,0,
4808886,Mysig sekelskifteslägenhet Hornstull,24768573,1465314242839698419,Anna,,Södermalms,59.31982,18.03371,Entire home/apt,2331,7,15,2025-07-25,0.31,1,8,3,
4831733,Cute Island Apt Close to Sthlm City,24872682,1465322048631675353,Frida,,Södermalms,59.31879,18.02337,Entire home/apt,,3,59,2024-05-20,0.42,1,0,0,
4927639,"Bright, spacious apartment, close to Södermalm",2352109,1462592804960590986,Jakob,,Skarpnäcks,59.29675,18.10338,Entire home/apt,1655,1,33,2026-05-02,0.34,1,95,4,
5044485,Modern n cosy in Södermalm,26043221,1465354347446265284,Johan,,Södermalms,59.31421,18.06262,Entire home/apt,1888,3,74,2026-04-26,0.54,1,39,9,
5114108,Private room in a charming shared apartment,26424883,1462637307926005214,Marco,,Kungsholmens,59.33351,18.0167,Private room,,1,37,2023-07-09,0.39,1,0,0,
5117906,Nice room in quiet area and close to subway,26423576,1465366538327235338,Patrik,,Bromma,59.34482,17.8878,Private room,877,2,40,2026-06-23,0.30,1,67,6,
5135270,Three rooms and a lovely balcony!,26545864,1465368488924784857,Conny,,Södermalms,59.31928,18.03686,Entire home/apt,,3,112,2025-07-09,0.82,2,0,1,
5147517,Modern och mysig villa med pool nära Stockholm C,26614020,1465369889517989785,Karin,,Farsta,59.27164,18.0876,Entire home/apt,7142,1,18,2026-05-31,0.21,1,324,3,
5273978,"Urban flat in Södermalm, Stockholm",27300819,1465403003126621869,Camilla,,Södermalms,59.31408,18.06405,Entire home/apt,4850,1,4,2026-05-30,0.03,1,28,1,
5289254,Two-bedroom in Vasastan,25985813,1465353394079894884,Hanna,,Norrmalms,59.34482,18.03429,Entire home/apt,1343,5,29,2026-01-04,0.21,1,22,3,
5296050,Wonderful penthouse in the heart of Stockholm,27428901,1465404922353197311,Eva,,Södermalms,59.31791,18.05317,Entire home/apt,,6,10,2025-10-13,0.09,1,0,3,
5348547,Charming apt in The National Park,23178281,1465269705123425311,Henrik,,Östermalms,59.3727,18.0539,Entire home/apt,1461,7,9,2025-08-05,0.07,1,113,1,
5362220,New production apartment of 60 sqm  in Kungsholmen,27797274,1465410266941746916,Orhan,,Kungsholmens,59.337,18.01438,Entire home/apt,,1,47,2022-04-07,0.36,1,0,0,
5496444,spacious renovated 4 room apartment,28506733,1465420733819123159,Jana,,Södermalms,59.31723,18.03132,Entire home/apt,3126,6,20,2025-07-24,0.15,1,42,2,
5559364,Stort lyxigt rum 15 min till city,28820921,1465425063829816848,Kerstin,,Hägersten-Liljeholmens,59.30024,17.95386,Private room,685,3,228,2026-06-28,1.67,1,297,31,
5574577,Lakeside B&B close to city center,28169993,1465416010442715867,Maria  & Per,,Älvsjö,59.26559,17.97722,Private room,,1,53,2024-05-19,0.39,1,0,0,
5636187,Mitt i Stockholm nära Djurgården,29210804,1465430467305299252,Kristina,,Östermalms,59.33326,18.08706,Entire home/apt,,3,41,2024-09-01,0.31,1,0,0,
5655177,Hip and heavenly Hammarby Höjden!,27281864,1465402782415221717,John,,Skarpnäcks,59.29552,18.10523,Private room,429,30,3,2025-06-08,0.02,2,271,0,
5679841,Family-friendly apartment,29447655,1465433544648217621,Ilia,,Södermalms,59.31803894042969,18.02950096130371,Entire home/apt,,2,22,2025-08-04,0.16,1,6,6,
5690367,Modern 2 bedroom apt in Hornstull,29501426,1465434267415310809,Sara And Henrik,,Södermalms,59.31584,18.03668,Entire home/apt,,4,11,2018-07-09,0.08,1,0,0,
5690866,2 bedroom apt in trendy Södermalm,29502286,1465434274908171518,Görel,,Södermalms,59.31132,18.05105,Entire home/apt,,90,20,2026-06-17,0.15,1,88,2,
5711903,Family house 35 min from center,1993266,1462583605105051949,Stephane,,Skärholmens,59.28119,17.8899,Entire home/apt,,3,18,2023-08-11,0.13,1,2,0,
5723567,2 bedroom apt. Hammarby Sjöstad ter,19147433,1463070619599812344,Pia,,Södermalms,59.30444,18.11389,Entire home/apt,,60,0,,,1,0,0,
5727549,"Charming, soulful house Stockholm, close to lake.",7136111,1462724335875645278,Susanne,,Älvsjö,59.27554,17.98705,Entire home/apt,2557,2,45,2026-06-14,0.34,3,143,3,
5744579,"Historic home, nice garden close to Stockholm city",26221255,1462636586293165420,Thomas,,Bromma,59.34068,17.98085,Entire home/apt,4275,5,51,2026-06-14,1.05,1,22,11,
5757636,"Heart of Stockholm, nice view",27209433,1465401777938783888,Mats,,Kungsholmens,59.32963,18.02948,Entire home/apt,3462,6,11,2025-07-22,0.08,1,134,1,
5845675,Nice apartment in charming area,481238,1462519450920403393,Emma,,Hägersten-Liljeholmens,59.29981,18.00533,Entire home/apt,1792,2,23,2026-06-12,0.17,1,211,5,
5948850,Eco-Village B&B 12min to city centre,5655406,1462686100741310698,⁨Uffe (Ulf Nils)⁩,,Skarpnäcks,59.28772,18.12194,Private room,970,2,277,2026-06-10,2.13,3,15,9,
5955089,Eco-village Nature B&B 12 min city centre,5655406,1462686100741310698,⁨Uffe (Ulf Nils)⁩,,Skarpnäcks,59.28772,18.12194,Private room,,2,203,2025-12-16,1.69,3,0,1,
5955651,Eco-Village room B&B 12min to  city centre,5655406,1462686100741310698,⁨Uffe (Ulf Nils)⁩,,Skarpnäcks,59.28772,18.12194,Private room,1141,3,272,2026-06-15,2.40,3,21,13,
5961818,Cozy bedroom/kitchen suite,27281864,1465402782415221717,John,,Skarpnäcks,59.29447,18.10471,Private room,70,120,3,2024-08-31,0.02,2,362,0,
5968420,Hip apartment on Södermalm,342364,1462516172649044192,Nina,,Södermalms,59.31732,18.07168,Entire home/apt,,3,78,2025-08-17,0.58,1,0,2,
5974467,Soul Corner,15100843,1462954222210367385,André And Gunilla,,Skarpnäcks,59.26684967872894,18.138782572286118,Entire home/apt,1142,2,109,2026-06-29,2.95,1,202,56,
5981665,Spacious apartment on Södermalm,24899546,1465323043556101096,Sebastiaan,,Södermalms,59.31155,18.06321,Entire home/apt,,10,14,2017-07-23,0.11,1,0,0,
6054737,Stylish 2 room Old Town flat - MARTA,8547277,1462770124768695248,Tom,,Södermalms,59.32497,18.07429,Entire home/apt,3419,2,319,2026-06-18,2.38,9,246,3,
6103935,Seaview apartment with balcony,21887573,1463166341559251208,Jenny,,Kungsholmens,59.32939,18.00507,Entire home/apt,1484,1,5,2026-06-24,3.33,1,27,5,
6126237,Luxury Suite with 4 bedrooms: Prestige,31783855,1465466941194125459,Residence,,Södermalms,59.32401,18.07244,Entire home/apt,12161,2,126,2026-06-17,0.94,9,275,13,
6161942,Cozy 4br house near the center,30060430,1465442781987615360,Larissa Hällefors,,Spånga-Tensta,59.38511,17.88042,Entire home/apt,,3,1,2015-07-29,0.01,1,0,0,
6168772,"Large, bright, unique apartment",30107545,1465443395476427451,Ylva,,Enskede-Årsta-Vantörs,59.30199,18.03596,Entire home/apt,2106,1,44,2025-08-01,0.33,1,42,1,
6242152,TWO ETAGE APP AT KUNGSHOLMEN STORA ESSINGEN STOCKH,20737617,1462614365868896491,Roger,,Kungsholmens,59.32131,17.98745,Entire home/apt,2216,3,91,2026-06-10,0.69,1,310,6,
6242179,Luxurious 3 bedroom penthouse with sea view,471592390,1487978417955120996,Lisa,,Kungsholmens,59.31905,17.98854,Entire home/apt,3822,1,11,2025-07-19,0.23,1,289,2,
6287416,1-bedroom apartment very close to subway,32685182,1465479288860777153,Birgitta,,Enskede-Årsta-Vantörs,59.29622,18.03982,Entire home/apt,1380,4,50,2025-05-21,0.41,1,305,0,
6294330,Two floor apartment at Södermalm,32730118,1465479874375478772,Ann,,Södermalms,59.3152522,18.0553994,Entire home/apt,2016,3,17,2026-01-05,0.13,1,78,3,
6310727,Delightful apartment with balcony,3717659,1462637835921297249,Kenneth,,Skarpnäcks,59.291851,18.106318,Entire home/apt,,2,66,2026-06-22,0.49,1,0,6,
6312515,"House in Stockholm, nature & lakes!",32838958,1465481228195533791,Sofi,,Skarpnäcks,59.27544,18.14469,Entire home/apt,1735,6,29,2025-06-30,0.22,1,331,1,
6321620,Villa Nobel - Stor villa med pool,27149986,1465400970736524207,Jonas,,Bromma,59.3253,17.92965,Entire home/apt,3742,5,55,2025-07-30,0.41,1,218,1,
6332865,In the city center with patio,32966646,1465482864537651791,Emelie,,Norrmalms,59.34457,18.04484,Entire home/apt,,4,6,2019-03-07,0.05,1,0,0,
6340185,"Cosy, green and artsy apartment",7775558,1462740871787598264,Gregor,,Kungsholmens,59.32308,18.00348,Entire home/apt,,3,49,2023-04-19,0.36,1,0,0,
6367576,A sweet place,3048459,1462616289254663436,Jeanette,,Enskede-Årsta-Vantörs,59.28028,18.09555,Entire home/apt,,14,27,2019-01-31,0.20,1,0,0,
6370777,Room at Odenplan,16739269,1462993906713510828,Ture,,Norrmalms,59.3439,18.05092,Private room,411,2,654,2026-06-19,4.88,1,34,42,
6374267,Cool place close to town,33217257,1465486422188970935,Robert,,Farsta,59.27098,18.06731,Entire home/apt,,1,0,,,1,0,0,
6379429,Lovely Room with Private Balcony in Prime Location,20770158,1463138064246596829,Maria,,Östermalms,59.33470070000001,18.0846967,Private room,1255,6,13,2026-06-07,0.92,1,45,11,
6385046,Family friendly house with garden close to City,32504025,1465476996548231087,Anna,,Skarpnäcks,59.28464,18.10543,Entire home/apt,,3,29,2024-07-28,0.25,1,0,0,
6426170,Family home close to the city,30533848,1465449312923431400,Stina,,Bromma,59.34828,17.90942,Entire home/apt,,3,27,2025-08-09,0.20,1,0,4,
6435900,Spacious apartment in Stockholm,12276416,1462884011442242563,Johanna,,Hägersten-Liljeholmens,59.29828,18.00514,Entire home/apt,,5,30,2022-07-27,0.23,1,2,0,
6447056,Cozy studio apt in Central Stockhom,33658433,1465492187375627886,Siem,,Norrmalms,59.33732,18.04871,Entire home/apt,,500,7,2015-07-29,0.05,1,365,0,
6450135,"Nice apartment, Slussen Södermalm",29535862,1465434728769478415,Stine,,Södermalms,59.31824,18.0701,Entire home/apt,,3,77,2020-02-29,0.57,1,0,0,
6488905,Lovely 2 room apt in trendy Hornstull,33911144,1465495645157763015,Julia,,Södermalms,59.31811,18.03536,Entire home/apt,,5,19,2020-02-27,0.14,1,0,0,
6498805,2 bedroom flat 7 min from central Stockholm,16947253,1462998683990254903,Jennie,,Östermalms,59.35553,18.08582,Entire home/apt,,2,28,2020-10-26,0.25,1,0,0,
6593570,The SoFo Studio - best location in Södermalm,34496094,1462665509430878875,Ulrika,,Södermalms,59.31413,18.07636,Entire home/apt,,3,31,2026-06-30,0.23,2,9,19,
6634949,Citynära 125 m2 med fyra sovrum,34728836,1465512300466423683,Jonas,,Norrmalms,59.3394,18.0516,Entire home/apt,,7,5,2025-07-01,0.06,1,0,0,
6639610,"Cozy studio, Amazing view, Nytorget",6977292,1462720317528621196,Aleksandra,,Södermalms,59.31259,18.08232,Entire home/apt,1674,3,379,2026-06-27,2.82,1,188,25,
6649100,Trendy Södermalm - Garbo's birthplace,568325,1462522019950868337,Simone,,Södermalms,59.309,18.07385,Entire home/apt,340,90,0,,,1,179,0,
6666105,Gustavia Apartment Floor 6,34891784,1465514859901373918,Gustavia Office AB,,Södermalms,59.32362,18.07248,Entire home/apt,2316,1,235,2026-06-07,1.83,3,302,27,
6666960,Refurbished Old Town Charm - FLORY,8547277,1462770124768695248,Tom,,Södermalms,59.32497,18.07437,Entire home/apt,3484,2,352,2025-10-14,2.63,9,226,3,
6719086,Quirky Ornaments and Mint Green Accents at an Arty Hideaway,35183741,1465519507004170650,Gustav,,Östermalms,59.33614,18.08132,Entire home/apt,1997,6,73,2026-05-05,0.54,1,249,2,
6727002,Stor villa - 15 minuter från Stockholm City,35226265,1465520444231790568,Peter,,Bromma,59.3291,17.92428,Entire home/apt,4975,7,0,,,1,288,0,
6737692,Beautiful large apartment in SOFO,35282886,1465521245337805418,Pia,,Södermalms,59.31382,18.08501,Entire home/apt,,5,23,2023-07-30,0.17,1,0,0,
6753639,Large Old Town Apt with terrace - CARL,8547277,1462770124768695248,Tom,,Södermalms,59.32497,18.07437,Entire home/apt,5251,2,443,2026-06-15,3.31,9,266,19,
6755691,"Top floor, Stockholm Skyline view.",35370344,1465522564459165405,Nicodemus,,Östermalms,59.34993,18.06496,Entire home/apt,,30,19,2022-06-30,0.14,1,0,0,
6762949,Beautiful 3 bedroom flat in the middle of town,35403064,1465523043876414585,Fredrik,,Kungsholmens,59.3238,18.00348,Entire home/apt,3195,3,3,2019-12-28,0.02,1,6,0,
6779145,Large and luxury villa close to the city centre,35488274,1465524352429821679,Johan,,Hägersten-Liljeholmens,59.30728,18.0018,Entire home/apt,,4,54,2025-08-16,0.45,1,9,4,
6793100,Large Old Town Rooftop Apartment - BALTZAR,8547277,1462770124768695248,Tom,,Södermalms,59.32497,18.07437,Entire home/apt,4277,2,307,2026-04-26,2.31,9,276,7,
6802116,Conveniently Located Private Room + Bathroom,10803826,1462849981548882815,Nadia,,Skärholmens,59.29277,17.93269,Private room,728,3,74,2025-08-27,0.55,1,310,7,
6821328,Charming house close to city centre,22831717,1463189533894836790,Petra,,Farsta,59.27841,18.0735,Entire home/apt,2597,5,55,2026-06-22,0.42,1,184,7,
6835834,Quality place  close to nature,4922434,1462537928542566026,Julia,,Skärholmens,59.27813,17.87429,Entire home/apt,973,4,256,2026-06-13,1.91,1,334,5,
6836406,Live close to the royal castle,26496190,1465367731509415238,Ingela,,Östermalms,59.33574,18.08207,Private room,1027,5,14,2018-09-02,0.12,1,272,0,
6846003,"Centrally, lakeside townhouse near Globe",35871885,1465531670534333911,Mats,,Farsta,59.2516,18.11551,Entire home/apt,2506,3,36,2019-09-02,0.27,1,180,0,
6851310,Charming flat in central Stockholm,2982384,1462614143426798635,Kent,,Kungsholmens,59.33223,18.0018,Entire home/apt,,5,10,2021-08-15,0.08,1,0,0,
6867588,"3BR Family Home | Garden, Parking & City Access",25587577,1465345439732087467,David,,Enskede-Årsta-Vantörs,59.2797067,18.0861803,Entire home/apt,3452,4,8,2026-04-04,0.61,1,16,5,
6929042,Cozy Private Room with Workspace in Södermalm,738317,1462527833730526014,Ana,,Södermalms,59.3072,18.08288,Private room,1508,2,28,2019-08-18,0.21,1,331,0,
6946221,"Mysig lägenhet, nära till allt",36420922,1465541103193258454,Emelie,,Hägersten-Liljeholmens,59.30471391794248,17.971793487668037,Entire home/apt,,3,0,,,1,0,0,
6947999,Penthouse with terrace - Central/Östermalm.,36429268,1465541215048915254,Teddy,,Norrmalms,59.34802,18.06059,Entire home/apt,,7,5,2022-07-11,0.04,1,0,0,
6952452,Cosy apartment in trendy Hornstull,8110273,1462749432803771663,Carmencita,,Södermalms,59.31781,18.0262,Entire home/apt,,3,9,2024-08-24,0.09,1,0,0,
6968676,"Charming villa, close to everything",36538534,1465544249599300415,Tobias,,Hägersten-Liljeholmens,59.3013,17.94174,Entire home/apt,,14,10,2017-08-04,0.08,1,0,0,
6971533,"Lovely apartment , central Stockholm",36554453,1465544489330311565,Nadine,,Norrmalms,59.34303,18.0432,Entire home/apt,2433,1,128,2026-06-20,0.97,1,30,19,
6980794,Great ap. for 2 in hip Sthlm area,20256844,1463102763918219859,Paula,,Södermalms,59.31982,18.03781,Entire home/apt,3500,3,6,2026-06-14,0.05,1,342,3,
6981547,Amazing flat close to City & Nature,36607100,1465545212783860253,Anna,,Skarpnäcks,59.2808,18.1224,Entire home/apt,,3,13,2021-08-09,0.10,1,0,0,
7051558,Private villa from 1910 in Old Enskede,12329536,1462885242879965944,Kalle,,Enskede-Årsta-Vantörs,59.28058,18.08755,Entire home/apt,3170,4,27,2025-08-09,0.20,1,16,4,
7063087,"Spacious family flat, with a view!",37032705,1465551532613218714,Jonas,,Hägersten-Liljeholmens,59.30012,18.00566,Entire home/apt,2316,5,23,2025-08-10,0.21,1,24,3,
7065573,"Modern & cozy apt. by Mariatorget park, Södermalm",10342331,1462838041556529629,Pia,,Södermalms,59.31511,18.06475,Entire home/apt,,4,32,2023-07-19,0.25,1,0,0,
7089767,Beautiful villa in Stockholm!,37069448,1465552089298883030,Anna,,Bromma,59.34763,17.89795,Entire home/apt,2613,2,22,2024-08-02,0.17,1,231,0,
7137177,Charming 1920's wooden house close to the city,37383160,1465559249704992831,Jonatan,,Skarpnäcks,59.27884,18.10745,Entire home/apt,2892,3,10,2025-07-19,0.08,1,12,2,
7141856,2/4-Student/Int-ship-room 15 min to Stockholm City,8387566,1462767137306718098,Mats,,Hägersten-Liljeholmens,59.30665,17.97766,Private room,116,48,13,2025-10-04,0.12,4,295,1,
7187855,Luxury apartment in Stockholm City!,33199397,1465486201190071393,Maximilian,,Norrmalms,59.33912,18.06379,Entire home/apt,,5,26,2024-07-01,0.20,1,0,0,
7197438,Villa med spabad nära city,37689353,1465564251273516685,Cecilia,,Farsta,59.26762,18.08561,Entire home/apt,4394,2,13,2026-04-27,0.34,1,320,4,
7202296,Charming turn of the century apartment,7403262,1462731017481060224,Aria,,Södermalms,59.31935,18.0596,Entire home/apt,,2,19,2021-02-15,0.14,1,0,0,
7211104,Spacious room in Södermalm,34496094,1462665509430878875,Ulrika,,Södermalms,59.30906,18.09533,Private room,925,3,139,2026-06-15,1.05,2,145,30,
7233393,Spacious room in north of Stockholm.,11820927,1462873822689435145,Yusuf,,Spånga-Tensta,59.39153,17.9091,Private room,474,1,44,2026-04-19,0.33,1,12,1,
7251182,In the heart of Södermalm Stockholm,37967918,1465567993133398782,Katarina,,Södermalms,59.31863,18.072,Entire home/apt,,2,152,2026-07-03,1.15,1,1,34,
7255073,Cozy apartment in a calm area with a balcony,37985922,1465568407133316597,Nour,,Farsta,59.27405,18.06768,Entire home/apt,,1,0,,,2,0,0,
7268922,"Ljus och fin 2,5 mitt på Södermalm",18035423,1463034643863098730,Karin,,Södermalms,59.31283,18.07024,Entire home/apt,,5,64,2018-10-09,0.48,1,0,0,
7318564,Amazing loft in central Stockholm!,38340210,1465573619839000189,David,,Norrmalms,59.34584,18.05618,Entire home/apt,,200,7,2020-12-02,0.05,1,29,0,
7353899,Bright Hornstull apartment,38485442,1465575680028809387,Agnes,,Södermalms,59.31614,18.02916,Entire home/apt,1267,3,129,2026-02-23,0.98,1,177,13,
7363133,Liten pärla centralt nära grönska,4715080,1462663957334863259,Ingela,,Södermalms,59.30646,18.06912,Private room,,2,20,2019-11-11,0.15,1,0,0,
7392179,Apartment in city center,1724291,1462576772725828445,Arvin,,Norrmalms,59.33884,18.05013,Entire home/apt,,1,41,2025-07-19,0.31,1,0,2,
7437551,Studio Apartment in safe area,15132640,1462954959553386734,Tomas,,Spånga-Tensta,59.37266,17.90102,Entire home/apt,318,28,46,2026-05-02,0.41,1,271,2,
7452173,SoFo Stockholm Grand Loft,37459155,1465560727259616038,Niklas&Victoria,,Södermalms,59.31193,18.07814,Entire home/apt,,5,43,2025-07-19,0.32,1,3,1,
7495642,Charmigt radhus i lugnt område,39257612,1465586319752845031,Christina,,Hässelby-Vällingby,59.368523864794305,17.833002777200363,Entire home/apt,1638,7,9,2026-05-08,0.29,1,226,3,
7557643,Two bedroom flat - central south,39615048,1465591614379416549,Mats,,Södermalms,59.30792,18.07303,Entire home/apt,,5,5,2017-07-03,0.04,1,0,0,
7564704,"Lovely family house, great location",27488662,1465405701285236088,Jangiz,,Hägersten-Liljeholmens,59.2939,17.95024,Entire home/apt,4859,1,74,2026-06-22,0.56,1,331,7,
7616523,Habitacion privada cerca de Aviici Arena,4622176,1462536480339117867,Zarah,,Farsta,59.25366,18.09484,Private room,,1,76,2022-08-05,0.57,1,0,0,
7630447,Charming villa close to central Stockholm,40002447,1465596952566322307,Malin,,Bromma,59.33125,17.97759,Entire home/apt,3933,5,31,2026-06-25,0.23,1,122,2,
7633885,Nice apartment in Södermalm,40047642,1465597531297633625,Hugo,,Södermalms,59.30949,18.06691,Entire home/apt,,2,44,2019-12-29,0.33,1,0,0,
7663654,Spacious & Comfortable Home,12257521,1462883603922466095,Stellan,,Enskede-Årsta-Vantörs,59.2761,18.04704,Entire home/apt,,2,41,2024-02-18,0.31,2,0,0,
7726123,Cosy villa close to nature and town,3241801,1462623615905864243,Sofia,,Hägersten-Liljeholmens,59.29851,17.94256,Entire home/apt,3244,7,8,2023-08-02,0.07,1,207,0,
7813961,Quiet space in SoFo,16057521,1462977226901575104,Johanna,,Södermalms,59.30748,18.08142,Private room,,7,0,,,1,0,0,
7829569,"Quiet & central, near nightlife",268582880,1469419589669610392,Martha,,Södermalms,59.30885,18.07295,Entire home/apt,,3,98,2024-02-19,0.74,1,0,0,
8032011,Cozy quiet top floor apartment near Globe / 3Arena,5537941,1462683184478151955,Johan,,Enskede-Årsta-Vantörs,59.28130344034582,18.079093918204308,Entire home/apt,1178,2,28,2026-06-15,2.58,1,62,28,
8044452,Top Modern apt in the middle of Stockholm City,41359832,1465614852812044454,Fia,,Norrmalms,59.33467,18.06528,Private room,,180,22,2019-08-28,0.18,1,0,0,
8141428,House close to both city and nature,41799219,1465621906409288123,Fredrik,,Skarpnäcks,59.27449,18.11614,Entire home/apt,,6,46,2025-08-06,0.38,1,3,4,
8191348,Close to the city and the nature .,4174933,1462649440550689555,Mae Jane And Mich,,Skärholmens,59.29512,17.92701,Private room,1099,1,121,2026-06-24,0.95,2,246,20,
8206892,Stilfullt 60-tals hem med pool,43276414,1465642664712190353,Anna,,Hässelby-Vällingby,59.37062556353474,17.870562991749598,Entire home/apt,6066,2,30,2026-06-22,0.84,1,356,10,
8246489,Charmig lägenhet på heta Hornstull,21086748,1463146327141970752,Morgan,,Södermalms,59.31968,18.03455,Entire home/apt,1382,1,16,2026-06-14,0.14,1,8,2,
8265116,A lovely room is ready to welcome you.,40987421,1465609963639953199,Faraz,,Spånga-Tensta,59.3922,17.90681,Private room,,1,0,,,1,0,0,
8406721,"Loft in cosy apartment, Old Town",18574350,1462606474617826708,Stanley,,Södermalms,59.32495,18.0693,Shared room,,3,247,2026-04-07,1.89,1,3,11,
8425805,Södermalm Stockholm,44372605,1462696785919455870,Irma,,Södermalms,59.3147,18.04227,Private room,537,2,339,2026-06-14,2.58,1,11,33,
8443369,Beautiful penthouse,22896980,1463191158840760118,Kerstin,,Norrmalms,59.34445,18.0439,Entire home/apt,2331,4,75,2026-06-18,0.60,1,200,11,
8510114,GREAT central room in lovely popular Södermalm,44813548,1465665299976141122,Martin,,Södermalms,59.31746,18.05034,Private room,832,2,52,2026-03-28,0.42,2,331,5,
8559978,"Spacious, cozy townhouse close to the city center",45053107,1465668762574668552,Natalie,,Enskede-Årsta-Vantörs,59.28787,18.09326,Entire home/apt,2968,1,177,2026-06-25,1.38,1,288,42,
8573261,Beautiful 1920s house close to city & inter. fair,17536791,1462602779871567137,Martin,,Älvsjö,59.28614,18.02512,Entire home/apt,4650,1,31,2026-06-14,0.24,1,346,3,
8714931,Charming apartment Hornstull,37776080,1465565399480745540,Cecilia,,Södermalms,59.31987,18.03497,Entire home/apt,,4,31,2026-06-18,0.24,1,3,3,
8716879,New apartment 10 min by bike from the city center.,3397079,1462529696394504206,Angélica,,Östermalms,59.35884,18.09265,Entire home/apt,1950,2,53,2026-06-06,0.76,1,199,6,
8750376,Old Town - magnificent duplex,5221733,1462675688284531597,Helena,,Södermalms,59.325,18.06946,Entire home/apt,,5,122,2026-04-12,0.94,1,0,8,
8931999,Great living in the Old Town!,46700054,1465699620693435341,Kim,,Södermalms,59.32433,18.06767,Entire home/apt,5992,1,279,2026-06-25,2.20,1,21,25,
9040921,Bright modern apartment in central Stockholm,19697299,1463089026922343971,Ebba,,Östermalms,59.34948,18.06202,Entire home/apt,1254,5,35,2025-08-30,0.27,1,311,1,
9109884,Stylish family friendly home,23068589,1465268206696350081,Ilona,,Södermalms,59.31929,18.03577,Entire home/apt,,5,12,2025-08-13,0.36,1,8,5,
9113152,"Modern Apt in National Park, 5min from Stureplan",30964457,1465455873754844830,Jana,,Östermalms,59.35418,18.08756,Entire home/apt,,10,2,2024-07-11,0.02,1,0,0,
9233181,"Charming Villa in Old Enskede, outdoor spa pool",47994974,1465725080805239165,Emelie,,Enskede-Årsta-Vantörs,59.27923811670359,18.08313130590389,Entire home/apt,5136,1,15,2026-01-02,0.12,1,1,2,
9268145,Cosy 89m2 in SOFO with altana 40m2,48140673,1465727345135005279,Carl Elon,,Södermalms,59.31438,18.08123,Entire home/apt,3423,6,74,2026-06-17,0.60,1,311,7,
9268164,Newly refurbished in Old Town,48139894,1465727339493827597,Elisabeth,,Södermalms,59.32508,18.0713,Entire home/apt,2903,3,271,2026-06-26,2.10,1,289,31,
9414156,Beautiful 2-room city apartment of 60 sqm,48810564,1465741326071993254,Oscar,,Östermalms,59.34204,18.08446,Entire home/apt,6990,2,13,2017-10-15,0.12,1,358,0,
9525693,Huge apartment in central Stockholm,49349264,1465752187039992423,Jesper,,Kungsholmens,59.32897,18.04681,Entire home/apt,,3,41,2022-08-13,0.34,1,0,0,
9571682,"Central Stockholm, exclusive location, kitchen",49551764,1465756815197582037,Mathias,,Kungsholmens,59.33181,18.03724,Entire home/apt,,4,32,2025-05-05,0.26,1,0,0,
9611111,Nice room in well-planned apartment,49727779,1462713968876309671,Nils,,Hägersten-Liljeholmens,59.30934,17.99478,Private room,546,2,85,2026-02-01,0.81,2,297,10,
9701808,Spacious & family friendly,18072325,1463035421559915448,Elin,,Enskede-Årsta-Vantörs,59.3032,18.03913,Entire home/apt,,1,39,2025-08-15,0.31,1,4,4,
9702176,Perfectly located villa near beach,25794487,1465350461920520532,Sören,,Bromma,59.31982,17.96231,Entire home/apt,,30,26,2025-08-17,0.21,1,0,1,
10048295,3 rok 90 kvm på Södermalm i Stockholms city,51574378,1465807068007231633,Jeanette,,Norrmalms,59.33883,18.0348,Entire home/apt,2111,1,217,2026-06-27,1.70,1,172,18,
10067310,Fresh cozy apt close to city & Strawberry Arena,45607283,1465677607803249264,Britt,,Rinkeby-Tensta,59.40776,17.94433,Entire home/apt,1085,2,0,,,1,31,0,
10102020,Luxurious loft in trendy Södermalm,4517261,1462659511609278972,Olof,,Södermalms,59.31794,18.07147,Entire home/apt,,2,43,2020-07-26,0.34,1,0,0,
10128038,luxurious living in the city centre,51976843,1465820312316664865,Debora,,Norrmalms,59.33693,18.06671,Entire home/apt,3323,1,8,2026-06-22,0.07,1,322,1,
10222510,Charming Old Town Studio flat - IRMELI,8547277,1462770124768695248,Tom,,Södermalms,59.32497,18.07209,Entire home/apt,1933,2,512,2026-06-08,4.05,9,302,46,
10222673,Beautiful 2-floor apartment in centre of Stockholm,38424897,1465574839019517758,Robert,,Östermalms,59.34031,18.08429,Entire home/apt,,1,32,2026-06-23,0.26,1,3,3,
10289250,"Central family apartment, Vasastan",6401365,1462705510381135516,Lars,,Norrmalms,59.34978,18.04675,Entire home/apt,,3,42,2025-07-29,0.34,1,0,2,
10305478,Looking for the perfect christmas stay?,53023705,1465858784383022805,Margrethe,,Kungsholmens,59.33185,18.01711,Entire home/apt,,4,24,2024-04-03,0.20,1,0,0,
10333190,Nice room w. private bathroom,33041499,1465483847559263142,Karin,,Södermalms,59.31136,18.10349,Private room,,2,225,2026-05-19,1.81,1,0,23,
10337821,Top floor at Medborgarplatsen,17484647,1463011174735294241,Simon,,Södermalms,59.31413,18.07578,Entire home/apt,2053,4,86,2026-06-14,0.68,1,28,5,
10353547,"Villa Stockholm, 900 meters to Globe Arena,",5017320,1462670827489373803,Dan,,Enskede-Årsta-Vantörs,59.28408,18.08158,Entire home/apt,,5,39,2026-01-03,0.32,1,6,2,
10497074,Beautiful apartment down town Sthlm,12508887,1462889335732745845,Daniel,,Norrmalms,59.33643,18.0494,Entire home/apt,,5,6,2022-07-25,0.05,1,0,0,
10509416,Idyllic house  just outside the city center!,23118556,1465268877586314469,Louise,,Farsta,59.27158,18.08403,Entire home/apt,,5,32,2025-12-28,0.26,1,2,2,
10579009,Gustavia Apartments Floor 5,34891784,1465514859901373918,Gustavia Office AB,,Södermalms,59.32224,18.07241,Entire home/apt,3012,1,219,2026-06-15,1.78,3,278,25,
10591986,Familjevänlig lägenhet nära naturen,54647264,1465891898917129345,Johan,,Skarpnäcks,59.28032,18.11773,Entire home/apt,,4,2,2018-06-22,0.02,1,0,0,
10603742,Lovely 2bd in woodsy neighborhood.,54712582,1465893962731057497,Angela,,Hägersten-Liljeholmens,59.29416,17.96412,Private room,799,1,13,2019-09-17,0.10,1,273,0,
10673822,Barnvänlig lägenhet på Södermalm,55134895,1465903854681303689,Clara,,Södermalms,59.30768,18.08655,Entire home/apt,2910,14,11,2025-07-25,0.23,1,36,1,
10717324,Villa with large secluded patio and heated pool,19518646,1463080371349083549,Cecilia,,Spånga-Tensta,59.38306,17.91448,Entire home/apt,3036,5,7,2017-07-17,0.06,1,176,0,
10784711,Well-designed and spacious house,55798787,1465913661398206373,Per,,Enskede-Årsta-Vantörs,59.27432810000001,18.0545281,Entire home/apt,3195,3,25,2026-06-26,0.68,1,43,7,
10820875,Modern townhouse in Stockholm,8298314,1462764881958203830,Mikaela,,Skarpnäcks,59.28183,18.11083,Entire home/apt,3243,1,23,2025-07-04,0.19,1,100,1,
10847404,Cosy house close to city center,13088570,1462902821004639537,Manne,,Enskede-Årsta-Vantörs,59.28403,18.08674,Entire home/apt,5059,3,61,2025-08-10,0.49,1,18,6,
10882092,Villa med härlig altan,53065140,1465859657544337840,Johanna,,Hägersten-Liljeholmens,59.29342,17.9512,Entire home/apt,3813,4,4,2026-05-31,0.31,1,47,3,
10925354,Large Villa with pool close to Stockholm City,56633409,1465926569737295386,Tobias,,Enskede-Årsta-Vantörs,59.28535,18.08417,Entire home/apt,8844,4,46,2025-07-23,0.38,1,12,2,
10935307,Lovely sunny house near Stockholm C,37339398,1465558587382927609,Hanna,,Spånga-Tensta,59.37251,17.92467,Entire home/apt,2608,4,30,2026-06-22,0.25,2,231,10,
11001576,Mysig lgh med utsikt över stan,46922201,1465703522794026926,Mikaela,,Kungsholmens,59.33773,18.02221,Entire home/apt,1598,2,4,2026-06-07,0.29,1,75,3,
11040076,Tvåa centralt i Stockholm,47491192,1465716467836092902,M.Elisabet,,Kungsholmens,59.322860835843365,18.00547709005992,Entire home/apt,,2,13,2025-05-26,0.51,1,1,0,
11122519,Unikt läge i Stockholm! Lugnt och nära till allt!,57790196,1466692835606083839,Christian,,Kungsholmens,59.3298,18.04492,Entire home/apt,6277,1,51,2026-05-24,0.42,1,233,6,
11128397,Lovely home close to Stockholm Fair & city centre.,34457204,1465506002869787135,Birgitta,,Enskede-Årsta-Vantörs,59.28345,18.04256,Entire home/apt,2154,3,13,2024-05-20,0.11,1,147,0,
11215840,Charming 2 room apartment Södermalm,58430634,1466700250593443949,Katarina,,Södermalms,59.3092,18.07045,Entire home/apt,,6,11,2021-07-18,0.09,2,0,0,
11265066,Nice apartment in quiet area!,11896387,1462875491351716597,Disa,,Skarpnäcks,59.28411,18.09928,Entire home/apt,,2,56,2025-10-19,0.46,1,0,20,
11290723,Stylish 2bed in trendy Aspudden,58902147,1466707773577432414,Ulrika,,Hägersten-Liljeholmens,59.31094,18.00398,Entire home/apt,2285,2,17,2025-08-27,0.14,1,8,2,
11384204,Stockholm - Child-friendly townhouse,59699325,1466724244298587864,Robert,,Hässelby-Vällingby,59.37456,17.81688,Entire home/apt,,2,10,2018-07-24,0.08,1,0,0,
11390212,Modern New Appartment,59751717,1466725104812413918,Sasou,,Rinkeby-Tensta,59.40623,17.94396,Entire home/apt,,1,31,2025-03-02,0.25,1,0,0,
11436183,Kungsholmen - 2 rok,6592625,1462710323837143456,Sanna,,Kungsholmens,59.33014,18.04414,Entire home/apt,,1,1,2016-03-30,0.01,2,0,0,
11495233,Soulful house near Stockholm city,23686285,1465277051998595254,Johanna,,Älvsjö,59.27521,17.99968,Entire home/apt,,4,7,2019-07-29,0.06,2,0,0,
11509509,Perfect apartement for families,59705124,1462743379035313777,Esbjörn,,Norrmalms,59.33914,18.04643,Entire home/apt,,4,39,2023-08-15,0.32,1,0,0,
11510248,Beautiful small room in the heart of Stockholm.,60382217,1466742368272338716,Maria,,Norrmalms,59.33821,18.05994,Private room,,8,30,2026-05-01,0.53,1,0,3,
11522279,Bright room in central Aspudden,60747298,1466748261758553813,Myrtha,,Hägersten-Liljeholmens,59.30524,18.00179,Private room,571,1,38,2026-05-30,0.34,1,322,10,
11558511,Family apartment 5 rooms Södermalm,2695728,1462605140464877045,Rickard & Frida,,Södermalms,59.3115,18.06207,Entire home/apt,,5,10,2019-08-05,0.08,1,0,0,
11563072,Two floor terrace apt 10 min from Södermalm!,15187000,1462956256187196449,Anna,,Hägersten-Liljeholmens,59.29801,17.95616,Entire home/apt,,5,16,2025-08-07,0.13,1,2,1,
11564969,"A Unique City Penthouse with View , Terrace&Tower",61089267,1462746978595819439,Eva,,Östermalms,59.34354,18.07874,Private room,,120,13,2018-04-03,0.11,1,0,0,
11569583,Stureby Villa,12257521,1462883603922466095,Stellan,,Enskede-Årsta-Vantörs,59.27786,18.04967,Entire home/apt,,2,112,2024-04-28,0.90,2,0,0,
11582170,Romantisk lägenhet med ett sovrum: Charm,31783855,1465466941194125459,Residence,,Södermalms,59.32531,18.07329,Entire home/apt,2889,2,146,2026-06-21,1.21,9,254,15,
11586352,Spacious 1 bedroom apartment in Aspudden,21247692,1463150316260323366,Camilla,,Hägersten-Liljeholmens,59.30565,17.99633,Entire home/apt,,5,31,2026-01-10,0.25,1,0,4,
11681507,Ljus charmig lägenhet Mariatorget,18993019,1463067171403493072,Johanna,,Södermalms,59.31628,18.0559,Entire home/apt,,10,8,2025-08-05,0.26,1,0,2,
11960750,A cozy one room apartment in central Stockholm,63879185,1466788337699566059,Minna,,Kungsholmens,59.33449,18.02278,Entire home/apt,,3,92,2025-06-09,0.75,1,0,0,
11998797,"Accomodation in Stockholm, Gamla Enskede",29847054,1465439946700981795,Maria,,Enskede-Årsta-Vantörs,59.28001,18.08827,Entire home/apt,,3,48,2025-07-31,0.95,1,3,6,
12061250,Charming house with big garden!,64610514,1466798929569361636,Tobias,,Spånga-Tensta,59.38379,17.88255,Entire home/apt,3698,5,7,2019-08-12,0.06,1,170,0,
12171884,Cosy house close to Stockholm,65386607,1466808648624935087,Anders K,,Skärholmens,59.29314,17.92085,Entire home/apt,,90,25,2023-04-10,0.21,1,0,0,
12189161,Very central Penthouse. Lake view. Females only.,65179917,1462768483266860887,Teresa,,Kungsholmens,59.32877762924513,18.034609860717257,Private room,1285,1,78,2026-06-25,0.63,1,7,13,
12206219,Lovely house close to Globen!,65638565,1466811706069839019,Jerker,,Enskede-Årsta-Vantörs,59.28333,18.06856,Entire home/apt,4475,5,26,2024-08-12,0.21,1,254,0,
12226100,Charm in the heart of Södermalm!,27588271,1462641565607267609,Fredrik,,Södermalms,59.32026,18.06082,Entire home/apt,,5,63,2025-08-15,0.52,1,0,4,
12249965,Excellent living in trendiest area!,11211418,1462859617194677987,Alexandra,,Södermalms,59.31889,18.03326,Entire home/apt,,3,57,2026-05-31,0.46,1,0,4,
12272399,Cozy studio - best location inSOFO,1436617,1462545771331045032,Anna,,Södermalms,59.30997,18.08056,Entire home/apt,,180,20,2017-10-15,0.16,1,0,0,
12449784,Stylish & quiet apartment. No cleaning fees!,67356754,1466832290236195852,Jenny,,Hägersten-Liljeholmens,59.29285,17.99254,Entire home/apt,,4,111,2026-06-22,1.25,1,9,9,
12511760,Nice apartment in Stockholm,67759750,1462775250359550172,Kamilla,,Hägersten-Liljeholmens,59.30473,17.96224,Entire home/apt,1838,2,41,2025-09-16,0.33,1,86,3,
12556116,Charming villa close to city,29298842,1465431617230380760,Patrik,,Hägersten-Liljeholmens,59.30002,17.98863,Entire home/apt,3583,14,2,2017-01-02,0.02,1,89,0,
12608789,"Mysig lägenhet i lugnt område, 3 min till t-bana",60260537,1466740906964877876,Magdalena,,Bromma,59.349660585303894,17.884180615537627,Entire home/apt,,3,6,2023-07-20,0.13,1,0,0,
12635870,Stockholm,68620876,1466847829795538765,Inger,,Norrmalms,59.34464,18.06084,Entire home/apt,5476,5,77,2025-08-31,0.63,1,180,4,
12675794,Central and family friendly apt,67403524,1466832887409393398,Leif,,Norrmalms,59.33874,18.05301,Entire home/apt,,2,26,2025-07-24,0.21,1,0,1,
12679480,"Apartment in the middle of So-Fo, Södermalm, 67sqm",27419464,1462640945962382124,Jesper,,Södermalms,59.31206,18.07651,Entire home/apt,3898,1,372,2026-06-25,7.51,4,271,84,
12679511,"Well connected -Quiet apt, lively area. Swim, park",67085031,1466828895099845996,Petter,,Södermalms,59.3106,18.06037,Entire home/apt,,4,20,2025-07-31,0.16,1,15,4,
12723397,Ljus och fräsh 2:a.,69180091,1466855021767578652,Janna,,Älvsjö,59.29043,17.99767,Entire home/apt,,1,10,2017-06-10,0.08,1,0,0,
12723835,Cozy apt in lovely neighborhood 15 min from city!,6157327,1462699381363932207,Jenny,,Hägersten-Liljeholmens,59.31451,18.00568,Entire home/apt,1577,2,44,2026-05-31,0.37,1,136,5,
12787874,Great central room in lovely popular Södermalm,44813548,1465665299976141122,Martin,,Södermalms,59.31897,18.05084,Private room,810,2,33,2026-05-16,0.27,2,321,8,
12809046,"Apartment in Stockholm, T-Blåsut",149673,1462510983715436251,Natalie,,Enskede-Årsta-Vantörs,59.28849,18.09255,Entire home/apt,,3,3,2022-11-26,0.02,1,0,0,
12816207,"Villa Close  Sthlm City, Enskede",44101136,1465655091845390316,Håkan,,Skarpnäcks,59.27793,18.10779,Entire home/apt,2560,3,1,2023-04-24,0.03,1,60,0,
12818676,Fantastisk vindsvåning i SOFO,14567105,1462941715366153042,Emilio,,Södermalms,59.313419893976935,18.078823500282393,Entire home/apt,2635,1,0,,,1,241,0,
12822620,Beautiful apartment in Stockholm!,57351791,1462737018243669868,Alberto,,Södermalms,59.31961,18.03789,Entire home/apt,,7,12,2022-07-24,0.10,1,0,0,
12839976,Rymlig villa nära T-bana och natur,70110018,1466867974146456430,Hannah,,Hägersten-Liljeholmens,59.30345,17.95929,Entire home/apt,3764,4,15,2024-07-28,0.13,1,104,0,
12856559,"In the heart of SoFo, Södermalm - Skanstull",55393319,1465907880193979612,Sophie,,Södermalms,59.30821,18.0783,Entire home/apt,2482,3,17,2026-06-14,0.14,1,155,4,
12897382,Central top floor apartment next to archipelago,70635726,1466874411503523398,Roy,,Östermalms,59.35713,18.0872,Entire home/apt,1541,10,6,2026-05-27,0.13,1,217,2,
12925473,Sekelskiftes 4:a i Vasastan,31161414,1465458540342664414,Michael,,Norrmalms,59.34476,18.04321,Entire home/apt,,2,40,2022-08-06,0.33,1,0,0,
12927342,Villa Flysta,1082899,1462536643149326550,Daniel,,Spånga-Tensta,59.36795,17.89479,Entire home/apt,3264,5,6,2024-06-29,0.05,1,77,0,
12950394,Nature & urban vibes in Stockholm!,35532498,1465524938180497155,Ingrid,,Hägersten-Liljeholmens,59.31682,18.00816,Entire home/apt,,4,17,2022-06-29,0.30,1,0,0,
12967094,Charming & Cozy 1-Bedroom with Fantastic Location,71317775,1462794688602848139,Gaggo,,Östermalms,59.34394448544294,18.09263096358882,Entire home/apt,963,7,96,2026-06-01,0.78,1,261,9,
12987910,Cozy room in quiet area,62983582,1466777452176747365,Louise,,Skärholmens,59.29237,17.944,Private room,594,1,281,2026-06-15,2.31,1,6,8,
12994847,Cosy studio next to lake and metro!,30038455,1465442478164499372,Victoria,,Hägersten-Liljeholmens,59.30746,17.99054,Entire home/apt,,28,8,2021-03-31,0.10,1,0,0,
13012029,"Large house in Solhem, Spånga",71794370,1466887635237440748,Jessica,,Spånga-Tensta,59.38069,17.87728,Entire home/apt,,5,23,2023-08-12,0.19,1,0,0,
13018074,Lux. penthouse in SoFo with 2 large balconies,6142107,1462699002811612977,Sara,,Södermalms,59.31474,18.0807,Entire home/apt,4269,30,0,,,1,177,0,
13061179,"House with garden, close to water",72345572,1466893646058086858,Matilda,,Skärholmens,59.27978,17.87643,Entire home/apt,,4,16,2023-08-21,0.13,1,0,0,
13119838,Lovely family friendly villa w large lush garden,10939904,1462853177765157921,Susanna & Marcus,,Älvsjö,59.27844,17.98953,Entire home/apt,3424,7,16,2025-07-21,0.15,1,121,1,
13147064,Cosy room in a beautiful & peaceful area,73323807,1466904516763082067,Shabnam,,Rinkeby-Tensta,59.41394,17.90602,Private room,753,1,27,2026-06-15,0.22,1,363,4,
13180677,Top floor with balcony in the heart of SOFO,38680120,1462679167721406366,Andreas,,Södermalms,59.31356,18.08468,Entire home/apt,,3,124,2026-06-25,1.01,1,1,10,
13190000,Södermalm Mariatorget 110 m2,53837251,1465874826672212708,Patrik,,Södermalms,59.31741,18.06723,Entire home/apt,,5,15,2021-07-31,0.12,1,0,0,
13203647,"Lovely room in central Stockholm, hotel-feeling",73974316,1466911450157899396,Katarina,,Östermalms,59.35283,18.06346,Entire home/apt,1548,1,177,2026-06-21,1.47,2,69,30,
13245059,Family townhouse near lake & Stockholm City,74446491,1466916290549831758,Fredrik,,Farsta,59.25191,18.11296,Entire home/apt,2114,7,38,2025-08-16,0.31,1,23,3,
13287657,4 rooms apartment in Sofo.,74960337,1466921978127839202,Caroline,,Södermalms,59.31504,18.08354,Entire home/apt,,7,0,,,1,0,0,
13376978,Great Junior 1 bedroom Apartment,17371921,1463008606333921058,Matt,,Kungsholmens,59.33703,18.03103,Entire home/apt,1592,1,44,2026-06-15,0.37,3,323,7,
13391680,Nice studio apartment close to metro,76163505,1466934615275744584,Peter,,Rinkeby-Tensta,59.40669,17.93104,Entire home/apt,,2,246,2026-06-15,2.02,1,0,13,
13393953,Charming two levelapartment with outstanding view.,9842,1462506640007053986,Elin,,Hägersten-Liljeholmens,59.30675,18.00424,Entire home/apt,,3,33,2022-01-06,0.27,1,0,0,
13470627,Apartment close to the city and nature,77057492,1466943941150003956,Saori,,Hägersten-Liljeholmens,59.30036473932552,17.99579255282879,Entire home/apt,,3,11,2023-06-18,0.23,1,0,0,
13487429,"50 m2 Private house near city, pool garden sauna!",15016324,1462952270410455257,Angelica,,Spånga-Tensta,59.376397588049244,17.925313402130133,Entire home/apt,2029,1,28,2026-05-31,0.85,1,159,10,
13520328,Self Contained Guesthouse In Peaceful Villa Garden,77662952,1466952148834231691,Lotta,,Enskede-Årsta-Vantörs,59.28271,18.08879,Entire home/apt,,3,296,2026-07-02,2.42,1,1,31,
13528857,"Fint hus med pool i Bromma, Stockholm.",73571560,1466907134609260802,Anne-Lee,,Bromma,59.34999,17.89479,Entire home/apt,,3,5,2024-07-20,0.04,1,0,0,
13541739,Studio apartment in the heart of Vasastan,76923403,1466942579249341759,Lovisa,,Norrmalms,59.34474,18.03714,Entire home/apt,,3,6,2023-08-20,0.05,1,0,0,
13556356,"Spacious three room flat w Piano, Sofo Södermalm",74840626,1466920815447612522,Erik,,Södermalms,59.31377,18.07807,Entire home/apt,,1,4,2021-07-20,0.03,2,0,0,
13575672,Stockholm for rent.,39056529,1462680326059338236,Gabriel,,Bromma,59.33996,17.8803,Private room,1039,2,3,2016-08-05,0.02,1,86,0,
13587832,Spacious roof-top family apartment in Hornstull,9266818,1462809759561151556,Peter,,Södermalms,59.31472,18.04208,Entire home/apt,,6,14,2024-06-26,0.12,1,0,0,
13597632,Charmig apartment in Aspudden close to city,28434762,1465419647877836619,Cecilia,,Hägersten-Liljeholmens,59.30618,17.99834,Entire home/apt,2579,5,12,2023-07-27,0.10,1,27,0,
13601268,Charmig villa i Enskede nära Stockholms innerstad,59341453,1466714961595646344,Maria,,Enskede-Årsta-Vantörs,59.28495,18.06129,Entire home/apt,2853,7,25,2025-07-29,0.21,1,293,1,
13621641,"2 rooms, kitchen. Glazed terrace 30 sqm,  Älvsjö",78899930,1466965379993291513,Holger,,Enskede-Årsta-Vantörs,59.26826,18.02814,Private room,111,120,7,2019-08-30,0.06,4,358,0,
13634708,Great 2 bedroom apartment in Stockholm,17371921,1463008606333921058,Matt,,Bromma,59.33598,17.97488,Entire home/apt,2788,3,12,2025-06-16,0.10,3,20,0,
13648486,2 rooms in a cosy house near the Älvsjö fair,79237188,1466968758636573846,Kerstin,,Enskede-Årsta-Vantörs,59.27251,18.02383,Private room,913,1,94,2026-06-15,0.78,2,159,10,
13673352,Villa med härlig trädgård i mysiga Örby/Älvsjö,79545804,1466971782479167268,Jennifer,,Enskede-Årsta-Vantörs,59.27162,18.03369,Entire home/apt,,4,13,2025-08-05,0.11,1,0,2,
13676679,"2.5 rooms, own kitchen. Basement apt-ment, Älvsjö.",78899930,1466965379993291513,Holger,,Enskede-Årsta-Vantörs,59.26933,18.02909,Private room,107,120,11,2025-06-03,0.09,4,183,0,
13680127,Perfect place for living near shopping mall,72897929,1466899577864431246,Manish Kumar,,Rinkeby-Tensta,59.40078,17.94236,Entire home/apt,,1,10,2026-04-29,2.56,1,62,10,
13707735,"Townhouse in green, friendly and city close area",80008863,1466976099496652618,Andreas,,Bromma,59.32002,17.9548,Entire home/apt,3233,3,14,2025-08-27,0.15,1,311,2,
13728032,Mysigt radhus i Bagarmossen strax söder om Sthlm,433474,1462518307563391250,Janniche,,Skarpnäcks,59.27162,18.13441,Entire home/apt,,3,9,2026-01-02,0.07,1,3,4,
13770010,"2 rooms, glazed terrace, entrance floor. In Älvsjö",78899930,1466965379993291513,Holger,,Enskede-Årsta-Vantörs,59.26933,18.02909,Private room,898,7,6,2024-08-04,0.05,4,180,0,
13776795,Designer apartment with balcony,765176,1462528700662582278,Anton,,Norrmalms,59.34700666937678,18.05852296549819,Entire home/apt,1986,3,34,2025-10-18,0.28,1,9,1,
13778429,Light apartment on top floor,41130255,1465611949076838381,Amanda,,Södermalms,59.31545,18.065,Entire home/apt,,4,0,,,1,8,0,
13809230,"Cosy apartment in quiet area, 20 min. from city",1453644,1462546298608253227,Lisa,,Enskede-Årsta-Vantörs,59.26607,18.01775,Entire home/apt,902,2,29,2026-06-29,0.24,1,20,7,
13824132,Lovely house in south/west position,31716335,1465466074459260801,Alexandra,,Bromma,59.34206,17.9135,Entire home/apt,2783,4,7,2026-01-03,0.08,1,292,1,
13854330,Nice double room in Stockholm,24056977,1465282465168931673,Sven,,Kungsholmens,59.33048,18.01445,Private room,1233,2,48,2026-06-25,0.40,1,233,6,
13890704,Nice room in Kista Centrum,72977376,1466900435476926355,Per,,Rinkeby-Tensta,59.4002,17.94578,Private room,407,1,228,2026-05-30,1.89,1,63,56,
13977591,"Family friendly 4 rooms apartment, sea view",83247448,1467008292524869138,Mila,,Kungsholmens,59.33636,18.00704,Entire home/apt,3301,1,49,2026-06-15,0.41,1,6,12,
13988429,Modern city apartment at Hornstull close to water!,37261709,1462674644681397997,Abel,,Södermalms,59.31819,18.03211,Entire home/apt,1743,1,98,2026-04-24,0.82,1,229,3,
14021574,Central three room flat facing a park,83894952,1467014718525424073,Hannah,,Södermalms,59.31079,18.07105,Entire home/apt,,4,103,2026-06-25,0.85,1,5,10,
14066604,Charming house near city center,84463017,1467020208475900766,Daniel,,Bromma,59.32147,17.97179,Entire home/apt,,5,11,2025-07-28,0.13,1,0,2,
14141028,"Quiet Room in Sofo, Stockholm!",74840626,1466920815447612522,Erik,,Södermalms,59.31488,18.07849,Private room,,5,11,2019-08-25,0.10,2,0,0,
14175945,Privat room in central Stockholm,17872507,1463030887788501610,Vendela,,Kungsholmens,59.33266,18.02663,Private room,1313,1,76,2026-04-26,0.67,2,149,10,
14312095,"Central modern spatious apartment, amazing view",36618654,1465545412079080821,Anna,,Södermalms,59.3127,18.08509,Entire home/apt,2925,4,7,2018-06-22,0.06,1,66,0,
14399325,Vackert hus i Bromma med spabad! Hyr helt hus,88506411,1467063124746166460,Anders,,Bromma,59.32904,17.94628,Entire home/apt,,3,69,2024-05-20,0.57,1,0,0,
14465336,Central apartment with terrace,16162679,1462980087074077023,Cindy & Armando,,Skarpnäcks,59.29459704700093,18.09857397269026,Entire home/apt,2796,2,4,2025-08-01,0.17,1,33,1,
14485860,"Stor villa med pool, Ålsten, Bromma",67188009,1466830252248288351,Caroline,,Bromma,59.32714942947674,17.94648608434893,Entire home/apt,4423,4,3,2024-07-29,0.10,1,88,0,
14493375,Luxury Villa with Pool & Jacuzzi – 10 Mins to City,6629287,1462711301075312892,Elin,,Enskede-Årsta-Vantörs,59.26937,18.03113,Entire home/apt,6962,1,15,2026-01-03,0.13,1,285,2,
14538762,A cozy apartment 13 minutes from Stockholm City,7190770,1462725693376697694,Yasir,,Hägersten-Liljeholmens,59.30623,17.98557,Private room,3471,1,1,2016-10-02,0.01,1,365,0,
14601226,Bohemian Apartment – [Female Guests Only],79134539,1466967727209524731,Caroline,,Hägersten-Liljeholmens,59.295059,17.996189,Private room,564,1,91,2026-06-13,0.76,1,306,13,
14633981,Studio apartment for rent south of Stockholm,8752261,1462775426082559773,Bane,,Skärholmens,59.29614,17.93147,Private room,,7,2,2023-10-01,0.05,1,0,0,
14658098,Classic in central Stockholm,5873957,1462691811822285532,Lena,,Södermalms,59.31556,18.05769,Entire home/apt,4608,4,70,2026-05-26,0.59,1,118,3,
14806597,Cozy apartment near metro,29916985,1465440850459897453,Bodil,,Södermalms,59.31608,18.05144,Entire home/apt,,21,4,2026-02-07,0.11,1,0,3,
14839641,Mysigt lägenhet i Vasastan,92849509,1467121917663165313,Josefine,,Norrmalms,59.345963,18.043779,Entire home/apt,4343,2,20,2026-06-14,0.17,1,147,3,
15005150,Studio apartment in the heart of Södermalm,81806054,1466993791990072016,Pär & Regina,,Södermalms,59.31939,18.05772,Entire home/apt,1882,1,735,2026-06-15,6.17,3,19,54,
15153786,Beautiful three room apartment in Vasastan,27655429,1465408349313143390,Pascal,,Norrmalms,59.34028,18.05896,Entire home/apt,,5,5,2019-09-28,0.04,1,0,0,
15179952,Right in front of the water!,96352405,1467160716835619124,Rafaele,,Kungsholmens,59.33626,18.03035,Entire home/apt,2168,10,7,2024-05-27,0.06,1,364,0,
15234949,Scandinavian style studio apartment in Hornstull,12395177,1462886800204426170,Charlotte,,Södermalms,59.31537,18.03292,Entire home/apt,,2,43,2022-11-27,0.38,1,0,0,
15350513,Large 2 bedroom apartment: Glory2,31783855,1465466941194125459,Residence,,Södermalms,59.32533,18.07291,Entire home/apt,5592,2,103,2026-06-14,0.88,9,267,6,
15446891,Cozy family villa w/garden 15 min from city,64427188,1466795368192178541,Max,,Enskede-Årsta-Vantörs,59.28466,18.06468,Entire home/apt,,4,2,2019-11-03,0.02,1,0,0,
15492981,Fresh living close to waterfront in Stockholm,6453227,1462706795954334194,Annika,,Kungsholmens,59.33901,18.00892,Entire home/apt,,1,13,2024-01-05,0.11,1,0,0,
15526966,Your own house 13 minutes from Stockholm City,95651930,1467152431150261446,Levente,,Enskede-Årsta-Vantörs,59.29305,18.06621,Entire home/apt,,5,3,2019-08-10,0.03,1,0,0,
15541313,Smurfarnas hus,32336211,1462658206625848703,Farnaz,,Kungsholmens,59.32038,17.99258,Entire home/apt,,7,0,,,1,0,0,
15628102,Creative Apartment in Trendy Södermalm Neighborhood,9382722,1462812716628915229,Deo,,Södermalms,59.31239,18.08378,Entire home/apt,,6,41,2023-07-17,0.35,1,0,0,
15638638,Charming 4 room flat in Hornstull,100867191,1467210845392485892,Massimiliano,,Södermalms,59.31694,18.0319,Entire home/apt,,6,3,2017-04-18,0.03,1,2,0,
15645785,Room P in a house full of students,906001,1462532925073965697,Mariam,,Spånga-Tensta,59.39358,17.91671,Private room,,30,13,2026-01-29,0.12,6,185,2,
15693022,Cosy 1-room studio/apt (43m2) for 1-4 p,101305090,1467215482414607783,Henrik,,Hägersten-Liljeholmens,59.30636,18.03318,Entire home/apt,,1,60,2026-06-21,0.51,1,0,13,
15785340,Room T in a house full of students,906001,1462532925073965697,Mariam,,Spånga-Tensta,59.39318,17.91806,Private room,,120,6,2025-04-01,0.05,6,111,0,
15794969,Room S in a house full of students,906001,1462532925073965697,Mariam,,Spånga-Tensta,59.3937,17.91707,Private room,,120,11,2024-08-24,0.10,6,75,0,
15800933,"Cozy penthouse with two floors, city",45201491,1462699372754518333,Michael,,Kungsholmens,59.3354957,18.0296555,Entire home/apt,1706,3,54,2026-06-22,1.21,1,15,21,
15855356,Lovely apartment in the heart of Stockholm,72076279,1466890727487399906,Violetta,,Östermalms,59.33278,18.08647,Entire home/apt,3232,2,69,2026-06-13,0.59,2,11,2,
15891275,Etagelägenhet 20 min från city,8047220,1462747800672727792,Assan,,Enskede-Årsta-Vantörs,59.26335,18.04361,Entire home/apt,,2,10,2023-08-14,0.23,1,0,0,
15925433,trendy apartment in Södermalm,48889372,1465742753679596598,Josef,,Södermalms,59.30913,18.08052,Entire home/apt,,9,83,2026-05-31,0.72,1,2,3,
15977506,"The travelers' ""warm home” in Stockholm",103800827,1467246051477385362,Weihong,,Spånga-Tensta,59.36919,17.89576,Private room,457,2,57,2026-06-09,0.49,3,116,8,
16064954,2 bedroom apartment in central Stockholm,17872507,1463030887788501610,Vendela,,Kungsholmens,59.33328,18.02862,Entire home/apt,2815,1,6,2026-05-31,0.05,2,333,1,
16111734,"Unique homestay, close to sub and beautiful nature",105049379,1462882932271771026,Margaretha,,Enskede-Årsta-Vantörs,59.25047,18.02749,Private room,347,4,64,2026-01-13,0.55,1,50,15,
16142460,Bekvämt boende nära kommunikationer och bad,105330509,1467270651165493113,Ida,,Södermalms,59.3116,18.06072,Entire home/apt,,1,49,2026-04-10,0.43,2,0,2,
16176568,Fully renovated 2 bedroom apartment in city center,18972846,1463066729621475647,Alexander,,Kungsholmens,59.33403,18.03691,Entire home/apt,2856,30,1,2022-12-18,0.02,1,180,0,
16250817,Apartment in Södermalm,106255264,1467288631301758490,Daniel,,Södermalms,59.31061,18.07641,Entire home/apt,5893,2,107,2019-11-14,0.92,1,90,0,
16279908,"Stylish home with Kicker, Dart, climbing and more",23541339,1465274653181823173,Christian,,Bromma,59.33479,17.95141,Entire home/apt,3926,2,57,2026-05-24,0.49,4,19,6,
16281808,2 Rooms in nice appartment 15 min from central,23541339,1465274653181823173,Christian,,Bromma,59.33486,17.95346,Private room,,2,7,2022-07-28,0.06,4,0,0,
16399289,Beautiful apartment in central Stockholm,107436444,1467302108441830002,Arttu,,Södermalms,59.3194,18.0351,Entire home/apt,2739,2,74,2026-06-14,0.65,1,23,1,
16413373,Totally renovated with an amazing sea view,3316808,1462625627921437073,Rickard,,Kungsholmens,59.33703,18.02957,Entire home/apt,,2,5,2018-08-19,0.04,1,0,0,
16437808,"Trevligt boende nära t-bana, natur, litet centrum.",5426620,1462680548449181067,Bo,,Skarpnäcks,59.27525,18.13436,Private room,528,25,13,2019-08-27,0.12,4,358,0,
16601263,Top Floor apart. with 2 balconies,17421189,1463009692749409344,Henrik,,Södermalms,59.31722,18.05166,Entire home/apt,,365,0,,,1,269,0,
16712348,"Beautiful..! 2 Level House, 200m from the water.",110746279,1467338999438239783,Martin,,Bromma,59.339,17.96526,Entire home/apt,4987,2,46,2023-07-09,0.41,1,361,0,
16714619,Right in the heart of popular SOFO,5772146,1462689198747906157,Lina,,Södermalms,59.31218,18.07603,Entire home/apt,,3,97,2026-06-28,0.86,1,6,16,
16837456,Premium Stockholm City 2 room apartment!,78598934,1466962223975843358,Robert,,Östermalms,59.35779,18.09785,Entire home/apt,,4,20,2024-05-24,0.17,1,0,0,
16855800,New studio  - like a hotel room with a kitchen,49383117,1465752897623845211,Anna,,Enskede-Årsta-Vantörs,59.28187,18.04983,Entire home/apt,1176,5,345,2026-05-26,3.08,1,285,34,
16887676,"Cool apt, family friendly, great view, balcony",1740740,1462577183665495231,Nadia,,Södermalms,59.31898,18.05252,Entire home/apt,5383,3,24,2025-08-17,0.25,1,11,5,
16978448,Parkview pearl of the south,113622052,1468173492086207245,Ric,,Södermalms,59.31514,18.08842,Entire home/apt,2008,6,24,2026-06-24,0.22,1,41,3,
17006375,3 room and kitchen close to inner city,70942841,1466877886900032291,Per Moberg,,Bromma,59.33409,17.94778,Entire home/apt,1446,2,244,2026-06-14,2.14,9,316,20,
17032438,Sekelskifteslägenhet m 2 sovrum mitt på Södermalm!,234536,1462513365421738871,Louise,,Södermalms,59.31384,18.07463,Entire home/apt,,3,5,2025-07-21,0.13,1,0,2,
17042544,"Charmigt sekelskiftes hus med uppvärmd pool, 30°C.",36622692,1465545444635260604,Eva,,Bromma,59.35987,17.95194,Entire home/apt,4565,5,19,2025-08-09,0.17,1,180,1,
17073334,Välkomna till trivsam villa nära Stockholms City,33545089,1465490703341165689,Anna,,Hägersten-Liljeholmens,59.30206,17.96947,Entire home/apt,1141,4,29,2026-06-19,0.28,1,122,6,
17109133,Bright 2 room apartment (5 min from södermalm),8786097,1462786968505398169,Helena,,Hägersten-Liljeholmens,59.29569,18.00643,Entire home/apt,,3,14,2025-08-10,0.41,1,0,2,
17173829,"2 room apartment in attractive Hornstull,Stockholm",29420990,1465433129967976457,Gago,,Södermalms,59.31556,18.03915,Entire home/apt,,4,20,2024-07-19,0.18,1,0,0,
17229248,Longstay rental in the heart of Stockholm,116044429,1468190773657911864,Guven,,Norrmalms,59.33738,18.05246,Private room,,1,139,2026-03-03,1.22,10,0,3,
17282454,"Beautiful larg apartment, middle of the city",30786360,1465453265367737623,Cameron,,Norrmalms,59.34294,18.04658,Entire home/apt,,1,63,2025-10-19,0.56,2,0,4,
17295671,Våning nära vattnet och centrum.,95108482,1467146544946930802,Per,,Kungsholmens,59.32854,18.03685,Entire home/apt,1206,14,2,2018-07-28,0.02,1,173,0,
17359495,Private apartment near city,64039743,1466790262299819395,Tom,,Kungsholmens,59.33192,18.02652,Entire home/apt,,3,41,2024-01-01,0.37,1,0,0,
17506567,Bright 1 bedroom apartment city center Kungsholmen,29697741,1465436905431774698,Paulina,,Kungsholmens,59.3363,18.03087,Entire home/apt,,3,20,2024-06-16,0.18,1,0,0,
17540965,Room with a seaview unique apartment Old Town,118983971,1462915147060737943,Casimir,,Södermalms,59.32355,18.07509,Private room,2275,3,13,2019-08-14,0.12,1,363,0,
17555369,Beautiful house with garden 10 min to city,97105263,1467169761928220337,Anders,,Skarpnäcks,59.2833,18.10496,Entire home/apt,,3,20,2024-08-02,0.18,1,0,0,
17565551,Spacious Villa with Sunny Garden - Bromma,25463586,1462633624816788200,Johan,,Bromma,59.35151,17.9052,Entire home/apt,3989,5,9,2023-07-26,0.08,1,14,0,
17666349,"Small, charming villa,  Långsjö, Stockholm",120251168,1468224047890863158,Paul,,Älvsjö,59.26727,17.98085,Entire home/apt,,4,6,2024-08-25,0.06,1,0,0,
17732905,Spacious house with panoramic view of Lake Mälaren,13642609,1462918119226921136,Helena,,Hägersten-Liljeholmens,59.30135,17.94566,Entire home/apt,6444,2,36,2026-06-22,0.32,1,232,4,
17733829,Designed and cosy apartment by the sea near SoFo,15798972,1462970952046638626,Jenny,,Södermalms,59.30631,18.10589,Entire home/apt,,2,27,2025-08-07,0.24,1,0,2,
17740917,City Backpackers - Comfortable 6-bed Apartment,4380521,1462535254779793240,City Backpackers,,Norrmalms,59.33595,18.05527,Entire home/apt,2635,1,86,2026-06-20,0.80,3,270,11,
17742573,Beautiful appartment in great location,16140991,1462979529913864896,Erika,,Enskede-Årsta-Vantörs,59.29463,18.07681,Entire home/apt,,6,14,2021-10-01,0.12,1,0,0,
17808076,Unique Hornstull/Södermalm family apartment,29359040,1465432395409063698,Jonas,,Södermalms,59.31985,18.03686,Entire home/apt,,4,32,2025-09-09,0.28,1,0,4,
17816981,Enjoy the historical surroundings in Gamla Stan!,3242909,1462623638391091703,Christina,,Södermalms,59.32428,18.06819,Entire home/apt,6358,4,29,2026-05-31,0.28,1,256,4,
17821459,Bright beautiful apartment on Stora Essingen,121839893,1468236725766521011,Wiveca,,Kungsholmens,59.32184630564126,17.99123886246714,Entire home/apt,1484,2,112,2026-06-21,0.99,1,17,9,
17827003,Warm big room with working place.,49727779,1462713968876309671,Nils,,Hägersten-Liljeholmens,59.30965,17.99307,Private room,594,2,88,2026-06-19,0.78,2,179,8,
17895169,Boende söder om stockholm,121200204,1462920139767674855,Nebil,,Farsta,59.25736374235939,18.08215331286192,Entire home/apt,1050,1,0,,,1,331,0,
17916548,UNIQUE Old Town,98254434,1467182305986190170,Robert O Yasmin,,Södermalms,59.3264,18.07522,Entire home/apt,1680,2,392,2026-06-13,3.55,4,285,38,
18004529,Cosy city retreat with patio,51925004,1465819463820524717,Kris,,Norrmalms,59.34421,18.05708,Entire home/apt,1946,2,151,2026-06-27,1.36,1,13,7,
18052233,Charming two room apartment. Close to inner city.,70942841,1466877886900032291,Per Moberg,,Bromma,59.333541377010455,17.946391430965676,Entire home/apt,1369,2,159,2026-04-30,1.43,9,316,3,
18083184,"Modern, Stylish Apartment Central Located in Stockholm",92931871,1467122788360620448,Therese,,Kungsholmens,59.33622,18.03015,Entire home/apt,6847,1,47,2026-06-08,0.42,1,163,3,
18085106,Central 3-room luxury apart with balcony,4687217,1462536828897047440,Jonathan,,Kungsholmens,59.33543,18.03281,Entire home/apt,3596,7,22,2025-12-31,0.24,1,37,3,
18170594,Nice flat close to the city and nature!,125339994,1468263626032731635,Sofia,,Skarpnäcks,59.28507,18.10844,Entire home/apt,,3,7,2022-08-07,0.06,1,0,0,
18221204,Modern apartment close Lake Mälaren,125816669,1468267564615089471,Mathias,,Hägersten-Liljeholmens,59.30279,17.94954,Entire home/apt,,3,36,2026-01-03,0.33,1,5,3,
18236067,Roomy artists apartment in central Stockholm,3194595,1462622287168297285,Agnes,,Kungsholmens,59.33133,18.02841,Entire home/apt,,2,29,2024-09-02,0.26,1,0,0,
18239796,City central in a green area with beach to swim,60786063,1466748848423468619,Ulrika,,Kungsholmens,59.32578,18.01258,Entire home/apt,,4,1,2017-07-31,0.01,1,0,0,
18265599,Charming house in Stockholm,66569882,1466822500752175166,Charlotta,,Älvsjö,59.28194,17.98456,Entire home/apt,,4,18,2024-08-04,0.16,1,0,0,
18352839,Cozy and close to Farsta centrum apartment,80107474,1466977085196324015,Abdi,,Farsta,59.24559,18.08344,Private room,858,1,25,2026-05-30,0.22,2,351,4,
18369396,Light and quiet home in the heart of Stockholm,18318027,1463051817572003599,Delphine,,Södermalms,59.31492,18.06911,Entire home/apt,,4,21,2026-01-04,0.19,1,0,3,
18399110,Available for Ukrainian refugees only for free,62391012,1466769543383906663,Alexander,,Norrmalms,59.34564,18.05509,Entire home/apt,,2,4,2017-06-16,0.04,1,0,0,
18453248,Cosy villa close to Stockholm City,109484367,1467325289277374097,Helene,,Spånga-Tensta,59.38091,17.87617,Entire home/apt,3388,2,22,2026-05-17,0.20,2,40,1,
18467405,88m2 Family friendly flat in SoFo,5583033,1462684306465092436,Mikael,,Södermalms,59.31288,18.09559,Entire home/apt,,2,3,2024-07-21,0.03,1,0,0,
18504078,"Top two floor apartment in Hornstull, Södermalm.",13668504,1462918798680087915,Frida,,Södermalms,59.31899,18.02922,Entire home/apt,2910,4,39,2026-06-27,0.36,1,10,9,
18514991,"Beautiful and charming apt. 3 room, 69 m2",60517128,1466745305346819833,Helena,,Södermalms,59.31808,18.03755,Entire home/apt,,2,48,2025-08-16,0.44,1,3,5,
18524537,Nice family villa close to Stockholm city,3883076,1462641779142631758,Marten,,Skarpnäcks,59.27179,18.11332,Entire home/apt,4888,3,11,2024-07-27,0.10,1,358,0,
18535266,Modern villa with 6 rooms in calm area,113038459,1467363596401667843,Marina,,Farsta,59.26794,18.08355,Entire home/apt,3288,1,27,2026-06-23,0.27,1,38,5,
18559674,"Ewas place at Tantolunden, B&B included breakfast!",3825722,1462640394536047445,Ewa,,Södermalms,59.31393,18.041,Private room,685,1,436,2026-06-24,3.95,1,257,46,
18580730,"Top-rated, Lovely, Best Location in SOFO",3499495,1462530262939010421,Sophie And Lara,,Södermalms,59.30749,18.07862,Entire home/apt,,4,19,2020-12-14,0.17,1,0,0,
18584449,"Sekelskiftesvåning 170kv i Vasastan, Stockholm",129035868,1468294670837241259,Bo,,Norrmalms,59.34625,18.06007,Entire home/apt,4660,6,53,2025-08-30,0.49,1,156,4,
18590049,The best location in town!,127814223,1468284407761876522,Debora,,Södermalms,59.31444,18.09108,Entire home/apt,,2,9,2018-08-30,0.08,1,0,0,
18624647,2 bedroom apartment with a view: Grace,31783855,1465466941194125459,Residence,,Södermalms,59.32465,18.07254,Entire home/apt,4737,2,60,2025-01-11,0.58,9,268,0,
18625295,Come and enjoy Sthlm in a perfect location.,41925501,1465624099047154138,David,,Södermalms,59.30548,18.10831,Entire home/apt,,2,12,2018-08-03,0.11,1,0,0,
18642000,"Perfect family apt in cool Hornstull, Södermalm",109078313,1467320951268491265,Sofia,,Södermalms,59.31673,18.04091,Entire home/apt,,3,90,2024-10-17,0.83,1,4,0,
18648544,Bright flat with lake view and private terrace,6064572,1462697006230479113,Hanna,,Skärholmens,59.28175,17.87822,Entire home/apt,1332,3,151,2026-06-14,1.53,2,267,25,
18653004,Green garden sea side city villa,13613382,1462916618999564961,Marcus,,Kungsholmens,59.31904,17.99315,Entire home/apt,1997,7,0,,,1,148,0,
18686379,Bright & elegant apartment near city and nature,129886988,1468302218383926604,Morgane,,Skarpnäcks,59.29335,18.1035,Entire home/apt,,2,17,2024-08-18,0.15,1,0,0,
18705276,"In the heart of Gamla Stan (Old Town), Stockholm",2417419,1462594503419800358,Annika,,Södermalms,59.32525,18.07499,Entire home/apt,,21,2,2018-08-30,0.02,2,0,0,
18749318,Beautiful family friendly home close to StockholmC,130434807,1468306949584335839,Pär,,Enskede-Årsta-Vantörs,59.28721,18.08053,Entire home/apt,,5,28,2025-07-19,0.26,1,9,2,
18752236,"Charming apt 4 min from metro, close to Södermalm",125485097,1468264792757989340,Jens,,Hägersten-Liljeholmens,59.30093,18.00752,Entire home/apt,1122,2,14,2026-06-14,0.13,1,64,3,
18757811,Apartment with stunning view of Lake Mälaren.,12685263,1462893329009365952,Hedvig,,Hägersten-Liljeholmens,59.30282,17.94416,Entire home/apt,3481,3,19,2023-10-31,0.17,1,47,0,
18790820,Karlaplan - Best place and location in Stockholm!,130785339,1468309912547239338,Jonas,,Östermalms,59.33731,18.08796,Entire home/apt,5577,1,54,2025-12-30,0.50,1,33,5,
18835946,Charming Stockholm villa with lush garden,48646643,1465737353281845362,Olavi,,Farsta,59.26877975463867,18.084896087646484,Entire home/apt,2558,7,7,2019-07-28,0.06,1,10,0,
18838543,House with a garden close to nature & city centre,3828145,1462640427737151697,Anita,,Skarpnäcks,59.27158,18.13948,Entire home/apt,,3,49,2026-04-10,0.45,1,4,7,
18840650,"90 m2 Hammarby sjöstad, family friendly by the sea",3445154,1462629607469073405,Mia,,Södermalms,59.30394,18.1103,Entire home/apt,,2,9,2024-08-02,0.08,1,0,0,
18861813,Beautiful house with a lovely garden close to town,29427184,1465433221414500173,Roberto,,Enskede-Årsta-Vantörs,59.29156,18.06748,Entire home/apt,4831,3,52,2025-08-18,0.47,1,36,8,
18875126,Luxurious Central 3-room Apt. Östermalm Stockholm,39157518,1465584965701635832,Andrés,,Östermalms,59.33462,18.08253,Entire home/apt,3766,3,8,2025-08-17,0.07,1,6,2,
18938160,A nice and cozy apartment in southern Stockholm,132022704,1468320960483044386,Amanda,,Södermalms,59.30771,18.06669,Entire home/apt,,7,36,2022-08-01,0.33,1,0,0,
18968521,Beautiful sunny house and garden near the city,11629697,1462579326555418257,Emanuel,,Skarpnäcks,59.28033,18.11423,Entire home/apt,4494,3,43,2025-08-09,0.39,1,14,6,
18971358,"Spacious house in green area, good communications",132320138,1468323434613186089,Anna,,Bromma,59.35286,17.91433,Entire home/apt,2625,5,12,2025-07-25,0.11,1,17,1,
18971965,Green retreat in old garden city,60636779,1466746834769890478,Sigrun Sissi,,Enskede-Årsta-Vantörs,59.28382,18.0867,Private room,,3,78,2022-08-01,0.71,1,0,0,
18980729,Nyrenoverat hus i Mälarhöjden,33412249,1465488957281740880,Maria,,Hägersten-Liljeholmens,59.29734,17.96967,Entire home/apt,,6,1,2019-08-03,0.01,1,0,0,
19001942,Perfect family house 10 min from Stockholm C,99198133,1467192730109377063,Ellinor,,Enskede-Årsta-Vantörs,59.27227,18.03385,Entire home/apt,,5,9,2022-08-07,0.09,1,0,0,
19008161,Diamond av the Kista,32335013,1465474888403155907,Raheleh,,Rinkeby-Tensta,59.41138,17.91785,Entire home/apt,605,34,0,,,1,88,0,
19081083,Södermalm Heights,5950422,1462693687616647017,Dmitry,,Södermalms,59.3135,18.08835,Entire home/apt,,2,46,2025-07-28,0.42,1,0,2,
19096294,Mosebacke. A tranquil oasis in the best location,73577595,1466907220641165110,Kevin,,Södermalms,59.31764,18.07418,Entire home/apt,,10,17,2024-05-25,0.20,1,0,0,
19114084,Cosy modern apartment in Stockholm next to water,29037188,1462646718207611901,Danielle Kebbon,,Hägersten-Liljeholmens,59.30732,18.03084,Entire home/apt,1312,7,8,2024-12-27,0.07,1,27,0,
19138344,Big flat w private patio in heart of Hip Södermalm,4988629,1529314920314894544,Michel,,Södermalms,59.31612,18.05718,Entire home/apt,,6,23,2026-01-02,0.21,1,0,3,
19158238,Charming 4 floor house close to city and nature,133318164,1468332013116897310,Sara,,Enskede-Årsta-Vantörs,59.26566,18.0286,Entire home/apt,2853,5,11,2023-08-14,0.10,2,87,0,
19165670,"Wonderful apartment in Stockholm, Old Town",134034552,1468337834119833939,Jessica,,Södermalms,59.32459,18.06957,Entire home/apt,,3,36,2022-04-25,0.33,1,0,0,
19209990,Nice 2-room apartment with sunny balcony,37384109,1465559256949558584,Lars,,Södermalms,59.30779,18.06486,Entire home/apt,3875,3,17,2026-06-27,0.16,1,332,7,
19210533,"Modern room close to nature, 30min from center",117158316,1468199580306906531,Iryna,,Enskede-Årsta-Vantörs,59.26131,18.02366,Private room,357,20,251,2025-10-02,2.28,1,44,1,
19216729,Nice room located close to Globen,37136109,1465553019119985476,Maria,,Enskede-Årsta-Vantörs,59.28711,18.0921,Private room,,3,73,2025-12-28,0.67,1,0,11,
19218956,Stockholm/Midsommarkransen with lovely backyard,134514755,1468341795464464880,Anna,,Hägersten-Liljeholmens,59.30165,18.00793,Entire home/apt,,2,4,2022-07-24,0.04,1,0,0,
19243849,Cozy+Spacious! With sauna & own entrance,60869017,1466749764613787682,Hanna,,Bromma,59.32646,17.96506,Entire home/apt,1880,4,205,2026-06-20,1.87,1,48,18,
19253771,Luxurious design studio in city center w/ skyline,29102713,1465428932249631012,Bo,,Norrmalms,59.33578,18.06932,Entire home/apt,619,22,23,2026-01-31,0.21,1,149,2,
19298215,Nice apartment 10 min from city for 1-4 people,119332990,1468216756354163386,Åsa & Peter,,Älvsjö,59.27572,18.00448,Entire home/apt,,5,6,2019-08-05,0.06,1,0,0,
19361013,Casa Mia - Oas vid Mariatorget och Tantolunden,17561531,1463013057480976778,Mia,,Södermalms,59.31617,18.05302,Entire home/apt,2490,2,23,2025-07-23,0.21,1,2,2,
19363657,Familjevänligt hus i Älvsjö,86167495,1467037290664271388,Johan,,Älvsjö,59.27721,18.00254,Entire home/apt,2853,3,27,2025-08-09,0.25,1,19,3,
19398659,Studio with fantastic view in trendy Södermalm,6488675,1462545826285956215,Mona,,Södermalms,59.31963,18.03568,Entire home/apt,1655,2,24,2025-03-29,0.22,1,9,0,
19398878,1 room in large apartment - Downtown Stockholm,37574379,1465562623821648525,Karin,,Norrmalms,59.33868,18.06671,Private room,,3,20,2024-08-11,0.18,1,0,0,
19441210,"Charming 1,5 room apartment. With great location",35936252,1465532694907540562,Andreas,,Södermalms,59.30853,18.09041,Entire home/apt,,5,24,2023-08-21,0.22,1,0,0,
19486543,Quiet and comfortable place in popular area,133326512,1468332070624293906,Lina,,Södermalms,59.30996,18.06313,Entire home/apt,,60,12,2023-08-29,0.11,1,0,0,
19494328,Cosy guesthouse,136209558,1468356552195417970,Kai,,Hässelby-Vällingby,59.3813,17.81733,Entire home/apt,1393,2,148,2026-06-14,1.45,1,329,14,
19501386,Sjönära boende nära Stockholm city,136930925,1468362117024502161,Susanne,,Skarpnäcks,59.24581,18.13705,Entire home/apt,514,7,2,2023-08-06,0.02,1,69,0,
19526935,Classic apartment in the heart of Stockholm,134915295,1468345173969227162,Adam,,Norrmalms,59.34237,18.05652,Entire home/apt,,1,10,2018-08-17,0.09,1,0,0,
19560352,Beautiful and spacious apartment in best location,10516558,1462842696757372539,Therese,,Östermalms,59.33984,18.06764,Entire home/apt,5763,1,60,2026-07-01,0.55,1,4,11,
19583721,Ideally placed apartment in the heart of Södermalm,137648124,1468367905495083014,Anders,,Södermalms,59.3145,18.07511,Entire home/apt,3475,1,28,2026-06-16,0.26,1,181,6,
19591550,Radhuset,137719159,1468368537605144027,Evelina,,Enskede-Årsta-Vantörs,59.26561,18.02876,Entire home/apt,2628,3,8,2025-10-13,0.33,1,233,4,
19595488,Ljust trevligt rum på Kungsholmen,127066820,1468278152267800671,Caroline,,Kungsholmens,59.32787,18.01241,Private room,1273,2,64,2026-06-11,1.30,1,253,15,
19597654,"Lovely house in Stockholm, near City, Archipelago",137783145,1468368989971270135,Ann-Sofie,,Enskede-Årsta-Vantörs,59.289939880371094,18.062829971313477,Entire home/apt,2969,4,2,2024-08-10,0.02,1,28,0,
19600866,"3 room apartment, at Mariatorget",44328886,1465658551661459081,Sofia,,Södermalms,59.3183,18.06147,Entire home/apt,,4,1,2023-09-17,0.03,1,0,0,
19634096,Nytorget 50 m2 with astonishing view and privacy,53666787,1465872211253171938,Björn,,Södermalms,59.31323,18.08207,Entire home/apt,1826,4,224,2026-06-27,2.08,1,22,31,
19675032,Casa Jelena at Slussen in the heart of Stockholm,135712941,1468352128175501903,Jelena,,Södermalms,59.3183,18.07015,Entire home/apt,4333,4,38,2025-08-10,0.35,1,6,4,
19688566,Fabolous flat in the city center,138684890,1468376239358413612,Michaela,,Norrmalms,59.34781,18.05805,Entire home/apt,,5,12,2019-11-22,0.11,1,0,0,
19723306,Bright & Comfortable. Positive energy. 15m fr city,4433881,1462657393604690087,Paulina,,Enskede-Årsta-Vantörs,59.30124,18.0511,Entire home/apt,1411,3,3,2025-08-16,0.26,1,202,3,
19734813,House with pleasant garden close to Stockholm city,38623518,1465577525606844867,Arvid,,Farsta,59.27128,18.07595,Entire home/apt,,5,6,2023-07-27,0.06,1,0,0,
19764284,Family townhouse close to Stockholm City & nature,4157233,1462648956771998389,Brian,,Bromma,59.35534,17.90458,Entire home/apt,,4,12,2022-07-31,0.11,1,3,0,
19776861,Close to inner city. Big kitchen and nice view.,70942841,1466877886900032291,Per Moberg,,Bromma,59.33372884003331,17.947358125160857,Entire home/apt,1388,4,186,2026-06-23,1.73,9,183,20,
19794040,Cosy appartment close to city centre,17168257,1463003714946785664,Funda,,Södermalms,59.3059,18.10608,Entire home/apt,2625,2,30,2026-06-01,0.28,1,9,5,
19798597,Home sweet home,109595810,1467326459225915645,Vasile,,Kungsholmens,59.33421,18.02752,Entire home/apt,982,7,19,2026-06-28,0.19,1,313,10,
19816010,Breakfast paradise City Stockholm,3572655,1462530678053518926,Sara,,Norrmalms,59.34653,18.05981,Private room,1408,1,151,2026-06-25,1.42,1,281,10,
19832124,"Lovely apartment , only 17 min from city!",39156016,1462680641832455805,Johan,,Rinkeby-Tensta,59.41612,17.91244,Entire home/apt,,2,2,2017-09-14,0.02,2,0,0,
19862927,Charming house with big garden - close to town,2123649,1462586964439429675,Anna-Maria,,Skarpnäcks,59.2838,18.0981,Entire home/apt,3629,2,3,2025-07-24,0.12,1,9,1,
19889838,Älvsjö Villa next to Stockholm Fair & City,7267191,1462727602932993431,Ann,,Älvsjö,59.27996,18.00573,Entire home/apt,3196,1,50,2026-06-08,0.47,1,28,7,
19898845,"Live central, close to Rålis and the water",65193438,1462768518498417168,Sandra,,Kungsholmens,59.32981,18.0324,Private room,,1,27,2024-05-21,0.25,1,0,0,
19919030,Private room for a female,95076982,1462859356656566790,Karolina,,Hässelby-Vällingby,59.36637,17.83164,Private room,616,1,36,2021-11-21,0.33,1,61,0,
19921799,2 room apartment + balcony in fantastic Hornstull,30722410,1465452093013656361,Rebecca,,Södermalms,59.3179,18.02731,Entire home/apt,,2,13,2023-01-27,0.12,1,0,0,
19975953,ETAGE Old Town,98254434,1467182305986190170,Robert O Yasmin,,Södermalms,59.32466,18.07407,Entire home/apt,3360,2,334,2026-06-11,3.14,4,295,41,
20032763,SOFO studio (20m from subway),56885529,1465930010039781616,Christoffer,,Södermalms,59.30862,18.07431,Entire home/apt,2427,2,21,2024-05-19,0.19,1,169,0,
20038562,~10 min walk to beach & inner city,122042761,1468238306997404485,Suzanne,,Kungsholmens,59.33722,18.03253,Private room,,365,48,2020-03-21,0.45,1,363,0,
20039225,Fluffy Dog+Lux Apt Very Central(ROOM TWO),1293314,1462541935515972927,Tommy,,Kungsholmens,59.33312,18.04513,Private room,727,1,610,2026-06-21,5.75,2,251,53,
20044093,Lofty apartment in the cultural HQ of Stockholm,44742496,1465664227975629266,Anna,,Södermalms,59.30995,18.08144,Entire home/apt,2853,2,10,2023-07-29,0.09,1,7,0,
20083733,Årsta Stockholm,142778332,1462967831263635646,Rubén Roberto,,Enskede-Årsta-Vantörs,59.29466,18.04665,Private room,1157,1,32,2025-08-24,0.29,1,364,2,
20156417,Rum i  Älvsjö,99256461,1467193370186261600,Jenny,,Älvsjö,59.27343,17.99547,Private room,1767,2,25,2026-06-14,0.74,1,67,9,
20262189,Central apartment in Stockholm,35357730,1465522355377135644,Rebecca,,Kungsholmens,59.33292,18.03733,Entire home/apt,,1,11,2024-02-24,0.11,1,0,0,
20302404,Newly built luxury house near Stockholm City,42609885,1465633068170764052,John,,Älvsjö,59.2742,17.96448,Entire home/apt,5135,3,0,,,1,263,0,
20328167,Central Stockholm and Free Airport Pick-Up,80834734,1462827669617136225,Sophia,,Östermalms,59.34636,18.09626,Entire home/apt,3591,2,342,2026-06-21,3.17,1,35,4,
20359206,Conveniently close to city guestroom,145217681,1468427773837891855,Johan,,Kungsholmens,59.33543,18.03371,Private room,754,2,450,2026-06-20,4.17,1,14,44,
20399072,500 year old house next to Royal Palace,1027549,1462536170935368379,William,,Södermalms,59.32391,18.06823,Entire home/apt,5760,1,503,2026-06-28,4.73,17,321,61,
20462705,"Cosy 2 room apartment, with a balcony & sea-view!",14040373,1462929093558773772,Isabel,,Södermalms,59.316017150878906,18.029813766479492,Entire home/apt,1370,1,33,2025-09-18,0.31,1,314,2,
20531912,"3 room apartment. Green area, close to inner city.",70942841,1466877886900032291,Per Moberg,,Bromma,59.33391,17.94692,Entire home/apt,1484,3,296,2026-06-09,2.75,9,281,35,
20533411,Green area with a nice view. Balcony.,70942841,1466877886900032291,Per Moberg,,Bromma,59.331472160858794,17.947985900458647,Entire home/apt,1484,2,197,2026-06-10,1.83,9,305,18,
20603869,"Beatyful boutique, best location, Stockholm",33642547,1465491974537568657,Christina,,Östermalms,59.33992,18.09673,Entire home/apt,2291,1,73,2026-06-14,0.68,1,274,8,
20698538,Spacious apartment on Södermalm,148153899,1468451498347199744,Margareta,,Södermalms,59.3099,18.07518,Entire home/apt,,3,68,2024-09-13,0.64,1,0,0,
20780767,Lovely green apartment in Midsommarkransen,22632858,1463184552826888436,Ida,,Hägersten-Liljeholmens,59.30238,18.01259,Entire home/apt,,3,52,2026-04-07,0.49,1,6,4,
20946954,Bright studio in Södermalm,150625296,1468481039471053967,Maryam,,Södermalms,59.31091,18.05576,Entire home/apt,825,3,23,2026-06-10,1.67,1,90,16,
21053456,"Large, clean room close to nature and the city",118678982,1468211668583445674,Carl Fredrik,,Skarpnäcks,59.2771,18.12341,Private room,,7,26,2020-09-06,0.25,1,0,0,
21053668,Room in beautiful central flat for females,151671571,1468489354289739399,Maria,,Kungsholmens,59.33795,18.02989,Private room,,1,3,2023-10-19,0.08,1,0,0,
21193417,Central and cozy apartment in central Stockholm,23341612,1465271972728144208,Sarah,,Södermalms,59.30727,18.06722,Entire home/apt,,3,17,2020-10-29,0.16,1,0,0,
21221399,Close to the City; Avicii/3 Arena; Free Parking,134057704,1468338087154316497,Anders,,Enskede-Årsta-Vantörs,59.28639,18.08171,Entire home/apt,,2,144,2026-06-01,1.36,1,1,16,
21245552,"Magnificent view, top floor, early 19 cent. flat!",153578335,1468504504975396329,Fias,,Södermalms,59.31979,18.03827,Entire home/apt,,6,20,2025-10-20,0.19,1,0,3,
21393711,"Wevio Stockholm Garden home | King Bed, Sleeps 4",20810499,1462614645621516953,Anupam,,Rinkeby-Tensta,59.41336,17.90313,Entire home/apt,1483,1,43,2026-06-01,0.42,2,301,10,
21396341,Nice apartment in Hornstull,2637635,1462603493925943715,Björn,,Södermalms,59.31799,18.03747,Entire home/apt,,3,10,2024-11-10,0.09,1,0,0,
21439482,Revamped Apartment in 400 Year-Old Building,8547277,1462770124768695248,Tom,,Södermalms,59.32497,18.07437,Entire home/apt,2535,2,268,2026-03-29,2.54,9,223,12,
21479041,"1-2 personer: Lugnt boende, närhet till city",156002899,1468522762468151347,Olof,,Kungsholmens,59.32019,17.98117,Entire home/apt,1089,3,2,2025-05-19,0.09,1,31,0,
21482249,Longtstay rental Central Location in Stockholm,116044429,1468190773657911864,Guven,,Norrmalms,59.33857,18.05392,Hotel room,,1,56,2026-01-26,0.53,10,0,1,
21496275,Room available in Stockholm preferably long term,156166816,1468524148146950367,Ghazzal,,Spånga-Tensta,59.38724,17.90078,Private room,,7,21,2025-08-15,0.26,2,0,1,
21558220,"Stockholm, charming studio, garden-close to a lake",7136111,1462724335875645278,Susanne,,Älvsjö,59.276508,17.987471,Entire home/apt,1043,3,4,2023-09-30,0.04,3,312,0,
21662894,solberga house for rent,35207118,1465520136437351525,Sabrina,,Älvsjö,59.28709,18.01222,Private room,169,72,0,,,1,90,0,
21752432,Central and next to the metro station,99505618,1467196099329363292,Charlotte,,Kungsholmens,59.33121,18.01443,Entire home/apt,,3,93,2026-03-24,0.89,1,0,5,
21767802,The Woodland Cemetery chain house,641617,1462524643067307477,Sofie,,Skarpnäcks,59.27559,18.11273,Entire home/apt,,4,53,2024-07-19,0.52,1,0,0,
21793613,Top Location Apartment,158816263,1468546683368273120,Kerstin,,Södermalms,59.32338,18.0716,Entire home/apt,2264,1,709,2026-06-15,6.81,2,303,85,
21813239,Charming central apartment,1419294,1462517947300229113,A And K,,Norrmalms,59.34569,18.06121,Entire home/apt,1712,7,12,2023-08-26,0.12,1,188,0,
21820648,Spacious & modern apartment,21121377,1463147189736336216,Sara,,Skarpnäcks,59.2941,18.0988,Entire home/apt,3715,2,26,2026-06-14,0.25,1,76,6,
21851676,Room Ni in a house full of students,906001,1462532925073965697,Mariam,,Spånga-Tensta,59.39157,17.91708,Private room,200,8,10,2024-02-25,0.14,6,31,0,
21918665,Close to the Royal Palace,38680227,1462679168715527344,Aura And Diaco,,Södermalms,59.32569,18.06821,Entire home/apt,2568,1,620,2026-06-24,5.94,1,163,57,
21935654,Scandinavian flat w. balcony in prominent area,51002540,1465791127373831762,Fredrik,,Östermalms,59.34503,18.09666,Entire home/apt,1974,1,396,2026-06-29,3.79,20,291,54,
21999811,"Corner flat: lake view, roof terrace, 2 balconies",50920490,1465788566377565223,Fredrik,,Norrmalms,59.33887,18.0279,Entire home/apt,,120,0,,,1,118,0,
22134471,Modern villa just outside Stockholm City,148262844,1468452334956275171,Jonas,,Älvsjö,59.28045,17.97984,Entire home/apt,3857,1,85,2026-06-14,0.82,1,81,16,
22143085,Lovley flat in AAA location,161543959,1468572224956837461,Niklas,,Södermalms,59.32204,18.07307,Entire home/apt,3652,1,467,2026-06-10,4.55,2,274,71,
22180937,Cosy flat close to nature and town,10517603,1462842718223862394,Caroline,,Skarpnäcks,59.29314,18.11111,Private room,913,1,165,2026-06-24,1.62,1,158,15,
22183897,Apartment in Stockholm City - 50 meter from metro,83340766,1467009275632849352,Niklas,,Norrmalms,59.34331,18.05762,Entire home/apt,,4,3,2018-08-11,0.03,2,0,0,
22199829,Two room apartment. Close to inner city. Balcony!,70942841,1466877886900032291,Per Moberg,,Bromma,59.33228,17.9477,Entire home/apt,1084,1,196,2026-06-13,1.91,9,312,24,
22234632,"Stylish attic, 400 year old house in Old Town",1027549,1462536170935368379,William,,Södermalms,59.32375,18.06935,Entire home/apt,4188,1,463,2026-06-14,4.52,17,332,58,
22303112,Basement apartment with own garden close to subway,27764797,1465409825931416946,Dennis,,Hässelby-Vällingby,59.35707,17.88943,Entire home/apt,1563,5,106,2026-06-08,1.05,1,233,21,
22389220,Cosy and modern Annex in Stockholm,4455221,1462657923136378796,Janu,,Enskede-Årsta-Vantörs,59.2701,18.06202,Entire home/apt,1313,2,101,2026-06-14,0.99,2,217,4,
22420988,Private room in  B cozy house,164172738,1468596173169106691,Hamid,,Skärholmens,59.28962,17.91682,Private room,566,2,78,2026-06-26,0.76,2,147,17,
22537815,120 kvm parhus nära Älvsjömässan och Stockholms C,165434810,1468606203725533310,Cecilia,,Älvsjö,59.28824,18.01386,Entire home/apt,,4,2,2018-07-15,0.02,1,0,0,
22580425,Two room apartment close to inner city. Balcony!,70942841,1466877886900032291,Per Moberg,,Bromma,59.33307017491142,17.945990399711654,Entire home/apt,1370,4,169,2026-06-03,1.65,9,246,20,
22604149,Delightful apartment close to city center,16376577,1462985259610208993,Jenny,,Enskede-Årsta-Vantörs,59.29463,18.07625,Entire home/apt,,3,2,2018-11-05,0.02,1,0,0,
22677610,Longstay rental Central located Hotel in Stockholm,116044429,1468190773657911864,Guven,,Norrmalms,59.33847,18.05283,Hotel room,,1,76,2026-04-06,0.74,10,0,6,
22759927,Nice as New independant  studio in Stockholm,168109989,1463036494111981653,Jean Philippe,,Rinkeby-Tensta,59.3997,17.94392,Entire home/apt,,30,74,2025-12-13,0.72,1,15,2,
22800674,Studio Apartment Delight,31783855,1465466941194125459,Residence,,Södermalms,59.32423,18.07437,Entire home/apt,2548,2,70,2026-06-12,0.69,9,247,3,
22863448,Rum med egen ingång.,79735175,1466973562859070699,Gunnar,,Farsta,59.26994,18.08585,Private room,,2,31,2019-11-29,0.31,2,0,0,
22898027,"Rooftop two floors apt., 10 min from Old town",14567667,1462941718818598560,Joakim,,Hägersten-Liljeholmens,59.2996,18.00479,Entire home/apt,,5,50,2026-01-08,0.50,1,0,5,
22921177,Modern apartment in Stockholm near the inner city!,71529322,1466884518415379206,Mattias,,Bromma,59.33922,17.928,Entire home/apt,,3,13,2019-11-04,0.13,1,0,0,
22957473,Homefeeling with cat in trendy Södermalm,105330509,1467270651165493113,Ida,,Södermalms,59.31178,18.05829,Private room,,3,4,2021-09-23,0.07,2,0,0,
23003949,Nature & Big Centrum same time,17078262,1463001623236146588,Ayaz,,Skärholmens,59.28204,17.8961,Private room,410,2,1,2022-12-21,0.02,1,363,0,
23018619,Charming 2 floor townhouse with garden,119108173,1468215014773059612,Jon,,Enskede-Årsta-Vantörs,59.28127,18.08908,Entire home/apt,,25,30,2025-08-16,0.30,1,0,2,
23084575,"Family Villa in Ålsten, Bromma",56928887,1465930548152744299,Jimmy,,Bromma,59.3187,17.95141,Entire home/apt,4154,5,21,2025-08-09,0.29,1,11,4,
23086418,Cozy Nice Room With Nice Wiew,78787853,1462823000679354227,Marcus,,Farsta,59.23962,18.10708,Private room,472,2,117,2025-10-08,1.16,1,146,6,
23105612,Mysig lägenhet från 1850 i hjärtat av Södermalm!,171657090,1468667147704789322,Sara,,Södermalms,59.31691,18.06864,Entire home/apt,,3,30,2024-07-01,0.30,1,0,0,
23116364,Beautiful apartment in the heart of Stockholm,37598278,1465562945108870920,Olena,,Östermalms,59.3329,18.08539,Entire home/apt,1747,3,0,,,1,23,0,
23124334,A new city apartment with big balcony,4794096,1462665507489192526,Karl Michael Christopher,,Hägersten-Liljeholmens,59.30425,18.03116,Entire home/apt,,6,5,2019-03-03,0.05,1,0,0,
23148480,Sun-drenched Balcony. Quirky Design. In Slussen!,33455180,1465489537684351985,Maja,,Södermalms,59.31947,18.07022,Entire home/apt,,2,32,2024-05-12,0.31,1,0,0,
23205793,Vita Huset,63051888,1462752142564264884,Stefanie,,Bromma,59.33682,17.90194,Entire home/apt,1500,3,4,2026-06-06,0.07,1,86,2,
23215715,"Townhouse in Stockholm, Bagarmossen",172668325,1468675955628126872,Anna,,Skarpnäcks,59.27371,18.14549,Entire home/apt,,2,2,2022-05-29,0.04,1,0,0,
23225361,Magnifik utsikt över Mälaren Gröndal/Ekensberg,133331726,1468332136178685123,Linda,,Hägersten-Liljeholmens,59.31679829999999,17.9976308,Entire home/apt,4508,2,12,2025-08-06,0.32,1,200,2,
23271374,Cozy bedroom minutes from the city.,6701243,1462713100891505661,Andrew,,Hägersten-Liljeholmens,59.29155,17.98374,Private room,560,1,18,2026-06-15,0.21,2,229,8,
23279126,Comfortable Apartment with Historic Vibe,31783855,1465466941194125459,Residence,,Södermalms,59.32351,18.07421,Entire home/apt,4337,2,69,2025-11-23,0.69,9,261,2,
23320114,"Villa with garden close to beach, forrest and city",110317343,1467334235660760523,Emeli,,Bromma,59.35142,17.89265,Entire home/apt,2699,6,23,2026-01-03,0.24,1,13,4,
23391730,Lovely room in the center of Stockholm,61468371,1466756420222313785,Alma,,Östermalms,59.33772,18.08595,Private room,,2,28,2020-11-15,0.28,1,0,0,
23406122,Longstay rental in the heart of Stockholm,116044429,1468190773657911864,Guven,,Norrmalms,59.33765,18.05333,Private room,,1,50,2024-03-30,0.49,10,0,0,
23484192,Cozy one bedroom apartment in the city,38073449,1465569739189133645,Tian,,Norrmalms,59.34595,18.03743,Entire home/apt,,2,26,2022-08-10,0.26,1,0,0,
23604449,"Upscale cityvilla with pool, gym and sauna",57723940,1466692029137378713,Carl,,Enskede-Årsta-Vantörs,59.29313,18.06947,Entire home/apt,6461,5,40,2025-07-25,0.41,1,32,3,
23617904,"Peaceful, close to city & nature. Own spa o garden",7114216,1462723796204227610,Janet,,Skarpnäcks,59.27179,18.11378,Entire home/apt,3859,2,32,2026-04-27,0.32,2,4,3,
23706792,"Rofyllt boende på Kungsholmen, Fredhäll.",57421268,1465938901412550413,Yvonne,,Kungsholmens,59.33005,17.99879,Entire home/apt,1737,4,44,2026-06-12,0.44,1,10,3,
23724386,"A beautiful, double room in Stockholm near central",166523505,1463033081115423806,Monika,,Enskede-Årsta-Vantörs,59.25953,18.01876,Private room,,2,17,2021-12-06,0.17,1,0,0,
23739852,Time Travel To The Past- Historical Apt for 4ppl,176962494,1468713903239793562,Jättna Fastighets AB,,Södermalms,59.32541,18.06836,Entire home/apt,2205,1,513,2026-06-24,5.12,2,118,54,
23749183,"Spacious, Beautiful 3 bedroom apartment, Hornstull",57043535,1465932485458848714,Adam,,Södermalms,59.31484,18.03862,Entire home/apt,,14,13,2025-08-11,0.15,1,7,1,
23763456,Old Town Great Apartment,158816263,1468546683368273120,Kerstin,,Södermalms,59.32306,18.07293,Entire home/apt,1877,1,538,2026-06-25,5.40,2,333,71,
23776209,"Cozy house in Svedmyra, Stockholm",61545373,1466757412549552811,Sara,,Farsta,59.27533,18.07204,Entire home/apt,,2,21,2025-08-17,0.21,1,1,2,
23795244,Nice big apartment in popular Södermalm,178567217,1468726280856593334,Lee,,Södermalms,59.30966,18.05331,Entire home/apt,2625,4,32,2025-08-10,0.33,1,7,5,
23805153,Modern apartment 20 min from Central (Long Stay),155067333,1468516568853794068,Sunny,,Skärholmens,59.28716,17.92311,Entire home/apt,810,20,18,2026-06-02,0.20,1,48,4,
23833310,Quiet room with kitchenette in central Stockholm,17834021,1462603894460609331,Eva,,Kungsholmens,59.33495288005292,18.025292166794948,Private room,685,1,120,2024-07-20,1.19,1,180,0,
23837926,A green oasis in central Stockholm,23108186,1465268717494972890,Anna,,Hägersten-Liljeholmens,59.30853,18.00244,Entire home/apt,,5,4,2023-07-23,0.04,1,0,0,
23854684,Cosy apartment in Midsommarkransen,7355422,1462729812895693790,Ludvig,,Hägersten-Liljeholmens,59.30257,18.01252,Entire home/apt,,3,66,2026-06-25,0.66,1,0,4,
23854853,"Old Town / Gamla Stan, best location in Stockholm",128075662,1468286575856545406,Charlotta,,Södermalms,59.32521,18.06989,Entire home/apt,2095,2,376,2026-06-28,3.76,4,305,40,
23875622,Rågsved,73463598,1466905960731496348,Marlena,,Enskede-Årsta-Vantörs,59.25919,18.02751,Private room,521,3,190,2026-06-01,1.89,1,272,10,
23876186,Modern apartment in central Stockholm,4132859,1462648299752781093,Daniel,,Kungsholmens,59.33014,18.0388,Entire home/apt,1300,2,132,2026-06-14,1.34,1,36,27,
23891377,"Cozy living next to city, forest and water",11218999,1462859820823862547,Katja,,Hägersten-Liljeholmens,59.31314,18.0063,Entire home/apt,2310,4,42,2025-08-07,0.42,1,41,3,
23933228,Charming apartment in trendy Södermalm,33882172,1465495230666739134,Mattias,,Södermalms,59.30799,18.09019,Entire home/apt,,2,10,2019-11-10,0.10,1,0,0,
23940122,Lovely apartment near to the city.,37068324,1465552078894798259,Katrin,,Södermalms,59.30567,18.10507,Entire home/apt,,2,51,2021-08-31,0.51,1,0,0,
23952164,"Cosy townhouse, close to nature and City Center",179971133,1468737595098111597,Lena,,Skarpnäcks,59.27633,18.14577,Entire home/apt,2336,4,23,2025-09-21,0.23,1,182,2,
23961999,House with garden - 15 minutes from city centre,9158165,1462796387666265554,Sara,,Farsta,59.23592,18.09177,Entire home/apt,2197,3,11,2025-08-09,0.23,1,120,2,
24022188,Private Room at Mosebacke – Walk to Gamla Stan,20883550,1463141095512955623,Arvid,,Södermalms,59.3191,18.07244,Private room,,2,201,2026-06-24,2.50,1,0,22,
24074855,Charming Penthouse in central Old Town,22876006,1462623004876155870,Bella,,Södermalms,59.32509,18.07139,Entire home/apt,4928,2,423,2026-06-27,4.34,44,229,69,
24139259,Charming home in best location,69829419,1466864376061200577,Pooyeh,,Södermalms,59.31782,18.05485,Entire home/apt,3538,1,22,2026-06-15,0.64,1,63,11,
24246715,*Perfect for families in trendy Södermalm*,21084449,1463146296049905185,Jörgen,,Södermalms,59.3115,18.06273,Entire home/apt,2953,3,32,2026-06-29,0.33,1,5,9,
24280492,By the water with balcony,103460109,1467242206885102472,Magnus,,Kungsholmens,59.32476,18.00325,Entire home/apt,,4,9,2023-11-03,0.09,1,0,0,
24283081,Stylish apartment in the heart of Södermalm.,181531774,1468751992421139671,Robert,,Södermalms,59.31369,18.07871,Entire home/apt,2049,7,14,2024-08-08,0.14,1,87,0,
24350824,Nice newly renovated apartment close to inner city,70942841,1466877886900032291,Per Moberg,,Bromma,59.33197,17.94766,Entire home/apt,1332,3,133,2026-05-25,1.37,9,318,20,
24407013,Amazing seafront house with private  dock,26675559,1465371263366233205,Petra,,Kungsholmens,59.3184,17.98441,Entire home/apt,6032,7,10,2025-08-09,0.12,1,101,1,
24409191,One room in a  cozy house,164172738,1468596173169106691,Hamid,,Skärholmens,59.28973,17.91645,Private room,576,2,64,2026-06-25,0.65,2,114,27,
24410582,A house with a cat,33744076,1465493334952546699,Anna,,Älvsjö,59.28505,18.02281,Entire home/apt,999,1,22,2026-06-21,0.56,1,1,5,
24423245,"Room in a big apartment, 20 min to the city.",184414047,1468953172103183687,Letay,,Enskede-Årsta-Vantörs,59.25212,18.03293,Private room,,2,42,2022-09-03,0.42,1,0,0,
24464307,Nära till allt - charmig vindsvåning i Gamla Stan,184781976,1468955157778197733,Jenny,,Södermalms,59.32577,18.06974,Entire home/apt,,5,3,2019-08-12,0.04,1,0,0,
24508346,Perfect place to stay in Stockholm - City & nature,60007768,1466729598692712407,Karin,,Farsta,59.26305321746834,18.12028540804095,Entire home/apt,3994,4,9,2026-06-19,0.11,1,236,3,
24556276,New renovated  apartment in central Stockholm,185519695,1468959432082774012,Emelie,,Norrmalms,59.34009,18.03517,Entire home/apt,,6,4,2019-02-01,0.04,1,0,0,
24623688,"Beautiful, large house close to city centre",13220017,1462906101249465123,Karin,,Enskede-Årsta-Vantörs,59.27663,18.06024,Entire home/apt,,4,10,2024-06-25,0.10,1,5,0,
24636490,A quiet place in the middle of the busy central,6037191,1462696191243704770,Thalia,,Södermalms,59.31764,18.04745,Entire home/apt,,4,14,2020-02-09,0.15,1,0,0,
24650660,Beautiful renovated 6 bed villa 10 min from city,165197398,1468604426861799721,Threst,,Enskede-Årsta-Vantörs,59.28047,18.06257,Entire home/apt,4993,4,43,2026-06-16,0.44,1,215,7,
24704743,"Beautiful apartment in Stockholm Central, 100 Sqm",111080537,1467342896668270398,Hanna,,Östermalms,59.33409,18.07539,Entire home/apt,,3,8,2021-08-25,0.13,2,0,0,
24706403,Villa Elfsjo,141219258,1468395692539034342,Ann-Christine,,Älvsjö,59.271660949208965,17.99765031784773,Entire home/apt,2511,2,21,2026-06-14,1.84,1,226,21,
24785705,Large apartment in the heart of Södermalm,2144361,1462587518441140600,Martina,,Södermalms,59.31097,18.06077,Entire home/apt,3838,15,14,2019-07-25,0.14,1,24,0,
24787894,Room for both singel travellers and families,5938630,1462693407410495257,Lidija,,Hägersten-Liljeholmens,59.30931,18.02038,Private room,,2,58,2020-10-23,0.59,1,0,0,
24802720,Härlig villa med lummig trädgård nära city,187510531,1468970897160896041,Stina,,Hägersten-Liljeholmens,59.30796,18.00157,Entire home/apt,,3,5,2026-06-30,0.06,1,3,1,
24837011,2 room appartement. Spacious and clean.,412283,1462517759503326921,Fredric,,Norrmalms,59.34001,18.03145,Entire home/apt,,1,6,2020-10-18,0.06,2,0,0,
24908195,"Beautiful 1,5 room apartment, 5min to subway.",15095603,1462954082779541144,Cecilia,,Bromma,59.3352,17.98142,Entire home/apt,,3,5,2023-12-03,0.05,1,0,0,
24913349,"Charming house with garden, balcony and terrace",185016948,1468956420802868611,Marcus,,Farsta,59.27494,18.07286,Entire home/apt,,6,6,2025-07-27,0.06,1,4,1,
24940632,All inclusive stay Stockholm - 30% discount now!,21803582,1462618675386505242,Camilla-Andrea,,Kungsholmens,59.32783,18.00923,Entire home/apt,,4,29,2020-04-01,0.29,1,0,0,
24952237,Feel like home!,45126140,1465669823418640098,Claudia,,Skarpnäcks,59.29544,18.09296,Entire home/apt,,5,28,2026-04-13,0.36,1,6,5,
24954979,Big cosy room in Odenplan. Close to everything.,75215492,1466924740827063453,Linda,,Norrmalms,59.33995,18.0484,Private room,1599,1,26,2026-06-27,0.27,1,143,15,
24985082,Apartment in the heart of Södermalm,98357118,1467183147360838191,Henrik,,Södermalms,59.31611,18.05448,Private room,,1,12,2019-06-19,0.12,1,0,0,
25048726,Private house from 1911 own garden 10 mins to city,67644452,1466835766874808872,Kalle,,Enskede-Årsta-Vantörs,59.28541,18.083,Entire home/apt,,2,20,2025-08-07,0.21,1,7,2,
25049872,Perfect located room in the city,134482159,1468341533182918250,Miriam,,Södermalms,59.3116,18.07595,Entire home/apt,,1,0,,,1,365,0,
25051575,Stor villa med sol hela dagen,26990407,1529316726768333752,Moa,,Skarpnäcks,59.27726,18.11034,Entire home/apt,2710,1,40,2025-08-13,0.41,1,8,4,
25064415,Beautiful one bedroom apartment in trendy area,189488675,1468982600689127782,Jonas,,Södermalms,59.31743,18.04976,Entire home/apt,,1,35,2022-11-27,0.36,1,0,0,
25106902,Cozy apartment with super location,8551981,1462770250681801511,Marie,,Kungsholmens,59.3378,18.02903,Entire home/apt,1161,12,5,2019-11-06,0.05,1,29,0,
25107035,"Small  and charming, good location.",189601729,1468983310529664345,Nina,,Kungsholmens,59.33308,18.01584,Entire home/apt,,5,12,2025-01-03,0.12,1,0,0,
25121606,Hip Hornstull,15758644,1462969979587962721,Nathalie,,Södermalms,59.31695,18.04157,Private room,,4,30,2023-04-26,0.31,1,0,0,
25144510,Spectacular view: Enjoy our roof terrace,32316559,1465474593023088313,Johan,,Hägersten-Liljeholmens,59.30072,17.95589,Entire home/apt,3542,5,9,2025-08-01,0.09,1,121,2,
25186092,Old town Stockholm,190133191,1468986713766055928,Naima,,Södermalms,59.3248,18.07324,Entire home/apt,,60,18,2019-01-11,0.19,1,0,0,
25202058,"House in Stockholm, Childfriendly, Nature reserve",42042238,1465625677802244899,Karl,,Skarpnäcks,59.27586,18.14675,Entire home/apt,,3,27,2025-07-26,0.28,1,3,2,
25204356,"Spacious apartm. near SoFo, Avicii Arena & Sthlm C",71107704,1466879790540587776,Ömer,,Enskede-Årsta-Vantörs,59.29199,18.08746,Entire home/apt,,2,44,2024-08-16,0.45,1,0,0,
25233926,My beloved home,4975338,1462669815779281716,Fredrik,,Södermalms,59.31999,18.03385,Entire home/apt,,2,18,2022-08-27,0.18,1,0,0,
25258602,"Big house,  pool, spa and close to sea and subway",136895838,1468361847755862724,Bjorn,,Hässelby-Vällingby,59.36684,17.82358,Entire home/apt,9317,6,20,2026-01-02,0.20,1,173,2,
25274580,Bright new apartment at the lake and city center,22638589,1463184704248370263,Abdulla,,Hägersten-Liljeholmens,59.30854,18.02696,Entire home/apt,,30,12,2018-11-26,0.12,1,0,0,
25298363,"Nice house w 3 bedrooms, close to the city center",79110429,1466967472447071285,Lennart,,Bromma,59.34753,17.90735,Entire home/apt,2090,4,35,2026-01-04,0.36,1,17,12,
25341716,Enjoy both the city and nature in Stockholm!,33984093,1465496612692822394,Madelene,,Hägersten-Liljeholmens,59.30375,17.98661,Entire home/apt,,4,38,2024-09-06,0.39,1,0,0,
25372452,Ett rum uthyres,191568380,1463100541110439884,Fayruz,,Skarpnäcks,59.2702,18.12758,Private room,457,1,183,2026-06-29,1.89,1,201,23,
25401743,"Unique Ecohouse, Stockholm",17836810,1463030115067842301,Siri,,Skarpnäcks,59.28625,18.12168,Entire home/apt,,4,6,2026-06-26,0.06,1,1,1,
25409296,Spacious flat in green neighbourhood close to SoFo,189300334,1468981443130486949,Thomas,,Skarpnäcks,59.29654,18.10164,Entire home/apt,,1,35,2022-08-31,0.36,1,0,0,
25452369,Spacious accommodation with sunny terrace,9692905,1462820886215634487,Daniel,,Spånga-Tensta,59.37125,17.90601,Entire home/apt,,4,39,2026-01-04,0.40,1,0,4,
25505652,"Lovely house in Mälarhöjden, close to Stockholm C",192476785,1463102693627008895,Therese,,Hägersten-Liljeholmens,59.29824,17.95086,Entire home/apt,,2,3,2019-05-08,0.03,1,0,0,
25542094,"Egen 3-rumslägenhet 75 m2, centralt Södermalm",173956036,1468687816944781952,Fabian,,Södermalms,59.31996,18.05818,Entire home/apt,,14,6,2025-03-31,0.06,1,0,0,
25544986,Bunk bed in shared room close to Älvsjö exhibit,914316,1462515093168601298,Ea,,Enskede-Årsta-Vantörs,59.26416,18.02259,Shared room,628,1,13,2026-06-14,0.13,3,173,5,
25563800,Dubbelroom i the city of Stockholm,180420455,1468741765393607406,Anne,,Östermalms,59.34055,18.09151,Private room,1720,3,42,2026-04-24,0.43,1,302,2,
25569609,Bright apartment above the park,192857402,1469003189364784863,Konrad,,Östermalms,59.33846,18.09834,Entire home/apt,,90,6,2019-03-18,0.06,1,0,0,
25619013,Beautiful old apt with sunny patio at Mariatorget,4315328,1462653494443983244,Caroline,,Södermalms,59.31663,18.06542,Entire home/apt,4806,2,24,2025-08-15,0.25,1,10,5,
25656587,Villa in Bromma - close to beach and city,193202464,1469005271483865808,Anna,,Bromma,59.34156,17.89014,Entire home/apt,,4,9,2024-05-19,0.09,1,0,0,
25669446,"A flat at Södermalm, SOFO",193071050,1469004495124694049,Anita,,Södermalms,59.31472,18.08796,Entire home/apt,,3,4,2024-07-11,0.04,1,0,0,
25730188,Charming house with a lovely garden in Enskede,192814243,1469002917849436286,Kristina,,Skarpnäcks,59.275311,18.118303,Entire home/apt,3812,4,30,2026-06-27,0.31,1,14,4,
25733095,"Bright, renovated, cosy city flat - Södermalm SoFo",9707533,1462821291932256382,Amanda,,Södermalms,59.31275,18.07676,Entire home/apt,,4,15,2022-08-12,0.16,1,0,0,
25733644,Charming apartment in the city centre of Stockholm,90756318,1467097877007791845,Elin,,Kungsholmens,59.3373,18.03258,Entire home/apt,,7,10,2019-06-26,0.10,1,0,0,
25751218,1bdrm oasis by the park with balcony,2025206,1462584471371559285,Johanna,,Södermalms,59.32009,18.04488,Entire home/apt,2234,1,39,2026-06-13,0.41,1,14,22,
25776635,2 room apartment in the heart of Stockholm,67735632,1466836823172652797,Linnéa,,Norrmalms,59.34074,18.06313,Entire home/apt,,3,6,2024-05-13,0.06,1,0,0,
25779917,Cozy room close to  Älvsjö fair and Stockholm city,35847610,1462670071518673494,Marie,,Enskede-Årsta-Vantörs,59.26451,18.02142,Private room,283,10,25,2026-03-21,0.39,1,93,7,
25806105,Family flat on Södermalm w/ private patio,60382478,1466742370835977491,Elias,,Södermalms,59.31847763,18.07048607,Entire home/apt,4571,1,48,2025-08-01,0.49,30,17,2,
25806934,"Perfekt vid tunnelbana, naturnära, restauranger",1911015,1462581535172258381,Katarina,,Skarpnäcks,59.27655,18.13146,Entire home/apt,,3,7,2022-08-04,0.07,1,0,0,
25816666,"Charming house, green surroundings & close city",110468426,1467335919126266221,Linda,,Enskede-Årsta-Vantörs,59.29169,18.07242,Entire home/apt,,2,15,2023-07-27,0.15,1,0,0,
25880201,Villa i Älvsjö,194452573,1469013252959116289,Mattias,,Älvsjö,59.27535,18.00473,Entire home/apt,5307,2,27,2026-06-03,0.28,3,329,4,
25943019,The perfect summer house for vacation in Stockholm,12426667,1462887498186120530,Britta,,Hägersten-Liljeholmens,59.29715,17.94823,Entire home/apt,,6,21,2025-08-11,0.22,1,5,4,
25944143,Stilren och rymlig 3.a,16438500,1462986740777360464,Christine,,Kungsholmens,59.33608,18.0348,Entire home/apt,,3,8,2022-08-04,0.08,1,0,0,
25963579,Spacious villa in Stockholm - close to nature,57562147,1465941239333342806,Konráð,,Hässelby-Vällingby,59.37505,17.84759,Entire home/apt,3852,4,3,2021-12-29,0.03,1,118,0,
25970120,Alabaster Grandeur in the Heart of the City,49560444,1465756963611121031,Magnus,,Norrmalms,59.34283,18.04437,Entire home/apt,,3,86,2025-01-18,0.89,1,0,0,
25973060,Spacious house with garden close to city-center!,779648,1462529176181785617,Maria,,Enskede-Årsta-Vantörs,59.2837,18.06769,Entire home/apt,,2,11,2025-08-24,0.11,1,0,4,
26019253,All comforts - Östermalm - only one person,41184309,1465612700214681998,Josefine,,Östermalms,59.34123,18.07629,Entire home/apt,3119,21,16,2025-09-27,0.17,1,272,3,
26035968,Nice house in great scenary,195669842,1469020049122061324,Sara,,Skarpnäcks,59.27837,18.11211,Entire home/apt,3395,4,27,2025-08-06,0.28,1,206,3,
26036248,Vindsvåning i Gamla stan,195674642,1469020074740764996,Agnes,,Södermalms,59.32421,18.07166,Entire home/apt,4621,1,13,2026-06-20,0.13,1,44,6,
26068991,"Spacious, central, equipped duplex with views.",1522306,1462559438226411423,Karl,,Norrmalms,59.33865,18.05223,Entire home/apt,,5,11,2020-03-09,0.11,1,0,0,
26081660,Cozy & modern apartment near nature & metro,17662341,1463026050765207620,Betti,,Hässelby-Vällingby,59.36911,17.84045,Entire home/apt,,2,20,2024-08-25,0.21,1,0,0,
26112977,Lovely apt in trendy Hornstull!,19542570,1463080986843572285,Johan,,Södermalms,59.31842,18.03625,Entire home/apt,3186,7,19,2025-07-09,0.20,1,52,2,
26122081,Bright apartment in popular area of Stockholm!,57788613,1466692822600335073,Amanda,,Hägersten-Liljeholmens,59.30126,18.01472,Entire home/apt,,1,8,2020-11-01,0.08,1,0,0,
26130891,"Cozy room 2 beds, can book only 1 or 2 bed(s)",103800827,1467246051477385362,Weihong,,Hässelby-Vällingby,59.36963,17.89442,Private room,435,3,46,2026-06-15,0.47,3,155,4,
26131159,Warm & cosy 3 Bed Appt in best part of Södermalm,24573314,1462629898035027946,Tom,,Södermalms,59.31905,18.03693,Entire home/apt,,5,37,2025-08-14,0.38,1,8,4,
26148433,Lux and cozy studio !,26547598,1465368535813510552,Alejandro,,Farsta,59.23201,18.09534,Entire home/apt,,1,12,2023-08-21,0.20,1,0,0,
26157117,Liten 4:a i Bromma med egen uteplats och balkong.,129725284,1468300725114513825,Martina,,Bromma,59.36046,17.95139,Entire home/apt,,4,13,2024-08-07,0.13,1,0,0,
26162301,Good location near the Beach walk and nature,9700667,1462821136031144199,Guven,,Kungsholmens,59.33899,18.00859,Entire home/apt,,3,0,,,1,0,0,
26294315,"Top floor, Old Town, Stockholm",16116329,1462978812310419558,Mats,,Södermalms,59.3253676,18.0697279,Private room,7002,1,0,,,1,269,0,
26321639,New built apartment in South of Stockholm,2681533,1462604732770777103,Ufuk,,Hägersten-Liljeholmens,59.30037,18.00018,Entire home/apt,1274,7,21,2025-11-20,0.25,1,219,5,
26326230,Rymlig lägenhet nära Södermalm & Avicii arena.,195350568,1469018154628834403,Sara,,Skarpnäcks,59.294,18.09893,Entire home/apt,3938,2,17,2026-05-17,0.18,1,341,2,
26349667,Central and quiet apartment on Södermalm,17436847,1463010075597787906,Max,,Södermalms,59.31577,18.03075,Entire home/apt,,5,37,2026-04-23,0.38,1,5,10,
26359793,Spacious two bedroom apt in Södermalm - SoFo,18583598,1463057128859619566,Jp,,Södermalms,59.3145,18.09213,Entire home/apt,2725,4,27,2025-07-22,0.28,1,37,2,
26409995,3 bed room Townhouse close to the city,55433359,1465908469812894512,Anna,,Skarpnäcks,59.2843,18.10145,Entire home/apt,,4,9,2025-08-10,0.09,2,0,4,
26410285,"Scandinavian apartment, Södermalm",131914135,1468319932781664960,Carl,,Södermalms,59.31642,18.05351,Entire home/apt,,1,21,2023-11-26,0.22,1,0,0,
26431548,A little house with lake view and a garden.,15306851,1462959185127425919,Johan,,Älvsjö,59.26323,17.98043,Entire home/apt,,7,47,2022-08-28,0.48,2,0,0,
26440662,Light and cozy apartment 15 min from Sthlm Central,6119316,1462698412314607814,Ulrika,,Skarpnäcks,59.29439,18.10172,Entire home/apt,,3,28,2023-10-04,0.29,1,0,0,
26487189,Radhus i vackra Älvsjö med närhet till allt,9553137,1462570088068782831,Anja,,Älvsjö,59.28514,17.99347,Entire home/apt,,3,3,2018-08-14,0.03,1,0,0,
26510851,"1 room in ""SoFo"" near Nytorget on Södermalm.",101705843,1467220303447420812,Bengt,,Södermalms,59.31282,18.08164,Private room,,3,18,2022-06-30,0.19,1,0,0,
26524207,Apartment 10 minutes from city center,31085076,1465457485728923843,Emma,,Hägersten-Liljeholmens,59.30765,18.02032,Entire home/apt,,5,18,2026-01-03,0.19,1,0,4,
26525725,Pent House apt with private 50 sqm rooftop terrace,10406866,1462839849262820866,Fredrik,,Skarpnäcks,59.29615,18.09779,Entire home/apt,4736,2,15,2026-03-25,0.16,1,310,4,
26595969,Beautiful 60 sqm Södermalm apartment close to SoFo,1038322,1462515837256323230,Agnes,,Södermalms,59.31351,18.06293,Entire home/apt,4349,2,5,2018-09-28,0.05,1,328,0,
26633497,Best location at Nytorget in Sofo,165232043,1468604647834147519,Pia,,Södermalms,59.31086,18.08627,Entire home/apt,,1,12,2020-01-03,0.12,1,0,0,
26663215,Cosy apartment in the heart of Stockholm,17505186,1463011713039796406,Sara,,Norrmalms,59.33767,18.05034,Entire home/apt,,3,20,2020-02-17,0.21,1,0,0,
26705206,Charming and cozy apartment in Midsommarkransen,6795925,1462547316995866364,Nina,,Hägersten-Liljeholmens,59.3027,18.00678,Entire home/apt,1506,1,0,,,2,36,0,
26737247,Deluxe Room (Kingsize bed),201043701,1463142769632645617,Leah,,Södermalms,59.31623,18.08507,Private room,1600,1,32,2026-05-24,0.34,7,290,5,
26776391,Otrolig utsikt över Stockholm,200704508,1469047232010163190,Rebecka,,Hägersten-Liljeholmens,59.30869,18.01834,Private room,,1,4,2019-11-24,0.04,1,0,0,
26790991,Charming apartment with sunny balcony in SOFO,90918457,1467099593699983581,Sarah,,Södermalms,59.31375,18.07972,Entire home/apt,,4,24,2023-09-03,0.25,1,0,0,
26818298,Östermalm  Private room for females with door Lock,176030249,1463064845984288131,Valerie,,Östermalms,59.344605527621766,18.088996434769786,Private room,1129,2,15,2026-06-12,1.10,1,348,12,
26852165,Cozy charming apartment,144923005,1468425378720248515,Jason,,Södermalms,59.31939,18.06337,Entire home/apt,1101,1,19,2023-11-10,0.48,1,255,0,
26896182,Old Town  Gamla Stan Stockholm,202328874,1469055765006246785,Oliver,,Södermalms,59.32462,18.07017,Entire home/apt,2289,1,197,2026-06-20,2.04,1,154,11,
26921828,Kungsholmen studioapartment,201593821,1463143969290075564,Susanna,,Kungsholmens,59.31987,17.99062,Entire home/apt,846,1,359,2026-05-23,3.71,1,185,31,
26939250,Deluxe room (Twin bed),201043701,1463142769632645617,Leah,,Södermalms,59.31647,18.08457,Private room,1600,1,84,2026-06-11,0.94,7,310,16,
26940851,Superior Room (Skylight window),201043701,1463142769632645617,Leah,,Södermalms,59.31628,18.08279,Private room,3990,1,2,2022-12-23,0.04,7,320,0,
26941121,Superior Room (Skylight Window),201043701,1463142769632645617,Leah,,Södermalms,59.31459,18.0844,Private room,1921,1,11,2023-07-27,0.12,7,329,0,
27012627,By the Centralstation in Stockholm,94839932,1467143615499405909,Dolores,,Kungsholmens,59.33262,18.04756,Private room,917,3,106,2025-03-23,1.10,1,272,0,
27121494,1 bedroom apartment 15 min from the city center,21997494,1463169012974527010,Jeanette,,Enskede-Årsta-Vantörs,59.26258,18.04941,Entire home/apt,,5,1,2019-06-06,0.01,1,0,0,
27336492,"Welcome to Kungsholmen, close to the city!",14548212,1462941249114227279,Kristin,,Kungsholmens,59.32972,18.0263,Entire home/apt,1946,2,22,2026-06-14,0.23,1,155,4,
27501372,"Bredäng, Stockholm Lägenhet",207316290,1469081587321599378,Birkenesh,,Skärholmens,59.29935,17.93201,Private room,616,7,19,2026-06-22,0.20,1,296,1,
27511779,A bright new luxurious apartment near Stureplan,92469407,1467117833579447936,Gabriella,,Östermalms,59.33764,18.08076,Entire home/apt,,3,24,2020-10-08,0.25,1,0,0,
27569938,Stockholms mässan -International Trade Fairs,174499572,1463061430573642503,Peter Knox,,Älvsjö,59.27764,18.00218,Private room,1151,2,6,2025-12-01,0.06,4,365,1,
27573318,Strategic Stockholm location.,174499572,1463061430573642503,Peter Knox,,Älvsjö,59.27932,18.00112,Private room,1169,2,3,2026-06-14,0.24,4,365,2,
27675078,Cosy room by Stockholmsmässan in Älvsjö,172630794,1468675631615890644,Neil,,Älvsjö,59.28664,18.00678,Private room,,3,27,2022-09-08,0.29,1,0,0,
27697401,Spacious apartment in trendy Vasastan,209082286,1469090719364896015,Marcia,,Norrmalms,59.34403,18.03877,Entire home/apt,,4,9,2023-08-03,0.09,1,0,0,
27755981,Mysig lägenhet,27877940,1465411330644386512,Calle,,Södermalms,59.32038,18.05705,Entire home/apt,,2,0,,,1,0,0,
27770490,Room in bright apartmemt in Stockholm City,183685765,1468949325336245977,Björn,,Östermalms,59.33973,18.09245,Private room,1012,30,8,2020-01-03,0.09,1,173,0,
27780228,Top Appartment in top location,75793824,1466930700624167667,Arash,,Norrmalms,59.33902,18.04425,Entire home/apt,,2,14,2022-09-18,0.15,1,0,0,
27784717,Södermalm Mariatorget,19716086,1462610432758357316,Anders,,Södermalms,59.31451869477641,18.062296873729736,Entire home/apt,4755,2,77,2026-06-24,0.90,1,140,14,
27840211,A bedroom in the heart of Söder.,151799537,1468490349677080176,Mary Jane,,Södermalms,59.31611,18.0623,Shared room,1313,3,73,2026-06-15,0.77,1,200,10,
27845508,Long stay rental in the heart of Stockholm,116044429,1468190773657911864,Guven,,Norrmalms,59.34329,18.0477,Hotel room,,1,48,2026-04-06,0.58,10,0,5,
27867827,Söder om söder,160306359,1468559316679008238,Pernilla,,Enskede-Årsta-Vantörs,59.26821,18.05467,Private room,810,2,19,2019-11-10,0.20,1,83,0,
27942666,Top flat with roof terrace in city center,54393295,1465886033351591606,Stina,,Kungsholmens,59.33482,18.03229,Entire home/apt,,30,41,2025-04-01,0.43,1,0,0,
27969231,Lovely townhouse in Stockholm,284332,1462514679682323021,Linda & Daniel,,Enskede-Årsta-Vantörs,59.27891,18.04369,Entire home/apt,,7,0,,,1,0,0,
28038229,Spacious & elegant in perfect location,185037667,1468956539058775854,Anna,,Norrmalms,59.34256,18.05186,Entire home/apt,,3,136,2025-10-27,1.45,1,0,10,
28094351,Apartment in the center of SoFo in Stockholm,211875950,1469106253131282540,Maria,,Södermalms,59.31668,18.07119,Entire home/apt,,5,27,2025-07-30,0.28,1,0,2,
28153244,4/4-Student/Int-ship-room 15 min to Stockholm City,8387566,1462767137306718098,Mats,,Hägersten-Liljeholmens,59.30468,17.97586,Private room,38,180,10,2024-08-14,0.13,4,183,0,
28263657,Liten lägenhet med ett sovrum och utsikt: Bliss,31783855,1465466941194125459,Residence,,Södermalms,59.32538,18.07422,Entire home/apt,2641,2,232,2026-06-17,2.44,9,262,27,
28281081,Snug SoFo studio in creative neighborhood,60382478,1466742370835977491,Elias,,Södermalms,59.31401,18.0773,Entire home/apt,1729,1,285,2026-04-10,3.00,30,318,33,
28458153,"Elegant apart, 3mins to metro station",16014802,1462976197990957406,Sofie,,Bromma,59.33514,17.96877,Entire home/apt,,2,7,2019-10-13,0.08,1,0,0,
28465626,Södermalm studio,214373337,1463192876410664318,Emmy,,Södermalms,59.31675,18.03386,Entire home/apt,,1,15,2020-05-22,0.18,1,0,0,
28506162,Spacious luxurious apartment in Vasastan Stockholm,60583598,1466746158327594348,Veronica,,Norrmalms,59.34566,18.04283,Entire home/apt,,5,5,2022-07-30,0.05,1,0,0,
28598163,Apartment located in Bromma 3 min by foot to train,204466559,1469066753990834417,Nader,,Bromma,59.3371,17.96006,Entire home/apt,,5,0,,,1,0,0,
28707757,Unique house with amazing sea view - near city,21726271,1462618355610223673,Niclas,,Bromma,59.31537,17.95719,Entire home/apt,3994,3,60,2026-06-08,0.64,1,52,8,
28825637,Unique apartment in trendy Södermalm,217375040,1469142435425155178,Embla,,Södermalms,59.30951,18.09447,Private room,,2,49,2025-02-21,0.52,1,0,0,
29069237,"Cozy apt, idyllic neighbourhood and 3min to subway",219044728,1469153846330387835,Alexander,,Hägersten-Liljeholmens,59.29986,18.01318,Entire home/apt,1067,2,36,2026-06-08,0.39,1,39,19,
29210103,Mysigt rum i stor lägenhet nära vattnet,62884716,1466776056674981370,Pernilla,,Södermalms,59.30819,18.10901,Private room,2079,1,1,2018-10-21,0.01,10,178,0,
29244757,Lägenhet i villa i Svedmyra Enskede Stockholm,82837836,1467004112871793975,Eva,,Farsta,59.27551,18.07335,Entire home/apt,1028,1,268,2026-06-18,2.90,1,162,33,
29304116,Elegant and cozy apartment in Kungsholmen.,133426961,1468332861060072180,Deborah,,Kungsholmens,59.32859,18.02959,Entire home/apt,,14,7,2019-10-22,0.08,1,0,0,
29326770,Spacious modern apartment on Gärdet with a patio,16238442,1462981932577021125,Mikaela,,Östermalms,59.34792,18.1052,Entire home/apt,,7,8,2023-02-20,0.09,1,0,0,
29430494,Charming apartment with a lovely view in Vasastan,133897130,1468336705424186212,Ylva,,Norrmalms,59.33966,18.03055,Entire home/apt,,3,37,2023-08-13,0.42,1,0,0,
29455286,Fluffy Dog+Lux Apt Very Central(ROOM ONE),1293314,1462541935515972927,Tommy,,Kungsholmens,59.3332,18.04706,Private room,717,1,509,2026-06-22,5.47,2,250,68,
29549580,Nära naturen & city,67673448,1466836060817206570,Nina,,Enskede-Årsta-Vantörs,59.28265,18.06656,Entire home/apt,,5,6,2025-08-10,0.26,1,4,4,
29585384,"Apartment, heart of Sofo, Södermalm",100228660,1462870907573035224,Isak,,Södermalms,59.31071,18.08102,Entire home/apt,,1,10,2024-04-12,0.11,1,0,0,
29640569,Economy Room (No window),201043701,1463142769632645617,Leah,,Södermalms,59.31652,18.08297,Private room,1063,1,37,2026-06-20,0.40,7,333,6,
29727738,Comfortable and stylish one bedroom flat,62308954,1466768487077413841,Sophia,,Älvsjö,59.28215,18.00349,Entire home/apt,,2,15,2026-06-15,0.17,1,0,1,
29973730,Avkopplande rum nära cityliv och kommunikationer,24471473,1462629461943518869,Rosalia,,Östermalms,59.347354888916016,18.10710334777832,Private room,920,2,35,2026-06-07,0.39,1,48,6,
29984052,Great apartment in the middle of hip Södermalm!,225417730,1469197790189467186,Zahra,,Södermalms,59.31198,18.06523,Entire home/apt,,3,25,2024-01-02,0.27,1,0,0,
30063855,Bright apartment close to Södermalm,17354666,1463008183477752583,Christoffer,,Skärholmens,59.28976,17.92515,Entire home/apt,,2,2,2019-08-04,0.02,1,0,0,
30110127,Junior 1 bedroom apartment in central Stockholm,2755002,1462607094565911364,Checkin,,Kungsholmens,59.33777,18.02895,Entire home/apt,2163,1,12,2026-01-12,0.14,3,315,2,
30160855,Studio Apartment Medium,186220121,1468963444505346663,Mornington Longstay,,Bromma,59.34656,17.96541,Entire home/apt,765,28,11,2023-10-21,0.13,15,177,0,
30165763,Perfect location in trendy Södermalm,199715261,1469041255079020320,Jens,,Södermalms,59.30996,18.07116,Entire home/apt,,6,13,2026-05-29,0.14,1,3,1,
30251154,Cosy apartment on prime location in Old Town,22876006,1462623004876155870,Bella,,Södermalms,59.32364,18.07088,Entire home/apt,3416,2,177,2026-06-13,1.97,44,40,60,
30251993,Newly renovated apartment in great location,22876006,1462623004876155870,Bella,,Östermalms,59.34251,18.08984,Entire home/apt,2240,2,302,2026-06-18,3.33,44,316,54,
30290040,"High end apartment in central Stockholm, 2nd floor",7443963,1462732097891453459,Dennis,,Södermalms,59.31926,18.06026,Entire home/apt,,6,14,2024-08-06,0.16,1,0,0,
30392203,Delightful one-bedroom apartment - Glory1,31783855,1465466941194125459,Residence,,Södermalms,59.32549,18.07264,Entire home/apt,3448,2,13,2026-06-05,0.19,9,264,2,
30397837,Designer Apartment in Prime Södermalm Location,150914583,1462985948057672746,Tanja,,Södermalms,59.31849,18.07251,Entire home/apt,5579,5,18,2026-06-17,0.20,1,28,2,
30466424,Cozy apartment 10 mins from Södermalm.,7347755,1462729589506039042,Jonatan,,Skarpnäcks,59.29744,18.11382,Entire home/apt,,2,4,2022-08-04,0.04,1,0,0,
30579247,# 2 Studiolägenhet (3 pers),8098890,1462749105435538275,Marius,,Kungsholmens,59.33281,18.02367,Entire home/apt,1245,1,552,2026-06-14,6.03,18,283,69,
30625615,# 11 Studiolägenhet utan fönster (no window),8098890,1462749105435538275,Marius,,Kungsholmens,59.33256,18.02517,Entire home/apt,1268,1,481,2026-06-12,5.26,18,279,60,
30685213,# 8 Studiolägenhet utan fönster (no window),8098890,1462749105435538275,Marius,,Kungsholmens,59.33266,18.02366,Entire home/apt,1683,1,373,2026-06-12,4.08,18,312,59,
30687800,# 19 Studiolägenhet utan fönster (no window),8098890,1462749105435538275,Marius,,Kungsholmens,59.33439,18.02445,Entire home/apt,1240,1,365,2026-06-12,4.01,18,297,55,
30688548,# 9 Studiolägenhet utan fönster(no window),8098890,1462749105435538275,Marius,,Kungsholmens,59.33412,18.02425,Entire home/apt,1079,1,511,2026-06-12,5.59,18,252,67,
30701604,# 7 Studiolägenhet,8098890,1462749105435538275,Marius,,Kungsholmens,59.33438,18.0254,Entire home/apt,1564,1,380,2026-06-10,4.16,18,291,63,
30722097,Cosy and quiet single room in a familiar place,31854695,1465468091728195785,Susanne,,Norrmalms,59.34852,18.05953,Private room,737,2,55,2026-06-29,0.60,1,26,24,
30722311,Studio Apartment Medium,186220121,1468963444505346663,Mornington Longstay,,Bromma,59.34656,17.96541,Entire home/apt,,28,2,2019-10-19,0.02,15,0,0,
30722587,Studio Apartment Medium,186220121,1468963444505346663,Mornington Longstay,,Bromma,59.34656,17.96541,Entire home/apt,758,28,6,2023-08-31,0.07,15,178,0,
30789649,3 rooms 7 min from Stockholm center,230351258,1469228165119306216,Edgars,,Enskede-Årsta-Vantörs,59.2897,18.02691,Entire home/apt,3424,1,0,,,1,90,0,
30807581,Studio Apartment Double bed,362541894,1469727868135391449,ApartDirect,,Södermalms,59.30150604248047,18.106176376342773,Entire home/apt,866,2,1284,2026-06-25,14.09,22,359,62,
30812963,Superior Studio with Sofa Bed,362541894,1469727868135391449,ApartDirect,,Södermalms,59.301509857177734,18.10618019104004,Entire home/apt,1484,2,386,2026-06-12,4.22,22,359,44,
30883760,Best location on Södermalm,63919743,1466788845772486180,Jon,,Södermalms,59.30943,18.07223,Entire home/apt,,5,24,2021-09-07,0.28,1,0,0,
30923175,Studio Apartment Medium,186220121,1468963444505346663,Mornington Longstay,,Bromma,59.34656,17.96541,Entire home/apt,,28,6,2024-01-02,0.07,15,0,0,
30949916,Studio Apartment With Patio,362541894,1469727868135391449,ApartDirect,,Södermalms,59.30150604248047,18.106176376342773,Entire home/apt,2101,2,117,2026-05-30,1.29,22,355,15,
30950252,2 Storey Apartment with Terrace,362541894,1469727868135391449,ApartDirect,,Södermalms,59.30150604248047,18.106176376342773,Entire home/apt,1970,2,164,2026-06-25,1.80,22,344,40,
30971587,Djurgården in the turist center,231409230,1469233964708998047,Jan,,Östermalms,59.32354,18.10026,Entire home/apt,1229,30,3,2026-05-31,0.05,1,129,2,
31206931,Unique townhouse in södermalm,92761646,1467120948900320824,Andrea,,Södermalms,59.31503,18.06698,Entire home/apt,6684,14,12,2023-08-03,0.13,1,34,0,
31257310,New built guest suite with free parking and wi-fi,233455639,1469243611801669433,Peter,,Bromma,59.3428,17.92432,Entire home/apt,926,4,27,2026-06-01,0.56,1,333,6,
31300838,Studio Apartment Double Bed,362541894,1469727868135391449,ApartDirect,,Älvsjö,59.28055,18.01409,Entire home/apt,1264,2,83,2026-05-26,1.08,22,355,10,
31301949,Älvsjö · One Bedroom Apartment,362541894,1469727868135391449,ApartDirect,,Älvsjö,59.28055,18.01409,Entire home/apt,1495,2,133,2026-06-01,1.47,22,355,17,
31302872,Studio Apartment two single beds,362541894,1469727868135391449,ApartDirect,,Älvsjö,59.28055,18.01409,Entire home/apt,1083,2,651,2026-06-19,7.26,22,360,61,
31303238,Superior One Bedroom Apartment,362541894,1469727868135391449,ApartDirect,,Södermalms,59.32492,18.06846,Entire home/apt,3666,2,117,2026-05-23,1.30,22,306,6,
31303568,Standard One Bedroom Apartment,362541894,1469727868135391449,ApartDirect,,Södermalms,59.32492,18.06846,Entire home/apt,2273,2,131,2026-06-25,1.47,22,307,15,
31304118,Large One Bedroom Apartment,362541894,1469727868135391449,ApartDirect,,Södermalms,59.32492,18.06846,Entire home/apt,3200,2,131,2026-06-02,1.45,22,294,17,
31347264,# 12 Studiolägenhet utan fönster(no window),8098890,1462749105435538275,Marius,,Kungsholmens,59.33435,18.02585,Entire home/apt,1107,1,477,2026-06-09,5.26,18,271,73,
31375102,Small One Bedroom Apartment,362541894,1469727868135391449,ApartDirect,,Södermalms,59.32429,18.07049,Entire home/apt,2886,2,93,2026-06-15,1.03,22,252,19,
31375529,Standard One Bedroom Apartment,362541894,1469727868135391449,ApartDirect,,Södermalms,59.32429,18.07049,Entire home/apt,2135,2,108,2026-06-09,1.19,22,297,17,
31375895,Large One Bedroom Apartment,362541894,1469727868135391449,ApartDirect,,Södermalms,59.32429,18.07049,Entire home/apt,2415,2,110,2026-05-31,1.24,22,270,17,
31511506,Bigroom close to Globen/Tele2 and 15 min from city,234501535,1469248810365492576,Noureddine,,Enskede-Årsta-Vantörs,59.28786,18.09222,Private room,,2,13,2022-07-06,0.14,1,0,0,
31531044,Amazing penthouse 130 m2 in the heart of Södermalm,236277726,1469257499607660421,Nathalie,,Södermalms,59.3163,18.07285,Entire home/apt,4508,1,41,2026-06-21,0.48,1,192,10,
31589049,TOP FLOOR APPARTMENT - 5MIN FROM CENTRAL STOCKHOLM,62609036,1529318729371294305,Bianca,,Hägersten-Liljeholmens,59.29875,18.00262,Entire home/apt,,1,18,2024-07-26,0.20,1,0,0,
31635477,Own entrance and sunny outsidespace in the City,225885721,1469201072256160896,Petra,,Kungsholmens,59.3344,18.04206,Entire home/apt,,5,9,2025-08-09,0.11,1,0,3,
31646825,Peaceful place,215236745,1469128067729012741,Joyce,,Enskede-Årsta-Vantörs,59.27979,18.06945,Private room,628,1,195,2022-09-25,2.16,1,119,0,
31701608,15 min to City (by metro) - 2 min walk to forest,178156191,1468723105843533914,Mae Jane,,Skärholmens,59.29413,17.92792,Private room,,300,4,2019-10-17,0.05,2,89,0,
31800163,Studio Apartment Medium,186220121,1468963444505346663,Mornington Longstay,,Bromma,59.34656,17.96541,Entire home/apt,758,28,3,2023-09-28,0.04,15,362,0,
31801517,Apartment with its own entrance and spa in villa,7114216,1462723796204227610,Janet,,Skarpnäcks,59.271,18.11495,Entire home/apt,1256,1,17,2026-05-31,0.25,2,216,7,
31893830,City Center AND close to National Park,239070803,1469271842785031550,Denise,,Norrmalms,59.34983,18.05805,Entire home/apt,,300,11,2024-12-28,0.13,1,173,0,
31899218,Your Stockholm oasis in the middle of the city.,239119652,1469272126229725302,Benita Amel,,Södermalms,59.31859,18.03253,Entire home/apt,,10,28,2019-09-04,0.31,1,0,0,
31952014,"Familjehus nära city, badplatser och natur",56787881,1465928658106544581,Jenny,,Hässelby-Vällingby,59.38398,17.81167,Entire home/apt,,2,3,2019-09-15,0.04,1,0,0,
32098038,"Exclusive & light 3 room appartment in SoFo, 97sqm",240767680,1469279965044232022,Julius Apartment,,Södermalms,59.31446770246418,18.080238468438495,Entire home/apt,2400,1,328,2026-06-27,3.68,7,258,43,
32150877,City apartment 3 rd floor with balcony,14975961,1462592342043964732,Sonja,,Kungsholmens,59.33145,18.00056,Entire home/apt,1640,1,30,2026-06-16,0.33,1,102,1,
32228147,"Own entrance, 25 min- city, Garden, Sauna, Netflix",11231161,1462577718598835827,Ylva,,Bromma,59.32715,17.96329,Entire home/apt,,3,216,2025-04-27,2.42,1,0,0,
32275200,Townhouse with patio in Stockholm,78884159,1466965220060837539,Petter,,Farsta,59.2547,18.07146,Entire home/apt,,7,4,2022-07-24,0.05,1,0,0,
32373886,Modern & Bright Flat – 15 Min to City Center,243088129,1469290285958229284,Karin,,Enskede-Årsta-Vantörs,59.27287,18.0511,Entire home/apt,2054,4,7,2026-05-30,0.08,1,178,3,
32382969,Private villa in charming area 3 km frm Södermalm,88633592,1467075171552063360,Petter,,Enskede-Årsta-Vantörs,59.28516,18.08711,Entire home/apt,,5,20,2025-08-06,0.23,1,4,2,
32384522,"Södermalm, spacious and perfect location.",74828770,1462813827675276165,Örjan,,Södermalms,59.3155,18.0891,Entire home/apt,5282,2,28,2025-07-10,0.32,1,7,1,
32413229,"Modern, fin & ljus lägenhet på Kungsholmen",39158275,1465584971676193383,Katarina,,Kungsholmens,59.3405,18.00832,Entire home/apt,,6,17,2024-08-08,0.19,1,0,0,
32443167,Ljust och luftigt boende på populära Södermalm!,186975006,1468967679736892372,Hasse Hasson,,Södermalms,59.31423,18.078,Entire home/apt,2737,3,76,2026-06-20,0.90,1,63,15,
32484098,Mässan området,174499572,1463061430573642503,Peter Knox,,Älvsjö,59.27848,18.00201,Private room,1151,2,1,2024-05-19,0.04,4,365,0,
32493353,Cosy apartment with sunny patio,27301983,1465403013666139196,Sofia,,Skarpnäcks,59.299416,18.08831,Entire home/apt,,4,44,2025-07-20,0.50,1,0,1,
32496628,"Stylish SoFo flat w/balcony, perfect location",55865419,1465914597468598510,Jesper,,Södermalms,59.3154,18.0826,Entire home/apt,2291,2,88,2026-06-26,0.99,1,112,19,
32531115,"Apartment in the heart of Stockholm, Old town.",92735741,1462854134307360278,Isabelle,,Södermalms,59.32419,18.07103,Entire home/apt,2968,1,5,2024-07-25,0.06,1,154,0,
32536922,"Trevligt rum nära T-bana, centrum och natur.",5426620,1462680548449181067,Bo,,Skarpnäcks,59.27635,18.13223,Private room,,30,0,,,4,263,0,
32537035,Boende i centrala Stockholm invid Drottninggatan,244499082,1469297406158998649,Mary,,Norrmalms,59.3382,18.05453,Entire home/apt,3830,2,15,2024-08-05,0.33,1,304,0,
32585614,Studio Apartment Medium,186220121,1468963444505346663,Mornington Longstay,,Bromma,59.34656,17.96541,Entire home/apt,773,28,7,2023-12-15,0.08,15,177,0,
32585780,Studio Apartment Medium,186220121,1468963444505346663,Mornington Longstay,,Bromma,59.34656,17.96541,Entire home/apt,766,28,1,2023-03-25,0.03,15,362,0,
32607821,Cozy 1 bedroom apartment in the heart of Stockholm,128075662,1468286575856545406,Charlotta,,Södermalms,59.325222,18.069897,Entire home/apt,2105,2,303,2026-06-26,3.41,4,290,36,
32654230,Small studio in the most convenient location!,34235178,1465501778678817857,Christian,,Södermalms,59.30699,18.07744,Entire home/apt,,3,23,2022-07-20,0.26,1,0,0,
32664794,Mysig lägenhet i Bromma,245606174,1469302997921530525,Alexander,,Bromma,59.3310391,17.9310485,Entire home/apt,1376,1,5,2026-05-04,0.21,1,341,2,
32715946,Extraordinary in Old Town of Stockholm,245999299,1469305071990221539,Maria,,Södermalms,59.32297,18.07312,Entire home/apt,2032,1,546,2026-06-11,6.19,3,289,63,
32781761,En pärla mitt i attraktiva fruängen✨,246576475,1469308018031821548,Francesca,,Hägersten-Liljeholmens,59.28541,17.97328,Entire home/apt,1141,3,2,2023-05-10,0.02,1,358,0,
32786547,55 m2 cosy 2-bedroom apartment & private entrance,37772563,1465565369293888178,Göran,,Enskede-Årsta-Vantörs,59.27472,18.05684,Entire home/apt,1446,2,140,2026-06-19,1.58,1,296,27,
32828290,A beautiful 3 room apartment in the city centre,64811482,1466801469603519445,Manfred,,Norrmalms,59.34201,18.03881,Entire home/apt,,3,18,2025-06-30,0.23,1,0,0,
32841490,Quiet apartment with balcony,26255807,1465360213380900299,Amanda,,Kungsholmens,59.33413,18.03753,Entire home/apt,874,40,1,2019-03-17,0.01,1,177,0,
32856139,Bright Cost house in between forest and city.,3170176,1462621668040852618,Daniel,,Farsta,59.24889,18.08455,Entire home/apt,1479,7,0,,,1,178,0,
32880579,# 14 Studiolägenhet utan fönster(no window),8098890,1462749105435538275,Marius,,Kungsholmens,59.33455,18.02401,Entire home/apt,1176,1,315,2026-06-11,3.55,18,321,48,
32894630,"Private room modern flat, 10 minute to city center",206375285,1469076544815451163,Matti,,Hägersten-Liljeholmens,59.31005,18.01596,Private room,461,1,279,2026-06-15,3.14,1,242,70,
32931008,"A room in Stockholm city, Attractive area",82299172,1462830995365376658,Tom & Oliva,,Norrmalms,59.34232,18.02941,Private room,58,150,5,2024-08-11,0.06,2,351,0,
32935939,Three bedroom townhouse in pleasant neighborhood,33219558,1465486441320109197,Helena,,Hägersten-Liljeholmens,59.30307,17.99689,Entire home/apt,1849,6,17,2025-08-09,0.19,1,64,1,
32936796,Immediate access to naturereserv and close to town,15346285,1462960078665831689,Heléne,,Skarpnäcks,59.28017,18.13815,Private room,,1,13,2019-08-22,0.15,1,0,0,
32953758,Exclusive flat with terraces and large balcony,77757135,1466953177514142714,Gustaf,,Hägersten-Liljeholmens,59.3056,18.00268,Entire home/apt,3081,3,5,2022-07-22,0.06,1,18,0,
33122878,Spatious apartment close to city centre!,88952560,1467079024402815341,Tobias,,Kungsholmens,59.32969,18.04619,Entire home/apt,,2,7,2024-07-27,0.08,1,0,0,
33126288,Comfortable two floor appartment with roof terrace,58884691,1466707382992452770,Mats,,Hägersten-Liljeholmens,59.31493,18.00135,Entire home/apt,,3,11,2024-05-21,0.13,1,0,0,
33161889,High standard villa close to Stockholm centre.,17853083,1463030431827532742,Linus,,Hägersten-Liljeholmens,59.29991,17.97831,Entire home/apt,,4,1,2021-08-01,0.02,1,0,0,
33164777,Gorgeous Retro Haven ★ Stunning Views ★  Spotless,4655026,1462536657435078137,Simon,,Enskede-Årsta-Vantörs,59.29599,18.05691,Private room,791,1,181,2026-06-28,2.23,1,110,24,
33263867,Stockholm townhouse near nature and city centre,214233623,1469121173571541164,Lisa,,Skarpnäcks,59.27397,18.14636,Entire home/apt,,4,10,2026-06-25,0.12,1,1,1,
33268252,"Old Town 17th century
Studio close to the castle",210958779,1469100844724463331,Ann,,Södermalms,59.32309,18.07158,Entire home/apt,770,28,10,2024-07-03,0.11,1,317,0,
33326468,Suburbian Garden Apartment - near City and nature!,25636069,1465347638934558522,Joel,,Hägersten-Liljeholmens,59.29634,17.96333,Entire home/apt,,2,55,2025-12-20,2.13,1,0,16,
33346034,Clean&quiet room to stay for short or long period.,251203612,1469331367757919646,Frank,,Rinkeby-Tensta,59.40862,17.92409,Private room,400,1,0,,,1,171,0,
33417289,"Small basement studio in house, 15 min from city",96506465,1462862661815749135,Karin,,Farsta,59.2755,18.07376,Entire home/apt,1085,1,252,2026-06-22,2.87,1,132,76,
33422268,Room in the nice area ”Liljeholmskajen”.,30156253,1465444020221066316,Christopher,,Hägersten-Liljeholmens,59.3096,18.02922,Private room,705,4,39,2026-06-22,0.45,1,25,13,
33481065,Basement apartment with own entrance in Älvsjö,252276377,1469336636360530157,Ylva,,Älvsjö,59.26907,17.97271,Entire home/apt,,2,38,2020-09-28,0.44,2,0,0,
33483335,"Large Town House near Royal Castle, 400 years old",1027549,1462536170935368379,William,,Södermalms,59.32522116600695,18.07593894034824,Entire home/apt,7159,1,322,2026-06-26,3.71,17,313,51,
33521241,Room for rent in central Stockholm,76397005,1462817546380906021,Tor,,Norrmalms,59.33864,18.05227,Private room,526,8,2,2021-02-28,0.02,1,13,0,
33537607,Family House right where the City meets Nature,252717018,1469338720562002956,Emilia,,Farsta,59.25803,18.12687,Entire home/apt,,4,31,2025-08-12,0.35,1,6,4,
33546399,Historical Gem in Old Town,51002540,1465791127373831762,Fredrik,,Södermalms,59.32382,18.07315,Entire home/apt,2764,2,365,2026-06-23,4.15,20,334,55,
33553984,Studio Apartment Medium,186220121,1468963444505346663,Mornington Longstay,,Bromma,59.3455,17.96642,Entire home/apt,1086,7,1,2025-09-13,0.10,15,256,1,
33598507,Room just 15 minutes outside Stockholm city,214221905,1469121080832382123,Johannes,,Hägersten-Liljeholmens,59.29795,17.97004,Private room,,2,19,2019-10-20,0.22,1,0,0,
33679764,En 3a i Stockholm,253849309,1469344248969126911,Junaid,,Enskede-Årsta-Vantörs,59.256,18.02081,Entire home/apt,215,100,5,2022-08-27,0.06,1,364,0,
33700812,In the heart of Hornstull,67437712,1466833307715899953,Björn,,Södermalms,59.31855,18.03207,Entire home/apt,1050,2,55,2026-06-24,0.63,1,20,15,
33870509,Open space home 8 min walk from central station,255253804,1469349019069315890,Lars,,Norrmalms,59.33544,18.05181,Entire home/apt,,5,14,2026-03-30,0.16,1,0,1,
33948776,Studio Apartment Medium,186220121,1468963444505346663,Mornington Longstay,,Bromma,59.34656,17.96541,Entire home/apt,485,48,7,2023-10-29,0.08,15,177,0,
33979502,"Luxury Designer Apt. in Old Town, Prime Location",256579169,1469355688768346988,Hannah,,Södermalms,59.32249,18.06973,Entire home/apt,,15,2,2024-07-30,0.02,1,0,0,
34001657,Studio Apartment Medium,186220121,1468963444505346663,Mornington Longstay,,Bromma,59.34745,17.96657,Entire home/apt,,5,0,,,15,0,0,
34033293,Cozy apartment close to nature and city centre,135426014,1468349678452763487,Vahid,,Hägersten-Liljeholmens,59.30093,18.0033,Entire home/apt,,1,5,2021-06-14,0.07,1,0,0,
34059814,3 room 80m2  & lovely balcony,6256293,1462701888651616985,Karolin,,Östermalms,59.35142,18.06173,Private room,,5,37,2025-09-07,0.42,1,0,5,
34091308,Lägenhet med inglasad balkong,140189189,1468387686260296214,Ilona,,Skärholmens,59.28214,17.90775,Entire home/apt,970,3,22,2025-08-20,0.59,1,283,3,
34107552,"Hjemmekoselig, moderne leilighet",11317622,1462862055969725874,Julie,,Farsta,59.25704640000001,18.0867122,Entire home/apt,,5,0,,,1,0,0,
34120725,"3 bedrooms, rooftop terass, gym/sauna 50m to lake",58376371,1466699697622909554,Joakim,,Hägersten-Liljeholmens,59.31389,18.0184,Entire home/apt,,3,8,2024-08-02,0.09,1,0,0,
34190045,# 15 Designstudiolägenhet utan fönster(no window),8098890,1462749105435538275,Marius,,Kungsholmens,59.33235,18.02577,Entire home/apt,1132,1,378,2026-06-11,4.41,18,310,57,
34325394,"Parhus Gamla Enskede, Stockholm",32667257,1465479066678357288,Mikko,,Enskede-Årsta-Vantörs,59.28239,18.08675,Entire home/apt,3446,5,7,2024-07-13,0.08,1,16,0,
34340946,Waterfront house with jacuzzi & jetty in Stockholm,198665207,1529325057294681889,Emily,,Bromma,59.33658,17.89866,Entire home/apt,5199,1,136,2026-06-06,1.59,1,115,10,
34355947,Spacious 2BR with private balcony,135323554,1468348755002125383,Andreas,,Kungsholmens,59.33059,17.99859,Entire home/apt,2194,2,125,2026-06-24,3.67,22,17,44,
34364932,Karlaplan - Modern apartment with sunny balcony,259442143,1469370673660013789,Jeanette,,Östermalms,59.33818,18.0922,Entire home/apt,,12,2,2022-07-10,0.03,1,0,0,
34373743,"Stort rum med egen ingång, toalett och kokvrå.",5426620,1462680548449181067,Bo,,Skarpnäcks,59.27504,18.1335,Private room,596,7,2,2026-06-03,0.03,4,270,1,
34503292,Mysig 3a på Östermalm,41716554,1465620546464274995,Julia,,Östermalms,59.34165611553959,18.08236284210722,Entire home/apt,4241,4,6,2026-01-02,0.46,1,54,4,
34503943,Small charming villa in Långbro with a cat,155277611,1468518192865034114,Emma,,Älvsjö,59.27858,17.9839,Entire home/apt,,5,22,2026-07-02,0.26,1,4,6,
34529153,Great corner flat by Mariatorget,573056,1462522223679150227,Erik,,Södermalms,59.31681977692801,18.06489021915312,Entire home/apt,2579,10,1,2025-07-29,0.09,1,214,1,
34536035,Central and spacious 2 room flat,258228926,1469364356274629117,Lars,,Norrmalms,59.34435,18.05548,Entire home/apt,968,7,16,2025-05-03,0.19,1,195,0,
34624237,Private room with private bathroom in Stockholm,54103359,1465880097986111595,Noor,,Södermalms,59.3084,18.08029,Private room,1427,1,50,2025-06-02,0.58,1,16,0,
34638059,Nice apaartment in the city center of Stockholm,261318751,1469381259065872122,Martin Karlsson,,Norrmalms,59.34091,18.06089,Entire home/apt,3614,3,44,2026-06-24,0.52,1,350,12,
34672779,Härlig stor trivsam 4:a på Södermalm nära City,261556596,1469382635311923589,Peter & Christel,,Södermalms,59.30397415161133,18.1010684967041,Entire home/apt,3410,5,8,2026-03-23,0.10,1,245,4,
34766305,Humble Abode in the heart of Lilla Essingen,262171330,1469386256559748195,Jim,,Kungsholmens,59.32538,18.00505,Entire home/apt,1436,2,20,2019-11-01,0.23,1,60,0,
34806065,Single bedroom,35926804,1465532555759119128,Kerstin,,Älvsjö,59.28679,17.98546,Private room,799,1,12,2026-06-14,0.31,1,326,7,
34831055,Two-storey penthouse with amazing Stockholm view,262585353,1469388641630357669,Mattias,,Kungsholmens,59.32542,18.00981,Private room,,4,17,2024-05-19,0.20,1,0,0,
34884387,Walking distance to commuter train. 10 min 2 city.,110587561,1462896751753344747,Lars,,Älvsjö,59.27694,18.00316,Private room,477,5,191,2026-06-18,2.23,1,82,24,
34895206,Cozy apartment near City centre Stockholm,33104836,1465484795538624666,Salamaah,,Hägersten-Liljeholmens,59.30379,17.99901,Entire home/apt,,6,0,,,1,0,0,
34916028,Lovely family home – at the heart of SoFo,2474416,1462596089450920815,Jacob,,Södermalms,59.31332,18.0832,Entire home/apt,,5,9,2024-08-08,0.19,1,0,0,
34997921,Studio in the heart of Östermalm,262356892,1469387283126935794,Mattias,,Östermalms,59.34116,18.08409,Entire home/apt,,4,13,2021-08-28,0.15,1,0,0,
35004237,City close family house,263715345,1469394822743116926,Josefin,,Älvsjö,59.2773,17.95624,Entire home/apt,,5,15,2025-08-01,0.18,1,4,4,
35021185,A studio house with a lake view and a garden,15306851,1462959185127425919,Johan,,Älvsjö,59.2645,17.98207,Entire home/apt,,2,18,2019-09-29,0.21,2,0,0,
35032674,Waterfront apartment with great lake view.,65603973,1466811299117791888,Markus,,Kungsholmens,59.34078,18.00512,Entire home/apt,,1,4,2024-07-23,0.13,1,0,0,
35059120,"Cosy room with private entrance, bath and kitchen",253806634,1469344053906866231,Madeleine,,Östermalms,59.3359,18.10281,Entire home/apt,,3,203,2023-09-25,2.36,2,0,0,
35060526,Hus med privat trädgård 20 min från city,105343494,1467270844556053299,Pontus,,Bromma,59.34462,17.90032,Entire home/apt,,4,6,2023-08-08,0.07,1,0,0,
35064876,Stockholm City Judicial Quarter,264138030,1469397192780403902,Normunds,,Kungsholmens,59.32933,18.03527,Entire home/apt,2844,5,54,2026-06-08,0.63,1,196,5,
35072692,Family house at forest park in Stockholm Älvsjö,162087348,1468577408429260893,Fredrik,,Älvsjö,59.28149,17.99255,Entire home/apt,2957,5,0,,,1,135,0,
35089854,Family villa with lush garden in Mälarhöjden,46015833,1465687362556614931,Hanna,,Skärholmens,59.2999,17.94096,Entire home/apt,,7,0,,,1,0,0,
35105995,Modern flat with balcony near city center,264433288,1469398793113900905,Björn,,Östermalms,59.34859,18.099,Entire home/apt,1393,14,41,2026-06-22,0.48,1,233,7,
35121731,Compact Living in Old Town,1027549,1462536170935368379,William,,Södermalms,59.32528,18.0693,Entire home/apt,1534,1,370,2026-06-27,4.31,17,312,66,
35122765,Top floor apartment with garden next to the lake,4457,1462506414534588709,Ragna,,Hägersten-Liljeholmens,59.31867,18.00428,Entire home/apt,,5,5,2022-07-27,0.06,1,0,0,
35190894,"House with garden, close to a lake, 10min to metro",3408453,1462628484597137473,Fredrika,,Älvsjö,59.27673,17.96122,Entire home/apt,2170,5,26,2025-08-08,0.31,1,11,3,
35193468,Small Studio in courtyard in central Old Town,1027549,1462536170935368379,William,,Södermalms,59.32353,18.06963,Entire home/apt,1590,1,468,2026-06-27,5.49,17,336,46,
35193938,Small courtyard Studio in central Old Town,1027549,1462536170935368379,William,,Södermalms,59.32516,18.06812,Entire home/apt,1765,1,389,2026-07-01,4.53,17,323,55,
35230917,Vindsvåning vid Mosebacke,182826347,1468944550922582474,Emma,,Södermalms,59.31937,18.07323,Entire home/apt,,1,8,2024-06-17,0.18,2,0,0,
35284797,Charming 1910 villa in Gamla Enskede,140695054,1468391553832201947,Maria,,Enskede-Årsta-Vantörs,59.28373,18.08343,Entire home/apt,4136,6,3,2024-08-12,0.06,1,25,0,
35291786,Mysigt och lugnt boende nära Stockholms city,12940241,1462899194909582696,My,,Enskede-Årsta-Vantörs,59.28556,18.10043,Entire home/apt,,4,7,2022-07-31,0.08,1,2,0,
35313320,Charming apartment in Stockholm,194462384,1469013305139134594,Jonathan,,Östermalms,59.34517,18.09913,Entire home/apt,,3,15,2025-08-25,0.18,1,0,4,
35328005,Your charming home in the Heart of Stockholm,180879314,1463075612138342653,Titi,,Södermalms,59.31291,18.08569,Entire home/apt,,1,34,2024-02-26,0.69,1,0,0,
35339639,Center of Södermalm.Services just outside the door,143518961,1468414572600504067,Sara,,Södermalms,59.31205,18.05681,Entire home/apt,4054,2,22,2025-08-04,0.26,1,7,2,
35345674,Lägenhet i centrala Stockholm (Kungsholmen),137654986,1468367948619646025,Maria,,Kungsholmens,59.3331,18.04263,Entire home/apt,,1,25,2024-09-15,0.47,1,0,0,
35380088,Stor villa nära Stockholm city - med egen trädgård,31436466,1465462191442318614,Bengt,,Hägersten-Liljeholmens,59.30281,17.97287,Entire home/apt,3523,4,6,2023-07-24,0.07,2,142,0,
35446609,A nice big apartment,266719851,1463341314550910932,Yudita Arianne,,Älvsjö,59.28752,17.99954,Entire home/apt,1339,3,6,2026-06-09,0.07,1,251,2,
35447797,450 year old studio on prime location in Old Town.,17781573,1463028865695892628,Magnus,,Södermalms,59.32526,18.07539,Entire home/apt,1141,5,7,2024-05-23,0.08,1,135,0,
35463699,Beautiful two- bedroom attic in trendy Södermalm,24705738,1465313188687667620,Jonas,,Södermalms,59.31926,18.0666,Entire home/apt,,1,5,2020-02-23,0.06,1,0,0,
35494787,Great central apartment in Vasastan,15556043,1462965120430983468,Lina,,Norrmalms,59.34473,18.03617,Entire home/apt,2254,1,7,2026-04-11,0.09,1,166,5,
35515816,Cosy living south central Stockholm 1 min fr metro,194476461,1469013377658375166,Jessica,,Hägersten-Liljeholmens,59.30023,18.01091,Entire home/apt,,3,1,2024-07-21,0.04,1,0,0,
35527876,"Cozy, central apartment in trendy Södermalm",12262270,1462883723555917002,Sofia,,Södermalms,59.30811,18.07564,Entire home/apt,,3,14,2026-06-01,0.17,1,0,2,
35537411,Room in cosy Sofo flat - ladies only!,7850995,1462562706467272844,Lena,,Södermalms,59.31377410888672,18.0811824798584,Private room,,4,36,2024-11-25,0.42,1,0,0,
35543453,Great house 15 min to Stockholm city,35493988,1465524444538344456,Christer,,Enskede-Årsta-Vantörs,59.2875,18.08413,Entire home/apt,3690,1,28,2025-08-24,0.33,1,7,2,
35559553,Historical 19th cent. Apt @ Mariatorget,41050619,1462686484668373140,Olivia,,Södermalms,59.31506,18.06123,Entire home/apt,3708,5,26,2025-07-19,0.31,1,10,1,
35564424,Cozy studio close to nature withgood communication,93414857,1467127827140084684,Anton,,Hässelby-Vällingby,59.37267,17.84627,Entire home/apt,1853,4,13,2026-06-15,0.15,1,174,1,
35665522,"Cosy, child friendly house only 15 min to downtown",242287688,1469286473568913180,Isak,,Enskede-Årsta-Vantörs,59.266357421875,18.034650802612305,Entire home/apt,,4,2,2025-07-16,0.03,1,0,1,
35671640,Lovely apartment in central Old Town,22876006,1462623004876155870,Bella,,Södermalms,59.32404,18.07113,Entire home/apt,2682,2,338,2026-06-22,4.00,44,264,65,
35738401,Modern Apartment 82m2-15 min to Avicii and 3 Arena,43620607,1465647665160842042,Maria,,Enskede-Årsta-Vantörs,59.28249,18.08885,Entire home/apt,,3,12,2026-06-29,0.14,1,3,8,
35774991,"Modern apartment in Stockholm C, 3 bedrooms + 2 WC",269142230,1463347524296141778,Nicklas,,Norrmalms,59.34516,18.05622,Entire home/apt,7371,3,11,2025-08-31,0.36,1,19,3,
35786665,Charming Split-Level Flat – Free Airport Pickup,158981150,1468548111764499487,Elias,,Södermalms,59.32453390000001,18.0704089,Entire home/apt,,5,19,2025-08-30,0.22,1,0,5,
35793642,Spacious two storey apartment close to Södermalm,3673214,1462636728772559036,Jonna Christina,,Enskede-Årsta-Vantörs,59.30259,18.03635,Entire home/apt,,1,18,2026-07-01,0.21,1,0,2,
35796433,"Ljus lägenhet i lugnt område, nära till city.",132035511,1468321087877619081,Annika,,Kungsholmens,59.32254,17.98808,Entire home/apt,,1,12,2023-09-09,0.14,1,0,0,
35799499,Topprenoverad lgh med sjöutsikt vid Hornstull,42974427,1465638142177061187,Anton,,Södermalms,59.31901,18.02386,Entire home/apt,,2,7,2021-01-03,0.08,1,0,0,
35812773,Spacious Apartment - Heart of Stockholm,246145041,1469305831116550089,Daniel,,Norrmalms,59.3393,18.03314,Entire home/apt,,1,24,2020-10-11,0.28,1,0,0,
35869604,Charming apartment close to Old Town,269794588,1469425476367554555,Sanna,,Hägersten-Liljeholmens,59.30236,18.00857,Entire home/apt,,4,23,2022-05-14,0.27,1,0,0,
35907641,Traditional Country House in the City,270079267,1469426855115751068,Hélène,,Hägersten-Liljeholmens,59.3059,17.99958,Entire home/apt,1027,3,264,2026-06-26,3.14,1,274,35,
35966409,Central apartment in Stockholm,270541321,1469428987194304350,Helena,,Kungsholmens,59.33108,18.04881,Entire home/apt,,4,48,2024-08-02,0.56,1,0,0,
36018560,A quiet gem in Vasastan with a cozy balcony,36542789,1465544287500951334,Caroline,,Norrmalms,59.3474,18.05117,Entire home/apt,494,60,11,2022-08-18,0.13,1,183,0,
36031970,"Open, nice, large apartment",83570350,1467011427300504364,Björn,,Östermalms,59.35259,18.0874,Entire home/apt,,3,2,2022-11-22,0.02,1,0,0,
36033830,Furnished Room in Stockholm.,130270837,1468305573458096027,Manohar Singh,,Rinkeby-Tensta,59.40458305927468,17.93874964958506,Private room,367,15,0,,,1,159,0,
36050496,Beautiful central apartment with balcony,58330713,1466699136809433639,Sandra,,Norrmalms,59.34424,18.05702,Entire home/apt,,5,3,2019-09-22,0.04,1,0,0,
36070504,Modern & fully furnished studio,271346174,1463352607514495320,StayPlus,,Hägersten-Liljeholmens,59.29786,17.99765,Entire home/apt,785,1,64,2026-05-24,0.77,50,266,14,
36071903,Furnished & modern 1 BR flat,271346174,1463352607514495320,StayPlus,,Hägersten-Liljeholmens,59.29792,17.99817,Entire home/apt,1291,1,88,2026-06-26,1.84,50,297,22,
36142529,"Three rooms at Kungsholmen, Stockholm city",83340766,1467009275632849352,Niklas,,Kungsholmens,59.33617,18.02487,Entire home/apt,,10,3,2020-01-01,0.04,2,0,0,
36191218,Design apartment in the heart of NoFo Stockholm,64797584,1466801265943011399,Christer,,Södermalms,59.31622,18.07713,Entire home/apt,3627,5,10,2024-08-11,0.12,1,27,0,
36219005,Beautiful modern townhouse 15 minutes from City,35724198,1465527724542222165,Hanna,,Skarpnäcks,59.2943,18.11348,Entire home/apt,,5,0,,,1,1,0,
36324410,Lugnt centralt i Stockholms stadsdel södermalm,273186263,1469441709793243998,Elisabeth,,Södermalms,59.31632,18.07256,Private room,1826,1,127,2026-06-15,1.51,2,309,31,
36365575,Fresh studio apartment close to Stockholm city,36588881,1465544954800217943,Tiina,,Hägersten-Liljeholmens,59.29989,17.99926,Entire home/apt,,3,32,2025-08-31,0.38,1,0,2,
36406817,Nice room in Hammarby Sjöstad.,43185253,1465641239321289606,Eva & Björn,,Södermalms,59.30446,18.08901,Private room,,1,99,2026-06-30,1.16,1,0,19,
36448782,Beautiful large villa with garden in Stockholm,142988912,1468410588366258212,Johanna,,Skarpnäcks,59.27719,18.1175,Entire home/apt,,3,18,2025-08-02,0.21,1,3,2,
36463610,Centrally located house with sundeck and garden.,36960976,1465550510588187691,Mårten,,Farsta,59.27454,18.07572,Entire home/apt,,2,28,2025-06-23,0.33,1,0,0,
36480352,Great apartment in the hip city area Aspudden.,14901492,1462949600392372117,Katrin,,Hägersten-Liljeholmens,59.30615,17.99831,Entire home/apt,,2,1,2019-08-13,0.01,2,0,0,
36502178,Stockholm,160072992,1468557342505475489,Erwa,,Hägersten-Liljeholmens,59.29459,17.99186,Private room,432,10,17,2023-05-14,0.21,1,163,0,
36515865,In the centre of lovely Södermalm.,274502537,1469448228385219435,Fredrik,,Södermalms,59.31575,18.07556,Entire home/apt,,5,6,2022-07-31,0.07,1,0,0,
36557366,Ett rymligt rum i villa med trädgård i söderläge,37966035,1465567977822061739,Sofie,,Skärholmens,59.29282,17.92244,Private room,1213,2,24,2026-06-28,0.29,1,321,7,
36579333,"Mysig lägenhet centralt i SoFo, Södermalm",100332605,1462871127360201386,Alex,,Södermalms,59.313,18.079,Entire home/apt,,1,10,2026-06-14,0.43,2,0,4,
36598758,Charmig lägenhet nära city,10716710,1462847953228990150,Jakob,,Kungsholmens,59.33022,18.03084,Entire home/apt,,10,4,2022-01-07,0.05,1,0,0,
36614810,Charming 1BR in the heart of Old Town,135323554,1468348755002125383,Andreas,,Södermalms,59.32257,18.07102,Entire home/apt,2946,1,136,2026-06-15,3.99,22,338,55,
36687952,"Pretty apartment in Sofo, the heart of Södermalm",275484557,1469453095486002239,Annelie,,Södermalms,59.31353,18.09228,Entire home/apt,,3,40,2026-06-27,0.50,1,3,7,
36693017,Fin legenhät på 55 kvm med balkong,275700077,1469454124851881802,Iwona,,Enskede-Årsta-Vantörs,59.28299,18.04592,Entire home/apt,1256,1,71,2026-06-25,1.43,1,1,20,
36723848,Small apartment in detached house,276020302,1469455745926980106,Charlotte,,Älvsjö,59.27998,17.99738,Entire home/apt,,1,311,2026-06-16,3.71,1,0,45,
36752841,Unique cellar unit in Old Town w/ private entrance,16683151,1462598836591245231,Olof,,Södermalms,59.32583196311981,18.07486232472602,Entire home/apt,2931,1,251,2026-06-28,2.98,8,328,48,
36781505,Green area close to inner city!,70942841,1466877886900032291,Per Moberg,,Bromma,59.331027209565065,17.95057044421673,Entire home/apt,1864,3,180,2026-06-02,2.17,9,270,26,
36783580,Generator - 6 bed Dorm,270945260,1469430828765806306,Generator,,Norrmalms,59.33699,18.05107,Private room,1968,1,217,2026-05-27,2.57,18,307,26,
36783624,Generator - Superior Queen,270945260,1469430828765806306,Generator,,Norrmalms,59.335,18.05092,Private room,1880,1,431,2026-01-26,5.10,18,301,25,
36783661,Generator - Bed in 6 Bed Dorm,270945260,1469430828765806306,Generator,,Norrmalms,59.33513,18.04999,Private room,364,1,865,2026-06-16,10.27,18,307,34,
36783732,Generator - Bed in 6 Bed Dorm Female Only,270945260,1469430828765806306,Generator,,Norrmalms,59.33634,18.05161,Shared room,377,1,292,2026-06-04,3.46,18,307,16,
36783872,Generator - Family Room for 4,270945260,1469430828765806306,Generator,,Norrmalms,59.33705,18.05001,Private room,2790,1,228,2026-02-02,2.71,18,304,10,
36783908,Generator - Superior Twin,270945260,1469430828765806306,Generator,,Norrmalms,59.33546,18.04977,Private room,1660,1,134,2026-04-22,1.60,18,292,9,
36783948,Generator - Bed in 4-bed Dorm,270945260,1469430828765806306,Generator,,Norrmalms,59.33683,18.05142,Shared room,386,1,508,2026-06-08,6.04,18,306,33,
36784006,Generator - Private 4-bed Room,270945260,1469430828765806306,Generator,,Norrmalms,59.33474,18.05043,Private room,1698,1,195,2025-10-13,2.42,18,308,7,
36784137,Generator - Studio Suite,270945260,1469430828765806306,Generator,,Norrmalms,59.33677,18.04999,Private room,8680,1,0,,,18,306,0,
36786378,Urban studio apartment - Perfect for couple,276498459,1469457993598530540,Carl Richard,,Kungsholmens,59.3381,18.02313,Entire home/apt,,4,16,2021-01-02,0.19,1,0,0,
36838088,"Cosy flat in quiet area, center of Stockholm.",12053525,1462879094972751706,Anna,,Norrmalms,59.33818,18.05039,Private room,799,1,33,2026-04-12,1.28,1,91,13,
36842353,Light and spacious room to rent close to the city!,12988149,1462584607660252456,Johan,,Enskede-Årsta-Vantörs,59.28731,18.09228,Private room,,1,49,2024-05-20,0.58,1,0,0,
36896861,Loft apartment in Aspudden/Vinterviken,85191867,1467027594428510549,Nino,,Hägersten-Liljeholmens,59.30596,18.00404,Entire home/apt,1720,3,2,2022-10-01,0.03,1,159,0,
36909966,Modern flat in a nice family friendly area,277408520,1469462246195071279,Hoshang,,Enskede-Årsta-Vantörs,59.28498,18.09854,Entire home/apt,1258,5,21,2025-11-24,0.79,1,35,4,
36925358,"A room in the middle of Södermalm, SOFO, Stockholm",13171028,1462585347292463029,Synnöve,,Södermalms,59.31151,18.07976,Private room,1612,2,207,2026-06-28,2.45,1,311,18,
36925986,"Elegant & light 3 room apartment in SoFo, 97sqm",240767680,1469279965044232022,Julius Apartment,,Södermalms,59.31263,18.08089,Entire home/apt,2400,1,334,2026-06-22,4.09,7,208,58,
36927101,"Spacious and quiet, 10 minutes from city",12629233,1462892095795909034,Lena,,Kungsholmens,59.33619,18.01409,Private room,3709,2,3,2026-06-12,0.04,1,270,1,
37012919,Neat Apartment with Great Communications,15086527,1462953898691789768,Daniel,,Östermalms,59.34695,18.0693,Entire home/apt,,2,15,2021-02-16,0.18,1,0,0,
37080292,Penthouse 2rok 20 min från Stockholms City,49199481,1465749034916445440,Susanne,,Skärholmens,59.29138,17.9385,Entire home/apt,1040,3,10,2026-06-25,0.12,1,8,5,
37120399,Fantastic central studio apartment - top floor.,279216626,1469470077519438037,Zina,,Kungsholmens,59.3368,18.01313,Entire home/apt,,1,27,2021-03-29,0.33,1,0,0,
37178729,Lovely apt near nature & 5 minutes to Södermalm!,6523075,1462708633450569512,Frida,,Skarpnäcks,59.29444,18.11018,Entire home/apt,,3,23,2026-05-16,0.28,1,0,1,
37242767,Family apartment at Karlaplan (100 kvm),209525885,1469093147816760210,Eveliina,,Östermalms,59.33815,18.09224,Entire home/apt,,4,17,2024-07-28,0.20,1,0,0,
37278401,"Cozy small house, perfect for the family.",11535351,1462867001332101118,Patrik,,Skärholmens,59.28978,17.91333,Entire home/apt,,7,2,2019-08-18,0.02,1,0,0,
37301374,Kransen Hill,280817496,1469476778755534036,Arlen,,Hägersten-Liljeholmens,59.30297,18.01103,Private room,1013,2,55,2026-06-15,0.65,1,320,2,
37314776,Cosy cottage with pool & fireplace,29680992,1465436664041688290,Laura,,Farsta,59.26577,18.09666,Entire home/apt,2861,7,5,2025-08-01,0.07,1,323,1,
37329906,"Apartment near to Stockholm centre, Malls & Nature",265891582,1469406214723596718,Syed Irfan,,Rinkeby-Tensta,59.41292,17.92498,Entire home/apt,948,1,3,2019-09-12,0.04,1,132,0,
37405960,Accommodation close to Stockholm City,280831170,1469476911003298169,Elin,,Bromma,59.32765,17.97318,Entire home/apt,1919,3,33,2026-02-22,0.41,3,246,2,
37448620,Comfortable Room in Stockholm,140367016,1468389029709742823,Hanna,,Hässelby-Vällingby,59.36461,17.83411,Private room,,3,7,2020-09-30,0.08,1,0,0,
37488793,Tasteful Studio apartment in super attractive area,235703825,1463249983011730594,Anne-Mette,,Södermalms,59.31992,18.03654,Entire home/apt,,3,87,2025-11-29,1.09,1,0,16,
37522895,2a i Aspudden 12 min från T-centalen m tunnelbana,64801318,1466801334979757233,Sandra,,Hägersten-Liljeholmens,59.30763,17.99937,Entire home/apt,,1,5,2020-03-01,0.06,1,0,0,
37675648,"Close to city, 10 min walk from convention center",284723434,1469490203308467098,Cecilia,,Älvsjö,59.28287,18.00364,Entire home/apt,,3,12,2025-08-28,0.14,1,0,1,
37677620,Mysig nyrenoverad lägenhet nära kista galleria,157797570,1468538114094830610,Meryem,,Rinkeby-Tensta,59.40995,17.92634,Entire home/apt,,20,4,2019-09-02,0.05,1,0,0,
37697262,Clean room in central Östermalm,7248534,1462727123565879005,Caroline,,Östermalms,59.34075,18.08128,Private room,,30,43,2026-06-14,0.51,2,0,11,
37822122,Charming modern accommodation near Stockholm City,280831170,1469476911003298169,Elin,,Bromma,59.32731,17.97349,Entire home/apt,2092,3,33,2025-03-19,0.41,3,255,0,
37866815,Bright & Modern Apartment- 5 min to Södra Station,276584263,1469458359536616769,Mahsa,,Södermalms,59.31272,18.06,Entire home/apt,424,90,0,,,1,358,0,
37903275,"Mysigt stort villa.
Väldigt lugnt ställe.",201842024,1469053318577586764,Samia,,Spånga-Tensta,59.36901,17.91683,Private room,521,7,0,,,1,363,0,
38177123,Queen bed hideaway luxurious lower East side,115873,1462509943145048364,Mia Hozona,,Östermalms,59.33365,18.08094,Entire home/apt,,6,0,,,1,0,0,
38281195,Comfortable living with all necessary needs,291003983,1463395332092785701,Mitri,,Skarpnäcks,59.29478,18.09364,Private room,762,2,170,2026-06-26,2.06,1,183,19,
38340546,Modern apartment in Stockholm with outdoor terrace,134787772,1468344077049678990,Sarah,,Hägersten-Liljeholmens,59.29725,18.00311,Entire home/apt,,28,8,2023-07-07,0.10,1,0,0,
38445231,"Big two floor apartment in Södermalm, Stockholm",116988167,1468198272082358728,Carin,,Södermalms,59.3118,18.06201,Entire home/apt,4070,3,57,2026-06-29,0.72,1,9,11,
38513842,"Central, Old Town, Large & Luxury Flat!",293706726,1469518606984092446,Inna,,Södermalms,59.32332,18.06812,Entire home/apt,4793,2,253,2026-06-22,3.07,2,305,50,
38606701,"3 minutes to metro/bus, 2 min to the forest/lake",178156191,1468723105843533914,Mae Jane,,Skärholmens,59.2938,17.92763,Private room,,300,1,2019-12-01,0.01,2,89,0,
38682985,Modern small studio at Telefonplan,271346174,1463352607514495320,StayPlus,,Hägersten-Liljeholmens,59.29968,17.99754,Entire home/apt,975,1,90,2026-06-23,1.09,50,224,35,
38684015,Studio in trendy Södermalm by Vitan,271346174,1463352607514495320,StayPlus,,Södermalms,59.30893,18.09095,Entire home/apt,,1,48,2026-05-20,0.58,50,356,14,
38709287,"Fin rum uthyres längre period, sekelskiftesvåning.",1605540,1462562917699791405,Tova,,Hägersten-Liljeholmens,59.311092,18.025944,Private room,1170,1,6,2026-05-24,0.56,1,135,6,
38709869,Stockholm Central penthouse-feeling retreat,34682523,1465511317581898905,Ella.S,,Södermalms,59.310100865577155,18.053029044164187,Entire home/apt,2111,2,39,2026-06-25,1.47,1,53,16,
38730306,Nice and comfortable apartment close to subway!,202509982,1469056687279539922,Amanda,,Hägersten-Liljeholmens,59.30353,18.01373,Entire home/apt,,4,1,2019-10-11,0.01,1,0,0,
38773599,"Bright, two bedroom with balcony close to metro",1937994,1462582226472752937,Linda,,Skärholmens,59.29371,17.93866,Entire home/apt,,2,19,2025-10-19,1.14,1,0,10,
38817046,Beautiful and cozy apartament in town Stockholm.,205288167,1469070861602966072,Susana Eliza,,Södermalms,59.31222,18.06167,Entire home/apt,1168,30,2,2024-01-16,0.06,1,242,0,
38844153,"Rymlig 1,5 rum lägenhet - nära till ALLT",297398800,1469530482341934092,Linda,,Enskede-Årsta-Vantörs,59.29088,18.06854,Entire home/apt,,3,3,2021-08-30,0.05,1,0,0,
38945860,Two-room flat  - 20 min by metro from the City,29562285,1465435104750566266,Tania,,Bromma,59.33508,17.97158,Entire home/apt,,2,4,2019-11-10,0.05,1,0,0,
38983300,Beautiful room w balcony,28980900,1465427175166308540,Annika,,Södermalms,59.30099,18.10361,Private room,,1,1,2021-01-17,0.02,1,0,0,
39030013,"Litet, enkelt sovrum ! Bra läge!",16533093,1462988932624516570,Anahi,,Södermalms,59.31206,18.08128,Private room,,1,4,2019-11-12,0.05,2,0,0,
39080306,Spatious 4-room apartment with garden in Stockholm,75777285,1466930529712049019,Ola,,Enskede-Årsta-Vantörs,59.28367,18.08785,Entire home/apt,,5,0,,,1,0,0,
39082605,Family dream house with spa and amazing garden,31680962,1465465571904170960,Harry,,Skarpnäcks,59.28402,18.10937,Entire home/apt,,4,19,2025-08-03,0.52,1,4,5,
39108204,Lovely appartment,17764188,1462603635399453742,Josian,,Norrmalms,59.348,18.03703,Entire home/apt,,4,7,2024-12-15,0.12,1,0,0,
39113122,Fin lägenhet med balkong,131344872,1468314853372442914,Sara,,Norrmalms,59.34197,18.03598,Entire home/apt,,4,1,2022-05-28,0.02,1,0,0,
39165791,Mysig rosa lägenhet med balkong!,269570478,1469424355551747891,Maria,,Hägersten-Liljeholmens,59.30064,17.98627,Entire home/apt,,3,9,2020-10-01,0.11,1,0,0,
39223500,Spacious apartment in cent. Stockholm w terrace,142234880,1468404789472872993,Hanna,,Norrmalms,59.34348,18.0455,Entire home/apt,4109,1,53,2025-10-18,0.65,1,279,7,
39273071,Roof Top Apartment,168322755,1468628005614931189,Ida,,Södermalms,59.32358,18.07178,Entire home/apt,3822,1,435,2026-06-13,5.33,1,296,73,
39403839,Cozy and Peaceful studio,217467746,1463200117382087740,Pouyeh,,Farsta,59.25622,18.107,Entire home/apt,,2,13,2024-08-25,0.36,1,0,0,
39465319,Guestroom 20 mins from city and close to nature,10072824,1462830957210082275,Balazs,,Farsta,59.24423,18.09563,Private room,625,2,86,2026-06-21,1.68,1,100,25,
39545996,Cozy 5-bedroom semi-detached house with a patio,1724256,1462576772231910509,Armin,,Rinkeby-Tensta,59.39579,17.93912,Entire home/apt,2701,2,0,,,3,128,0,
39546291,Elegant and cosy apartment at Kungsholmen.,303807422,1469556473385556216,Lisbeth,,Kungsholmens,59.33405,18.03354,Entire home/apt,13951,2,120,2023-08-27,1.49,1,89,0,
39595993,# 10 Studiolägenhet utan fönster(no window),8098890,1462749105435538275,Marius,,Kungsholmens,59.3325,18.02571,Entire home/apt,1387,1,356,2026-06-08,4.39,18,283,76,
39598914,# 13 Studiolägenhet utan fönster(no window),8098890,1462749105435538275,Marius,,Kungsholmens,59.33252,18.024,Entire home/apt,1094,1,404,2026-06-07,5.02,18,283,74,
39646249,Nice room in a lovely apartment,72076279,1466890727487399906,Violetta,,Östermalms,59.33454,18.08692,Private room,1281,2,63,2026-05-28,0.78,2,49,9,
39710529,Great Location Just Outside Stockholm City,205738761,1463152598903005074,Jacob,,Enskede-Årsta-Vantörs,59.29061,18.07169,Entire home/apt,,30,5,2025-06-01,0.06,1,0,0,
39807759,Trevlig lägenhet med närhet till Stockholm city,219295133,1469155945930994191,Tor,,Älvsjö,59.2723301,17.999982,Entire home/apt,,3,16,2024-12-09,0.63,1,0,0,
39855720,Bright and cozy Apartment close to city and nature,21208836,1463149366048065252,Nir,,Skarpnäcks,59.29591,18.10788,Entire home/apt,,2,5,2020-11-24,0.06,1,0,0,
39864414,Beautiful 2 bedroom apartment in Södermalm,21864249,1463165751257211112,Sara,,Södermalms,59.31623,18.07957,Entire home/apt,3951,8,36,2026-05-18,0.47,1,70,4,
39879950,Great apartment on Östermalm/Gärdet with balcony,307111330,1469568656520854478,Sara,,Östermalms,59.34616,18.09685,Entire home/apt,,1,1,2020-03-12,0.01,1,0,0,
39888957,"a room in Stockholm city, attractive area.",82299172,1462830995365376658,Tom & Oliva,,Norrmalms,59.34134,18.02781,Private room,,150,4,2021-08-28,0.05,2,137,0,
39952084,"The centre of Stockholm , 30 seconds to 5 min walk",307997883,1469571084572477215,Rose,,Norrmalms,59.3393,18.0628,Entire home/apt,3755,3,21,2026-06-01,0.26,2,93,13,
39963352,Cosy 1br apartment in trendy Södermalm,63580152,1466784772540094070,Chris,,Södermalms,59.31137,18.07936,Entire home/apt,,6,22,2022-12-29,0.27,1,0,0,
40023732,Cozy brand new Studio in best part of Södermalm!,308685969,1469573712467256094,Maria,,Södermalms,59.31339,18.08994,Entire home/apt,1857,2,77,2026-06-11,0.96,1,104,13,
40035164,Fräsch och trivsam lägenhet med egen uteplats,308770987,1469574087077815468,Edgar + Annalena,,Farsta,59.25243,18.07778,Entire home/apt,882,3,119,2026-06-25,1.57,1,311,39,
40050309,Bright apartment close to Old Town,81806054,1466993791990072016,Pär & Regina,,Södermalms,59.31913,18.05877,Entire home/apt,1875,1,411,2026-06-15,5.11,3,18,63,
40087753,"Cozy apartment w/ balcony, calm, 15 mins to city",10091962,1462831406378517441,Solveig,,Enskede-Årsta-Vantörs,59.2958,18.04661,Entire home/apt,,5,20,2024-03-12,0.25,1,0,0,
40089552,Stockholms Sjöstad. Ta gratisbåten till Södermalm,14166250,1462932162981113716,Elisabeth,,Södermalms,59.301795627481226,18.10330820083618,Private room,,7,6,2023-08-13,0.08,1,0,0,
40187639,Fin lägenhet med uteplats på Östermalm!,79117227,1466967566772233570,Anna,,Östermalms,59.34183,18.08554,Entire home/apt,3869,10,17,2026-06-15,0.35,1,108,2,
40203384,Central cozy apartment safe hood,70270,1462508328827847559,Maria,,Norrmalms,59.34247,18.03908,Entire home/apt,1712,1,10,2026-06-12,0.39,1,207,9,
40257835,"Central, calm and well connected location",87317778,1467050041934582595,Åsa,,Södermalms,59.31252,18.06428,Private room,818,1,73,2026-06-22,0.91,1,19,25,
40277527,Stylish 1 Bedroom Apartment !,311138381,1469582619729245700,Marianthi,,Östermalms,59.33523,18.08436,Entire home/apt,1712,7,4,2025-09-01,0.17,1,227,2,
40282855,Mysigt hus i Gamla Enskede,5350731,1462678769355605887,Jenny,,Enskede-Årsta-Vantörs,59.28384,18.07795,Entire home/apt,,3,2,2024-11-03,0.10,1,0,0,
40301184,#1 Studiolägenhet,8098890,1462749105435538275,Marius,,Kungsholmens,59.33455,18.02521,Entire home/apt,1253,1,356,2026-06-11,4.46,18,298,68,
40302082,#16 Studiolägenhet (no window),8098890,1462749105435538275,Marius,,Kungsholmens,59.33453,18.02503,Entire home/apt,1115,1,256,2026-06-12,3.20,18,318,50,
40324585,Whole apartment 1 bedroom,10281110,1462836394004556775,Osman,,Farsta,59.27333,18.08243,Entire home/apt,,4,0,,,1,0,0,
40337040,Cosy room close to Bromma Airport and Sundbyberg,67897354,1466839211513576595,Sofie,,Bromma,59.36123,17.94887,Private room,,1,17,2022-08-14,0.22,1,0,0,
40343199,Modern apartment in Vasastan,68094518,1466841533633676452,Olga,,Norrmalms,59.34675,18.03482,Entire home/apt,,4,25,2023-12-25,0.31,1,0,0,
40391548,mysigt rum i lägenhet med terrass,251531323,1469333033106044766,Paloma,,Skärholmens,59.28378770878158,17.922668994358922,Private room,577,3,14,2026-06-15,0.37,1,81,2,
40397787,Charming flat in old house close to Stockholm City,240374835,1469278304516490972,Elin,,Hägersten-Liljeholmens,59.301,17.96328,Entire home/apt,3491,4,14,2024-09-16,0.29,4,241,0,
40418388,2BR in trendy neighbourhood,60382478,1466742370835977491,Elias,,Södermalms,59.31349,18.07606,Entire home/apt,2971,1,300,2026-06-27,3.90,30,321,53,
40419926,Cosy single room with shared bathroom in the corridor,260094228,1463324118326712794,Jacob,,Södermalms,59.31894,18.06008,Private room,1054,1,363,2026-06-07,4.60,8,337,81,
40450649,#17 Studiolägenhet utan fönster(no window),8098890,1462749105435538275,Marius,,Kungsholmens,59.3343,18.02556,Entire home/apt,1166,1,375,2026-06-14,4.73,18,300,59,
40459005,Beautiful twin room with shared bathroom in the corridor,260094228,1463324118326712794,Jacob,,Södermalms,59.31972,18.05856,Private room,727,1,85,2026-06-26,1.10,8,301,6,
40459072,Spacious triple room with shared bathroom in the corridor,260094228,1463324118326712794,Jacob,,Södermalms,59.31973,18.05824,Private room,1239,1,78,2026-06-29,2.03,8,299,23,
40459575,"Ground floor, single room with private bathroom",260094228,1463324118326712794,Jacob,,Södermalms,59.31918,18.05997,Private room,1159,1,19,2026-06-25,0.24,8,284,3,
40459643,"Ground floor, twin room private bathroom, located across the court yard",260094228,1463324118326712794,Jacob,,Södermalms,59.31888,18.06026,Private room,2197,1,49,2026-06-26,1.16,8,266,11,
40459780,Cosy single room with private bathroom,260094228,1463324118326712794,Jacob,,Södermalms,59.31951,18.0602,Private room,1264,1,7,2026-04-07,0.18,8,272,2,
40459858,"Large quadruple room, private bathroom",260094228,1463324118326712794,Jacob,,Södermalms,59.31796,18.05801,Private room,1159,1,33,2026-06-17,0.87,8,204,13,
40459957,Beautiful twin room with private bathroom,260094228,1463324118326712794,Jacob,,Södermalms,59.31823,18.05816,Private room,1523,1,21,2026-05-12,0.50,8,257,6,
40487853,Nice family townhouse close to the city.,4551172,1462536147973457480,Madeleine,,Hägersten-Liljeholmens,59.30675,18.00824,Entire home/apt,2625,3,10,2025-08-04,0.27,1,6,1,
40503353,Cozy 1 bed apt. in trendy Södermalm,263630994,1469394410208153553,Sara,,Södermalms,59.31533,18.07929,Entire home/apt,,5,9,2024-05-26,0.11,1,0,0,
40574405,# 18 Studiolägenhet utan fönster(no window),8098890,1462749105435538275,Marius,,Kungsholmens,59.33255,18.02371,Entire home/apt,1150,1,403,2026-06-15,5.09,18,286,69,
40639770,Cozy tiny house near Globen-The Swedish experience,315122535,1469594440986402206,Sissy,,Enskede-Årsta-Vantörs,59.29091,18.06801,Entire home/apt,1486,1,46,2026-06-28,0.59,3,64,17,
40672203,Unique attic apartment in the heart of Södermalm,2336770,1462592375416978658,Graham,,Södermalms,59.31694,18.06672,Entire home/apt,,5,14,2025-12-31,0.18,1,0,1,
40685438,Hotell Lägenhet - The Studio Hotel,288322368,1469502478265664844,The Studio Hotel,,Rinkeby-Tensta,59.40036,17.95242,Entire home/apt,,60,20,2024-08-28,0.26,8,81,0,
40689811,Mysigt rum i Skanstull,62884716,1466776056674981370,Pernilla,,Södermalms,59.30597,18.07651,Private room,1448,1,3,2024-08-16,0.04,10,180,0,
40700651,Cozy apartment in the central of Stockholm,49847614,1465761466265379499,Ida,,Södermalms,59.31911,18.03619,Entire home/apt,,7,0,,,1,0,0,
40714801,"Unique Loft Home | Beams, Fireplace | Mariatorget",14553463,1462941319848192660,Lars,,Södermalms,59.31524,18.06367,Entire home/apt,,3,4,2026-05-23,0.05,1,0,3,
40715418,Charming apartment in the heart of Stockholm,38657745,1465578038023161915,Imad,,Norrmalms,59.33699,18.05594,Entire home/apt,,1,12,2024-08-09,0.15,1,0,0,
40755197,Tiny house in Stockholm - The Swedish experience!,315122535,1469594440986402206,Sissy,,Enskede-Årsta-Vantörs,59.29132,18.07008,Entire home/apt,1494,2,44,2026-06-25,0.56,3,33,14,
40776012,Edgy and Modern Apartment - Newly Renovated,316782764,1469598673104803159,Bella,,Norrmalms,59.33669,18.06827,Entire home/apt,3514,2,19,2025-08-04,0.24,11,13,3,
40777283,Cozy studio near Globen - The Swedish experience,315122535,1469594440986402206,Sissy,,Enskede-Årsta-Vantörs,59.29334,18.06947,Entire home/apt,836,2,19,2020-10-27,0.24,3,97,0,
40790164,New built Apartment in south side of Sthlm,80854338,1462827699824097270,David,,Hägersten-Liljeholmens,59.296,18.01122,Entire home/apt,,3,52,2023-05-29,0.67,1,0,0,
40814875,"Cosy, private studio near Stockholm city",290171033,1469508297860925223,Malin,,Älvsjö,59.26621,17.9797,Entire home/apt,811,2,99,2025-09-22,1.26,1,266,7,
40830201,Gröndal/liljeholmen,317621159,1469600460206518219,Alireza,,Hägersten-Liljeholmens,59.31466,18.00013,Entire home/apt,,3,8,2024-01-01,0.13,1,0,0,
40833106,Five star studio in historic building,69485372,1466859477262807394,Johan,,Norrmalms,59.33709,18.03544,Entire home/apt,517,45,3,2020-12-20,0.04,1,221,0,
40865949,Entire home/flat in Södermalm,182076495,1468757047211647282,Oskar,,Södermalms,59.31051,18.08726,Entire home/apt,,10,9,2024-03-20,0.11,1,0,0,
40867254,# 4 Studiolägenhet utan fönster(no window),8098890,1462749105435538275,Marius,,Kungsholmens,59.33442,18.02443,Entire home/apt,1099,1,387,2026-06-14,4.92,18,287,67,
40877826,# 5 Studiolägenhet,8098890,1462749105435538275,Marius,,Kungsholmens,59.33257,18.02428,Entire home/apt,1027,1,411,2026-06-06,5.18,18,269,69,
40878305,# 6 Studiolägenhet,8098890,1462749105435538275,Marius,,Kungsholmens,59.33314,18.02358,Entire home/apt,1227,1,337,2026-06-14,4.25,18,272,68,
40912189,Beautiful flat in the centre,17437011,1463010078522583326,Malin,,Norrmalms,59.3409851,18.0292708,Entire home/apt,,20,0,,,2,0,0,
41127803,Trevligt rum för en person i lugna Älvsjö - rum 1,43610540,1462694297567346032,Erik,,Älvsjö,59.27288,17.98576,Private room,341,10,25,2026-05-31,0.35,5,38,5,
41128930,Nice room for one person in quiet Älvsjö - room 3,43610540,1462694297567346032,Erik,,Älvsjö,59.27307,17.98429,Private room,370,14,10,2025-05-19,0.13,5,116,0,
41149264,City Centre!Great Location close to all transport!,307997883,1469571084572477215,Rose,,Norrmalms,59.33932,18.06163,Entire home/apt,3679,1,6,2025-07-17,0.08,2,17,1,
41207884,"Lovely apt: near subway, National Reserve & Sth C",236463350,1469258402846698177,Erica,,Skarpnäcks,59.28206,18.12172,Entire home/apt,1344,4,78,2026-05-31,1.31,1,316,15,
41220827,Stylish Flat close to Old Town,81806054,1466993791990072016,Pär & Regina,,Södermalms,59.31874,18.05871,Entire home/apt,1935,1,314,2026-06-14,4.01,3,26,53,
41280257,Small apartment in central Stockholm,5866335,1462691611118485744,Per J,,Södermalms,59.31979,18.05931,Entire home/apt,1404,4,95,2026-06-20,1.21,1,123,18,
41334527,Cozy 1 bedroom apartment,10894261,1462852105641610344,Erika,,Södermalms,59.3185,18.03655,Entire home/apt,,3,17,2024-08-27,0.35,1,0,0,
41353827,Quiet apartment inside city with high standard,151359929,1468486824505648776,Måns,,Södermalms,59.30971,18.05634,Entire home/apt,,2,10,2022-08-20,0.14,1,0,0,
41452663,Roomy apartment i Central Stockholm,115053576,1468183246487459146,Jesper,,Södermalms,59.3113,18.06451,Entire home/apt,,4,0,,,1,0,0,
41512921,Södermalm. Medborgarplatsen,26457502,1465367106159075385,Mats,,Södermalms,59.31402,18.07499,Entire home/apt,,7,4,2023-07-09,0.08,1,0,0,
41545634,APT in Hagastaden close to Karolinska/St Eriksplan,38164866,1465571145862383943,Christian,,Norrmalms,59.34953,18.03731,Entire home/apt,1085,2,24,2026-06-14,0.31,1,101,9,
41579104,Modern and bright aparatment two minutes to subway,22834819,1463189570598072751,Wendela,,Enskede-Årsta-Vantörs,59.26484,18.0157,Entire home/apt,,3,3,2021-06-30,0.04,1,0,0,
41587425,"Sommarhus på ö,skyddat läge,bastu,egen badbrygga",327775948,1469627129539117934,Maria,,Hässelby-Vällingby,59.36532,17.80091,Entire home/apt,,7,4,2022-07-21,0.06,1,0,0,
41602184,Family studios with kitchen at The Studio Hotel,288322368,1469502478265664844,The Studio Hotel,,Rinkeby-Tensta,59.39902,17.95205,Entire home/apt,1521,7,21,2025-09-19,0.27,8,78,2,
41602670,Hotell Lägenhet - The Studio Hotel,288322368,1469502478265664844,The Studio Hotel,,Rinkeby-Tensta,59.40055,17.95176,Entire home/apt,1021,7,16,2025-11-04,0.21,8,165,2,
41602833,Hotell Lägenhet - The Studio Hotel,288322368,1469502478265664844,The Studio Hotel,,Rinkeby-Tensta,59.3992,17.95358,Entire home/apt,1200,7,14,2024-04-12,0.19,8,168,0,
41626735,Central apartment in Stockholm,64346922,1466794396203424595,Nyat,,Kungsholmens,59.33725,18.03121,Entire home/apt,,7,1,2026-06-16,1,1,0,1,
41651640,Light and spacious apartment in a great location!,328629785,1469629284118613561,Lina,,Östermalms,59.34498,18.06992,Entire home/apt,,3,30,2024-01-04,0.39,1,0,0,
41653980,Villa i Bromma,173922070,1468687488807602750,Fredrik,,Bromma,59.3532081,17.9024416,Entire home/apt,,7,0,,,1,0,0,
41656401,Fristående stuga med Bullerby-känsla nära t-bana!,328688629,1469629553205313167,Ingela,,Rinkeby-Tensta,59.38491,17.92268,Entire home/apt,,1,270,2026-04-29,3.51,1,0,55,
41740665,Rum i Radhus,329637768,1469632303999873219,Reza,,Hässelby-Vällingby,59.38103,17.83852,Private room,36,180,0,,,1,364,0,
41792637,Epic 3BR with stunning view in fabulous Fredhäll,10983437,1462854247026929192,Stefan,,Kungsholmens,59.32897,17.99785,Entire home/apt,,5,4,2022-08-01,0.08,1,0,0,
41828251,Rum i ett vackert hus,24148613,1462628194555035374,Caisa,,Hägersten-Liljeholmens,59.30388,17.96315,Private room,,1,38,2024-10-17,0.49,4,0,0,
41876526,Cozy SoFo apartment near Medborgarplatsen,22876006,1462623004876155870,Bella,,Södermalms,59.31369,18.07625,Entire home/apt,1449,2,242,2026-06-21,3.27,44,268,57,
41879964,2 rooms apt close to city and water,39502179,1465590115592806334,Richard,,Hägersten-Liljeholmens,59.30418,18.01138,Entire home/apt,,3,9,2026-06-28,0.15,1,1,2,
41896424,Convenient SoFo Flat – Walk to Old Town,60382478,1466742370835977491,Elias,,Södermalms,59.31286,18.07608,Entire home/apt,2959,1,277,2026-06-10,3.58,30,282,53,
41921779,"Villa in Mälarhöjden, Stockholm. Close to city.",18723286,1463060167355922355,Susan,,Hägersten-Liljeholmens,59.29031,17.95285,Entire home/apt,3976,1,6,2026-01-03,0.25,1,7,1,
41923243,Cozy apartment with balcony in the heart of Söder,47191228,1465707922500042269,Mathieu,,Södermalms,59.31204,18.06999,Entire home/apt,,5,8,2024-05-30,0.10,1,0,0,
41935095,Cosy studio in the heart of Stockholm!,331791551,1469638998804192224,Ted,,Kungsholmens,59.33457,18.02859,Entire home/apt,,1,3,2023-01-20,0.04,1,0,0,
42047058,"Spacious house in a safe and cosy area, near beach",37162633,1462674319565257597,Niklas,,Hässelby-Vällingby,59.38987,17.80421,Entire home/apt,2682,2,7,2026-06-14,0.29,1,91,3,
42095200,Fantastisk Lägenhet I hammarby Sjöstad,62884716,1466776056674981370,Pernilla,,Södermalms,59.30646,18.10936,Private room,1284,2,3,2026-06-14,0.07,10,180,2,
42149803,Sparkling house and garden close to city & nature,220860397,1469166418597195468,Sofia,,Enskede-Årsta-Vantörs,59.27249,18.02992,Entire home/apt,3633,1,126,2026-06-08,1.69,21,118,20,
42165146,En ljus oas nära stan,334659050,1463471237113409446,Anders,,Bromma,59.33601,17.97448,Entire home/apt,1714,7,0,,,1,24,0,
42184728,Unikt 60-tals radhus med närhet till allt.,111971176,1462899940524398270,Oliver,,Farsta,59.24917,18.09323,Entire home/apt,4285,5,2,2022-12-28,0.04,1,91,0,
42199286,Charming Swedish house in southern Stockholm,8885269,1462789449932698328,Annika,,Enskede-Årsta-Vantörs,59.27393,18.02289,Entire home/apt,2488,2,14,2026-05-18,0.19,1,12,7,
42211696,"Nära city,  natur och tunnelbana",329600248,1469632159911310168,Maria,,Skarpnäcks,59.27602,18.11169,Entire home/apt,2538,1,9,2025-11-01,0.33,1,22,4,
42239883,12 minutes to city center. 2.5 rooms w balcony.,130871118,1468310639886967560,Per-Robin,,Enskede-Årsta-Vantörs,59.29651,18.04631,Entire home/apt,706,2,33,2026-06-12,0.47,1,152,5,
42244042,Cozy apartment 15 mins from city center!,2722006,1462605980895392734,Sibelle,,Hägersten-Liljeholmens,59.29023,17.96331,Entire home/apt,,2,5,2024-06-08,0.19,1,0,0,
42284844,Garden City House,217540491,1469143613412477743,Lennart R,,Enskede-Årsta-Vantörs,59.2812576,18.0857395,Entire home/apt,3310,2,18,2026-06-13,0.71,1,147,5,
42308771,A Cosy studio close to City center,28543933,1465421310898479868,Jelena,,Enskede-Årsta-Vantörs,59.30234,18.03776,Entire home/apt,,2,3,2022-01-02,0.05,1,0,0,
42308883,"Lyxig, barnvänlig funkisvilla med grymt läge",335531098,1463472659109560740,Stina,,Spånga-Tensta,59.37356,17.90885,Entire home/apt,,7,0,,,1,0,0,
42401918,Rum uthyres i mysig lght nära Globen & Tele2 Arena,337449630,1469655108888399715,Anna,,Enskede-Årsta-Vantörs,59.28323,18.09033,Private room,,1,9,2025-09-26,0.12,1,0,2,
42455869,Spacious modern flat with rooftop terrace!,145492037,1468429944982187772,Linnea,,Kungsholmens,59.32356,17.9917,Entire home/apt,3424,1,5,2026-05-18,0.43,1,179,5,
42463917,Balkongrummet i ett mycket vackert hus,24148613,1462628194555035374,Caisa,,Hägersten-Liljeholmens,59.30255,17.96182,Private room,,1,20,2025-01-13,0.52,4,0,0,
42481807,Great location in Stockholm (SoFo/Södermalm area),62716678,1466773846114291179,Magnus,,Södermalms,59.3101,18.08403,Entire home/apt,,1,18,2024-09-02,0.31,1,0,0,
42540252,"Large, stylish apartment in Central Stockholm",338836215,1469659895764594318,Melissa,,Norrmalms,59.34792,18.0497,Entire home/apt,4031,1,26,2026-06-21,0.36,1,23,2,
42560340,Private room in cozy Globen area by Avicii Arena,37789244,1462676347876324459,Franklin,,Enskede-Årsta-Vantörs,59.29566,18.0752,Private room,9424,1,72,2026-06-14,0.94,1,180,4,
42629498,"Rum mycket nära T-bana, centrum och natur",5426620,1462680548449181067,Bo,,Skarpnäcks,59.27707,18.13432,Private room,549,30,0,,,4,268,0,
42630316,In Lärkstan with a view,334064411,1469645276119389011,Jenny,,Östermalms,59.34405,18.06868,Entire home/apt,4455,3,21,2026-06-22,0.55,1,337,9,
42650351,Nice room for one person in quiet Älvsjö - room 4,43610540,1462694297567346032,Erik,,Älvsjö,59.27313,17.98428,Private room,420,14,20,2026-02-15,0.27,5,211,4,
42650987,Trevligt rum för en person i lugna Älvsjö - rum 2,43610540,1462694297567346032,Erik,,Älvsjö,59.27448,17.98632,Private room,485,5,9,2026-05-19,0.13,5,50,7,
42669584,Long-term rent of a room in a 4-bed apartment.,80107474,1466977085196324015,Abdi,,Farsta,59.24403,18.08323,Private room,637,1,47,2026-06-14,0.61,2,357,10,
42689403,"Lägenhet i Vårberg 68, uthyres till 500-700/dag",247277704,1469311691749901242,Robert,,Skärholmens,59.2755,17.88734,Entire home/apt,452,30,0,,,1,270,0,
42723864,Top Floor - Central - Stockholm,340301611,1469665522008717985,Daniel,,Södermalms,59.31828,18.05149,Entire home/apt,,4,0,,,1,0,0,
42784546,Healing Camp - Mind & Body,62884716,1466776056674981370,Pernilla,,Hässelby-Vällingby,59.39031,17.77194,Private room,4622,1,0,,,10,173,0,
42788461,Heart of the city. Great view,22674761,1463185608892013350,Shawn,,Kungsholmens,59.33028202174536,18.046850077807903,Entire home/apt,2260,4,37,2026-05-13,0.87,1,6,10,
42789164,Cozy apartment a short ride from the T-central!,33557903,1462662306321832046,Malin,,Farsta,59.25693,18.08336,Entire home/apt,799,3,5,2025-06-07,0.07,1,16,0,
42824363,Twin Room - Stockholm Hostel (No window),259019701,1463321225501228895,Marius,,Kungsholmens,59.33633,18.03009,Private room,955,2,166,2026-05-16,2.40,21,362,3,
42824994,City Twin Room with Private Bathroom - No Window,259019701,1463321225501228895,Marius,,Kungsholmens,59.33521,18.03147,Private room,1235,1,20,2025-09-22,0.50,21,360,4,
42825028,Quadruple Room @ Stockholm Hostel (No window),259019701,1463321225501228895,Marius,,Kungsholmens,59.335,18.02989,Private room,1144,2,107,2026-04-15,1.50,21,360,6,
42870218,Hotell Lägenhet - The Studio Hotel,288322368,1469502478265664844,The Studio Hotel,,Rinkeby-Tensta,59.40104,17.95177,Entire home/apt,1000,7,1,2020-08-16,0.01,8,168,0,
42920494,Long stay in a Central located Hotel in Stockholm,116044429,1468190773657911864,Guven,,Norrmalms,59.33704,18.05217,Private room,,1,56,2026-06-23,0.73,10,0,9,
42936429,Cozy apartment in popular area,17410852,1463009495853459119,Daniela,,Hägersten-Liljeholmens,59.30023,18.01458,Entire home/apt,940,15,1,2021-08-28,0.02,1,220,0,
43029788,Stay in a Junior Suite room in Stockholm,116044429,1468190773657911864,Guven,,Norrmalms,59.33663,18.05442,Private room,,1,5,2024-12-20,0.07,10,0,0,
43057092,Modern apartment 5 min from Södermalm,12575400,1462890876782521970,Malin,,Skarpnäcks,59.29576,18.09414,Entire home/apt,,3,2,2021-08-02,0.03,1,0,0,
43068698,Lägenhet nära stan,226893858,1469207406606675095,Jef,,Hägersten-Liljeholmens,59.29664,17.98204,Entire home/apt,,1,0,,,1,0,0,
43195415,Spacious house ideal for 5-6 people or family,7121958,1462723959753952255,Ulrik,,Skarpnäcks,59.27018,18.11292,Entire home/apt,,3,2,2024-07-19,0.06,1,0,0,
43259107,Idylliskt läge vid stranden - drömboendet!,7584177,1462735841498621723,Emma,,Hässelby-Vällingby,59.36539,17.82056,Entire home/apt,,2,14,2023-08-22,0.19,2,0,0,
43393720,Beautiful apartment in Stockholm/Vasastan,345752234,1469684100729706516,Matilda,,Norrmalms,59.34274,18.04643,Entire home/apt,2853,3,18,2026-05-17,0.35,1,17,4,
43407782,Modern and comfortable Central City apartment,9066926,1462794061301303135,Egle,,Norrmalms,59.33583,18.05191,Entire home/apt,,7,1,2020-07-18,0.01,1,0,0,
43410478,3. Two Room Old Town,325886610,1469621348754791169,Old Town Studio,,Södermalms,59.32384,18.07062,Entire home/apt,1424,1,461,2026-06-14,6.19,4,313,72,
43420437,Stor villa med egen uppvärmd pool i södra Sthlm,151796665,1468490332903173281,Emma,,Enskede-Årsta-Vantörs,59.26921,18.02929,Entire home/apt,4633,4,3,2026-06-03,0.13,1,231,2,
43420679,Waterfront house - 4 km from Stockholm city center,111886265,1467351617867342381,Erik,,Kungsholmens,59.3175517,17.9821824,Entire home/apt,4998,1,9,2025-08-14,0.15,1,20,3,
43467150,Big family penthouse apartment with a terrace!,6046260,1462543582632628371,Karin,,Hägersten-Liljeholmens,59.30184,17.97758,Entire home/apt,,4,10,2024-07-27,0.17,1,2,0,
43474079,2 Bedroom Apartment,362541894,1469727868135391449,ApartDirect,,Södermalms,59.32492,18.06846,Entire home/apt,3399,2,164,2026-06-01,2.41,22,266,17,
43481233,Trendy Södermalm apt w/ everything you need!,14233450,1462933623641077442,Neggi,,Södermalms,59.31452,18.06984,Entire home/apt,,3,22,2024-10-06,0.30,1,0,0,
43495438,Nice Apartment In Stockholm,165519410,1463030942607080337,Christoffer,,Enskede-Årsta-Vantörs,59.29169,18.03327,Entire home/apt,,1,0,,,1,0,0,
43501954,Stor vindsvåning nära vattnet,73524407,1462810697809430123,Terése,,Hägersten-Liljeholmens,59.30419600796989,17.9647402066659,Entire home/apt,2168,4,6,2026-06-14,0.17,1,157,3,
43523223,Spacious 1BR apartment in Old Town,51002540,1465791127373831762,Fredrik,,Södermalms,59.32531,18.06921,Entire home/apt,2164,2,300,2026-06-15,4.04,20,332,43,
43528958,Konstnärlig och härlig lägenhet.,99993278,1467201449381529700,Joanna Izabella,,Skarpnäcks,59.26798,18.12294,Entire home/apt,1769,2,24,2026-06-18,0.74,2,171,16,
43558156,"Riddersviks Herrgård, Enkelrum",341848554,1469671531403406010,Marcus,,Hässelby-Vällingby,59.37942,17.79917,Private room,1190,1,0,,,6,121,0,
43558227,"Riddersviks Herrgård, Dubbelrum",341848554,1469671531403406010,Marcus,,Hässelby-Vällingby,59.38007,17.79731,Private room,1850,1,1,2021-01-01,0.01,6,113,0,
43558261,"Riddersviks Herrgård, Svit",341848554,1469671531403406010,Marcus,,Hässelby-Vällingby,59.37899,17.79762,Private room,1950,1,1,2021-04-04,0.02,6,114,0,
43632302,Seaview apartment on 6th floor,43671956,1465648447965623478,Johan,,Hägersten-Liljeholmens,59.31585,17.99263,Entire home/apt,,4,0,,,1,0,0,
43649385,Mysig etta vid Mariatorget,175840504,1468704600183496184,Beatrice,,Södermalms,59.31703,18.06826,Entire home/apt,,1,1,2022-04-18,0.02,1,0,0,
43658553,Modern 2 bedroom apartment close to “everything”,917067,1462533231047460081,Niklas,,Östermalms,59.3382,18.10066,Entire home/apt,,7,0,,,1,0,0,
43674512,Hus med prunkande trädgård ett stenkast från Söder,31566038,1462655501948154757,Andrea,,Enskede-Årsta-Vantörs,59.28109,18.08024,Entire home/apt,3995,1,0,,,1,329,0,
43682386,Mysig 3a med närhet till ex Avicii arena,95635680,1467152263643026686,Emelie,,Enskede-Årsta-Vantörs,59.28445,18.0907,Entire home/apt,1712,1,19,2026-06-14,0.50,1,54,4,
43705448,"Stor renoverad villa, fin trädgård med jacuzzi!",175126319,1468698497670873518,Lina,,Hässelby-Vällingby,59.36257,17.88724,Entire home/apt,,7,1,2021-07-24,0.02,1,0,0,
43723741,Unikt boende med sjötomt och lusthus på Djurgården,34426771,1462665285126569033,Jennie,,Östermalms,59.33869,18.14153,Entire home/apt,,5,11,2020-11-19,0.15,1,0,0,
43866181,Modern apartment great location in Old Town,138352126,1468373548849205145,Emmy,,Södermalms,59.32538,18.07,Entire home/apt,,4,7,2022-07-28,0.10,1,0,0,
43877320,On the heart of Stockholm with a cat flatmate,51251030,1465797064581621100,Ugur,,Södermalms,59.3092,18.07467,Entire home/apt,,30,0,,,1,0,0,
43885980,Timeless 2BR Apartment in the Old Town,176962494,1468713903239793562,Jättna Fastighets AB,,Södermalms,59.32422,18.06933,Entire home/apt,3012,2,379,2026-06-26,5.23,2,101,52,
43897490,Mysig villa med stor trädgård i trevligt område,351390189,1469700780235562542,Josefin,,Skarpnäcks,59.27875,18.11686,Entire home/apt,,3,21,2025-08-07,0.29,1,0,6,
43902194,The best view with large balcony in Södermalm,38464221,1465575413844022802,Philip,,Södermalms,59.31873,18.03396,Entire home/apt,,4,8,2023-01-01,0.11,1,0,0,
43962651,Cozy and newly renovated apartment,49712743,1465759294090436032,Jonatan,,Södermalms,59.30953,18.06206,Entire home/apt,,4,5,2022-01-07,0.08,2,0,0,
43994589,Mälarhöjdens pärla,141637986,1468400030183419743,Åsa,,Hägersten-Liljeholmens,59.29775,17.96496,Entire home/apt,5706,3,3,2024-07-15,0.08,1,351,0,
43995278,Fresh studio in trendy Södermalm,60382478,1466742370835977491,Elias,,Södermalms,59.31631,18.06657,Entire home/apt,1914,1,283,2026-07-01,3.89,30,331,51,
43995578,Inviting studio in bohemian district,60382478,1466742370835977491,Elias,,Södermalms,59.31819,18.06706,Entire home/apt,1666,1,642,2026-06-29,8.82,30,354,296,
43998479,Charmigt hus på sjötomt vid Mälaren,101784210,1467221419363433096,Helene,,Bromma,59.32878,17.91685,Entire home/apt,,2,10,2021-08-19,0.14,1,0,0,
44033598,Modernt trevåningsparhus i mysiga Bromma,83448335,1467010211950934679,Veronica,,Bromma,59.35266,17.90939,Entire home/apt,3854,7,1,2024-06-21,0.04,1,87,0,
44054583,Stockholm Central with Nature,4936087,1462538008596336701,Ludovic,,Hägersten-Liljeholmens,59.31394,18.00417,Entire home/apt,,2,17,2022-01-28,0.25,1,0,0,
44079281,Fantastiskt sommarboende nära city,5226965,1462675813158735097,Linda,,Spånga-Tensta,59.38282,17.92053,Entire home/apt,3652,1,26,2025-09-21,0.36,1,103,4,
44098982,Cozy rooftop loft in the heart of Stockholm,24078882,1465282794777451494,Simon,,Norrmalms,59.33628,18.06206,Entire home/apt,,4,7,2023-08-08,0.15,1,0,0,
44150140,"Private Double Room, Shared WC and Showers",331984111,1469639530083064483,Lilla Brunn,,Norrmalms,59.345088958740234,18.055620193481445,Private room,1007,1,20,2026-06-12,0.28,5,270,4,
44186574,"Just for you! close to the central station, city!",32280190,1465474140256095992,Marlene,,Södermalms,59.31885,18.04254,Shared room,952,2,33,2026-06-14,0.46,1,10,11,
44202756,Charmig villa nära Stockholm city och Mälaren sjö,345170599,1469682361659884132,Fredrik,,Hägersten-Liljeholmens,59.29213,17.95655,Entire home/apt,3378,1,7,2026-06-26,0.27,1,208,5,
44222059,"Private Triple Room, Shared WC and Showers",331984111,1469639530083064483,Lilla Brunn,,Norrmalms,59.34543,18.05468,Private room,1173,1,97,2026-05-26,1.35,5,189,25,
44224734,"Master Bedroom at Lilla Brunn, Shared WC n Showers",331984111,1469639530083064483,Lilla Brunn,,Norrmalms,59.345088958740234,18.055620193481445,Private room,1608,1,7,2025-07-31,0.11,5,146,1,
44311294,Stylish studio in Fridhemsplan,17670644,1463026315029907769,Siamak,,Kungsholmens,59.33468,18.03136,Entire home/apt,,4,17,2024-06-06,0.26,1,0,0,
44351467,Unikt boende i eget gårdshus nära city.,105138216,1467263828002973447,Malin,,Bromma,59.32272,17.93324,Entire home/apt,1969,2,38,2026-06-23,0.63,1,143,8,
44445168,A cozy home – Söder and nature,358974014,1469719219323809721,Karolina,,Skarpnäcks,59.29484,18.10489,Entire home/apt,1029,6,1,2024-03-13,0.04,1,163,0,
44457562,Cosy studio in Central of Stockholm!,173469589,1468683124304802377,Niki,,Norrmalms,59.3473,18.0427,Entire home/apt,,3,2,2022-04-01,0.03,1,0,0,
44528566,Lovely 2 bed 20 mins from city centre (WITH CAT),5711871,1462541970659237758,Lucy,,Skarpnäcks,59.27432,18.13367,Entire home/apt,,3,38,2025-12-27,0.73,1,2,4,
44601850,Cozy mini-villa near city . No pets allowed.,48169793,1465727830172743451,Stefan,,Enskede-Årsta-Vantörs,59.276388082376265,18.036277655449442,Entire home/apt,1747,1,7,2026-06-25,0.66,1,117,7,
44642899,"Hus med stor veranda, kvällssol, mysig trädgård,",361349507,1469724924544416980,Marie,,Farsta,59.26366,18.09619,Entire home/apt,2492,4,1,2026-06-16,1,1,163,1,
44682768,Cozy African Apartment,30634195,1465450773001217898,Jamila,,Enskede-Årsta-Vantörs,59.26102,18.04778,Private room,,1,0,,,1,0,0,
45062588,Mysig boende i Bromma,363622506,1469730704623492844,Cristiano,,Bromma,59.33446,17.94628,Entire home/apt,,1,0,,,1,0,0,
45111366,"Top floor, 2-story flat in chic area",51002540,1465791127373831762,Fredrik,,Norrmalms,59.34092,18.03088,Entire home/apt,3801,1,212,2026-06-25,3.01,20,326,51,
45231448,Cozy apartment at Södermalm,93109142,1467124681452383687,Fanny,,Södermalms,59.31597,18.06468,Entire home/apt,,3,46,2026-01-02,0.66,1,0,3,
45308781,Well-preserved 40's charm in telefonplan,91345583,1467104252434976418,Anthony,,Hägersten-Liljeholmens,59.30215,17.98822,Entire home/apt,,6,2,2021-07-14,0.03,1,0,0,
45326108,Ebba gröns,174882319,1463062311549746693,Adam,,Enskede-Årsta-Vantörs,59.2572,18.01802,Private room,599,2,100,2023-10-14,1.57,1,53,0,
45474225,Modern studio in Telefonplan,271346174,1463352607514495320,StayPlus,,Hägersten-Liljeholmens,59.2989731,17.9970139,Entire home/apt,628,1,61,2026-06-18,0.88,50,271,19,
45491584,Stor lägenhet i Åkermyntan 92 kvm med uteplats,251751218,1469334098278132682,Vivian,,Hässelby-Vällingby,59.37872,17.82039,Entire home/apt,,1,0,,,1,0,0,
45501914,Apartments in perfect conditions,288322368,1469502478265664844,The Studio Hotel,,Rinkeby-Tensta,59.3991,17.95232,Entire home/apt,1100,7,17,2025-09-03,0.24,8,168,1,
45601121,"whole apartment in Stockholm, cosy area",236706997,1469259644672075376,Sofia,,Hägersten-Liljeholmens,59.30045,18.0067,Entire home/apt,,5,0,,,1,0,0,
45629124,"Rum med utsikt endast 12 min till centrum,",99993278,1467201449381529700,Joanna Izabella,,Skarpnäcks,59.26564,18.13409,Private room,,6,3,2026-02-28,0.05,2,0,2,
45665622,Stylish apartment in creative area,60382478,1466742370835977491,Elias,,Södermalms,59.31255,18.07593,Entire home/apt,2949,1,282,2026-06-23,4.08,30,315,52,
45748650,Apartments in perfect condition,288322368,1469502478265664844,The Studio Hotel,,Rinkeby-Tensta,59.40072,17.95385,Entire home/apt,663,60,17,2025-06-27,0.24,8,85,0,
45786201,Lovely apt in the ❤️ of sofo,50366086,1465771461889158777,Jenny,,Södermalms,59.31354,18.08298,Entire home/apt,,2,0,,,1,0,0,
45792814,Företagslägenhet i centrala Stockholm,333350722,1469643269549876865,HOMEstate,,Södermalms,59.31695,18.07122,Entire home/apt,1100,7,18,2025-10-21,0.31,3,281,6,
45809491,Bright top floor SOFO Apartment - Prime Location,6003843,1462695306887949075,Alyssa,,Södermalms,59.31444,18.08765,Entire home/apt,2796,1,35,2026-06-15,0.52,1,76,12,
45856130,Scandinavian Gem in the heart of SoFo,60382478,1466742370835977491,Elias,,Södermalms,59.31239,18.07781,Entire home/apt,3463,1,261,2026-06-20,3.77,30,324,44,
45878702,Mysig tvåa vid Skanstull,58687918,1466703116954640556,Besart,,Södermalms,59.30934,18.07857,Entire home/apt,,2,2,2020-12-07,0.03,1,0,0,
45921396,Charmigt hus nära Stockholms city och Mälaren,158452401,1468543511239158283,Karin Annika,,Bromma,59.32936,17.94858,Entire home/apt,2282,7,1,2025-07-26,0.09,1,192,1,
45939025,A cozy room with great view in Spånga-Kista,353795237,1469707342286900210,Mian Saad,,Rinkeby-Tensta,59.39367,17.93288,Private room,,3,8,2021-09-17,0.12,1,0,0,
45947322,"1 room, 2x90cm beds, Central Stockholm Södermalm",372493152,1469755499343642935,Tom,,Södermalms,59.31359,18.06595,Private room,,2,131,2026-06-12,2.05,1,3,38,
45963931,Modern studio at Telefonplan,271346174,1463352607514495320,StayPlus,,Hägersten-Liljeholmens,59.29768,17.99744,Entire home/apt,1081,1,99,2026-06-25,1.44,50,312,25,
45978072,Norrmalm/Vasastan,232949730,1469241548121581381,Ola,,Norrmalms,59.34545,18.04132,Entire home/apt,,1,0,,,1,0,0,
46175617,Cozy and bright studio appartment in Södermalm,620451,1462523874071496486,Elise,,Södermalms,59.31006,18.08112,Entire home/apt,1344,2,1,2023-11-19,0.03,1,49,0,
46176056,Lovely one bedroom apartment,7013540,1462721233363911998,Diana,,Kungsholmens,59.34088,18.01061,Entire home/apt,,2,0,,,1,0,0,
46193484,Fin och fräsch 2a Nära stan,374187015,1469760915591052934,Diana,,Enskede-Årsta-Vantörs,59.29788,18.07871,Entire home/apt,,30,0,,,1,0,0,
46194795,Charmigt radhus 30 min från Stockholm city,374196025,1469760938909813087,Heli,,Hässelby-Vällingby,59.36049,17.88789,Entire home/apt,,2,4,2023-04-01,0.06,1,0,0,
46228834,"Private Single Room, Shared WC and Showers",331984111,1469639530083064483,Lilla Brunn,,Norrmalms,59.34543,18.0565,Private room,823,1,199,2026-06-21,3.05,5,237,111,
46251935,Hyr ut Studio mitt i stan med utsikt,374519059,1469761866878837295,Andrej,,Norrmalms,59.33948,18.04,Entire home/apt,1752,7,1,2022-01-08,0.02,1,272,0,
46269211,Apartments in perfect conditions,288322368,1469502478265664844,The Studio Hotel,,Rinkeby-Tensta,59.39879,17.95375,Entire home/apt,1100,7,7,2025-10-04,0.10,8,168,2,
46310429,"Private Quadruple Room, Shared WC and Showers",331984111,1469639530083064483,Lilla Brunn,,Norrmalms,59.345088958740234,18.055620193481445,Private room,1490,1,19,2026-06-13,0.30,5,96,1,
46394438,Hotell Standard. helt perfekt.,35589296,1462669220236758395,Josephine,,Enskede-Årsta-Vantörs,59.29472,18.04796,Entire home/apt,2271,1,0,,,1,362,0,
46518783,"Riddersviks Herrgård, Torpet",341848554,1469671531403406010,Marcus,,Hässelby-Vällingby,59.38092,17.79759,Private room,3875,1,2,2022-01-02,0.03,6,68,0,
46616268,Room 15 minutes from Stockholm centre,376855928,1469768609583668996,Agnese,,Östermalms,59.37009,18.06672,Private room,,3,2,2020-12-28,0.03,1,0,0,
46701767,Entire apartment in the heart of Lilla Essingen,2895542,1462611791250451622,Carlos,,Kungsholmens,59.32541,18.00548,Entire home/apt,1396,7,29,2025-11-21,0.47,1,153,2,
46721881,1. Loft Box - Old Town,325886610,1469621348754791169,Old Town Studio,,Södermalms,59.32478,18.07005,Entire home/apt,942,1,362,2026-06-14,5.36,4,217,74,
46752010,Charming studio apartment in Historic Old Town,1027549,1462536170935368379,William,,Södermalms,59.32529,18.06955,Entire home/apt,1948,1,360,2026-06-24,5.38,17,333,57,
46769757,Urban apartment close to Strandvägen,22876006,1462623004876155870,Bella,,Östermalms,59.33422,18.08473,Entire home/apt,1980,2,272,2026-06-16,4.01,44,299,54,
46820053,Outhouse - 30 mins from City Center,87484803,1467051688029980857,Dinesh,,Hässelby-Vällingby,59.37707,17.85311,Private room,486,1,133,2026-02-18,1.97,1,40,11,
46913887,Snug studio in popular area,60382478,1466742370835977491,Elias,,Södermalms,59.31625,18.06513,Entire home/apt,1689,1,477,2026-06-27,7.12,30,351,156,
46915374,Compact studio on popular Södermalm,60382478,1466742370835977491,Elias,,Södermalms,59.31707382,18.06608391,Entire home/apt,1182,1,187,2025-08-31,2.78,30,54,10,
46968974,cosy room in city,62884716,1466776056674981370,Pernilla,,Norrmalms,59.34762,18.06397,Private room,1198,4,3,2023-08-18,0.05,10,179,0,
47105994,"Vegetariskt retreatrum. Söder om söder, Stockholm.",47996039,1465725090805275840,Anna,,Skarpnäcks,59.26893,18.1226,Private room,,2,0,,,1,0,0,
47151542,Fin etta i Bagarmossen.,380907179,1469778889141464047,Marian,,Skarpnäcks,59.28129,18.12413,Entire home/apt,32,301,1,2023-08-22,0.03,1,365,0,
47249044,Cosy 1 bedroom apt close to Karlaplan,22876006,1462623004876155870,Bella,,Östermalms,59.3411,18.08995,Entire home/apt,,3,29,2025-08-14,0.43,44,0,5,
47305169,City apartment,381963524,1469781850931957035,Johanna,,Norrmalms,59.33542,18.05139,Entire home/apt,,2,2,2021-01-31,0.03,1,0,0,
47469265,Centralt och perfekt belägen hemtrevlig lägenhet,24286878,1465285883278171926,Andreas,,Kungsholmens,59.33577,18.039572,Entire home/apt,,1,1,2021-08-01,0.02,1,0,0,
47524493,Super central Scandinavian studio apartment,93902729,1467133183459241679,Niyosha,,Norrmalms,59.34171,18.06208,Entire home/apt,,2,1,2021-04-25,0.02,1,0,0,
47741278,Compact Studio w/ Lakeview in Hip Area,60382478,1466742370835977491,Elias,,Södermalms,59.31736,18.02775,Entire home/apt,1171,1,236,2026-06-15,3.57,30,319,35,
47746163,Cosy Stockholm Get Away with Jacuzzi,4066711,1462533403080795272,Karin,,Hässelby-Vällingby,59.36591,17.82951,Entire home/apt,2796,2,51,2026-05-24,0.79,1,177,7,
47749343,"Spacious, central, equipped apartment with views.",384758129,1469789916115449246,Olof,,Norrmalms,59.33788,18.05238,Entire home/apt,,2,21,2024-07-15,0.33,1,0,0,
47755714,The ideal place for you as a solo traveller,33446372,1462661937351026972,Paul & Sanna,,Södermalms,59.31512,18.07494,Private room,1101,1,464,2026-06-25,7.10,1,239,100,
47763232,"Bohemian & light one room apartment in SoFo, 31sqm",240767680,1469279965044232022,Julius Apartment,,Södermalms,59.31485,18.08219,Entire home/apt,1492,1,250,2026-06-29,3.84,7,231,50,
47775778,Central 2BR close to nature,16683151,1462598836591245231,Olof,,Östermalms,59.34635,18.0934,Entire home/apt,3145,1,290,2026-06-20,4.44,8,342,101,
47799515,Nice studio Södermalm,2323151,1462592023204200996,Alexander,,Södermalms,59.31777,18.03391,Entire home/apt,1547,1,32,2025-01-01,0.53,1,12,0,
47866153,Six room apartment with balcony at Södermalm!,6633479,1462546528234759686,Maria,,Södermalms,59.31953,18.0361,Entire home/apt,5021,5,8,2025-08-10,0.16,1,28,2,
47884323,Room in cozy apt close to metro and city,37291834,1465557385168316769,Bilal,,Enskede-Årsta-Vantörs,59.26114,18.04124,Private room,343,1,2,2023-11-12,0.06,1,119,0,
47904336,Live like a local in the very Center of Stockholm,382121994,1463572571394834010,Tobias,,Norrmalms,59.33841,18.0673,Entire home/apt,2336,1,494,2026-06-21,7.52,2,273,69,
47919070,Modern & fully furnished studio - 1bed studio,271346174,1463352607514495320,StayPlus,,Hägersten-Liljeholmens,59.29772,17.99832,Entire home/apt,836,1,57,2026-06-22,0.87,50,346,17,
47921732,Egen villa några minuter från Södermalms puls,4364039,1462654926088810994,Maja,,Skarpnäcks,59.28248,18.09896,Entire home/apt,3326,3,13,2026-06-17,0.25,1,7,4,
47930798,Modern apartment in perfect location with balcony,1317389,1462542634814266716,Isabel,,Södermalms,59.31867,18.06246,Entire home/apt,,4,0,,,1,0,0,
47933662,Sjönära lägenhet med fina detaljer,11734738,1462871844650636479,Amanda,,Södermalms,59.30794,18.09724,Entire home/apt,,2,0,,,1,0,0,
47962962,Optimalt planerad trea nära Södermalm,170972224,1468661613113366761,Theodor,,Skarpnäcks,59.297535,18.097036,Entire home/apt,,4,16,2025-08-03,0.33,1,6,4,
48016210,"En HEL Stor 2:a nära naturområde, samt köping city",94233943,1467137018088527246,Eduard,,Skärholmens,59.28276,17.91669,Entire home/apt,,8,13,2024-10-01,0.24,1,0,0,
48026450,Cozy one bedroom apartment in Stockholm.,7982069,1462746212150408757,Samantha,,Hägersten-Liljeholmens,59.28388,17.95586,Entire home/apt,,2,0,,,1,0,0,
48068142,Modern apartment in calm and cosy neighbourhood,167507310,1468621481275557990,Hugo,,Hägersten-Liljeholmens,59.30535,17.99739,Entire home/apt,,4,7,2024-06-01,0.13,1,0,0,
48074313,"Studio Bellavista, ljus lägenhet med kungsbalkong",386897788,1469796695255294741,Gionni,,Södermalms,59.31427,18.09019,Entire home/apt,,5,112,2024-07-03,1.75,1,0,0,
48099661,Hornstull,7477234,1462733001096564611,Sara,,Södermalms,59.31773,18.02748,Entire home/apt,,3,0,,,1,0,0,
48114830,Mysigt boende med fin trädgård,156296795,1468525189157559877,Abdelkrim,,Rinkeby-Tensta,59.40409728446218,17.93077139154052,Entire home/apt,,1,0,,,1,269,0,
48114953,"Cozy apartment in great location, Södermalm",22876006,1462623004876155870,Bella,,Södermalms,59.31333,18.07598,Entire home/apt,2389,2,244,2026-06-24,3.77,44,303,58,
48206013,Large top-floor apartment in Östermalm,291760458,1469513084639446985,Bella,,Östermalms,59.33545,18.08012,Entire home/apt,5714,2,93,2026-06-08,1.57,4,326,41,
48241039,Villa i Spånga med en härlig uteplats,82717528,1467002947640767953,Bjarki,,Spånga-Tensta,59.3711,17.90983,Entire home/apt,,5,8,2026-06-30,0.13,1,3,2,
48253859,Haga Nova,33024537,1465483613835344418,Behrang,,Norrmalms,59.34792,18.03524,Entire home/apt,,20,0,,,1,0,0,
48344793,Small house near the Stockholm Fair,2190514,1462588669104285711,Kristina,,Älvsjö,59.28426999483096,18.02431667808609,Entire home/apt,1484,1,31,2026-06-25,0.80,1,136,17,
48411079,Smart 2BR Flat in Peaceful District,51002540,1465791127373831762,Fredrik,,Östermalms,59.34651,18.09338,Entire home/apt,2451,1,226,2026-06-20,3.53,20,219,40,
48419934,Central apartment great access to city and nature,8841868,1462788382183895363,Zhenni,,Södermalms,59.31556,18.03255,Entire home/apt,,5,23,2023-10-14,0.36,1,0,0,
48455882,"Mysigt, modernt radhus nära tunnelbanan!",277712821,1469463517781085423,Lotta,,Enskede-Årsta-Vantörs,59.27339,18.04219,Entire home/apt,2762,5,6,2026-06-16,0.14,1,29,2,
48466190,"Trendy House with garden,  1 min from the Metro!",11015686,1462854991818463391,Johanna,,Enskede-Årsta-Vantörs,59.27316,18.05513,Entire home/apt,,3,2,2023-07-19,0.04,1,0,0,
48506344,"Charmig 2a, lägenhet i hjärtat av Vasastan.",192986980,1469003969723739755,Linda,,Norrmalms,59.33849,18.0528,Entire home/apt,,30,1,2021-08-26,0.02,1,0,0,
48515944,Modern room in trendy area,37075407,1465552182609188534,Anna,,Södermalms,59.31954,18.05265,Private room,655,1,19,2026-05-30,0.31,1,24,4,
48576597,Small room in designer apartment with a nice patio,151083967,1468484577129602702,Seth,,Södermalms,59.30333,18.08891,Private room,856,2,20,2026-05-28,0.32,2,24,3,
48606174,Big room in designer apartment with a nice patio,151083967,1468484577129602702,Seth,,Södermalms,59.30382,18.08951,Private room,1198,4,26,2026-06-14,0.44,2,12,5,
48723721,"Apartment near swimming area, parks and subway.",322758929,1469612211410039088,Björn,,Kungsholmens,59.32967,18.0052,Entire home/apt,,3,16,2022-08-13,0.25,1,0,0,
48735288,Cute 1 bedroom apt at Södermalm by the water,80923766,1466985076316387939,Julia,,Södermalms,59.31148,18.10636,Private room,,1,7,2021-08-25,0.12,1,0,0,
48735819,Room in North Stockholm,172676081,1463057317803923742,Sai,,Spånga-Tensta,59.39605,17.89681,Private room,390,30,5,2022-03-11,0.09,1,365,0,
48798969,Topplägenhet i Hammarby Sjöstad,12831622,1462896657316896923,Karin,,Södermalms,59.30584,18.1058,Entire home/apt,,4,0,,,1,0,0,
48799126,Stor Villa i Aspudden nära Söder / Sthlm City,393679022,1469817634239030600,Maria,,Hägersten-Liljeholmens,59.30795,18.00862,Entire home/apt,2654,2,45,2026-07-02,0.74,1,5,9,
48820302,All You Need For Your Stay In Old Town,140914167,1468393263783346770,Marianne,,Södermalms,59.3232,18.07322,Entire home/apt,2253,1,365,2026-06-08,5.85,2,286,35,
48843976,En hellägenhet till uthyrning i Stockholm,393994501,1463600121967405983,Nabaa,,Skärholmens,59.27444,17.89635,Entire home/apt,182,90,0,,,1,365,0,
49003731,"Hus i Bromma nära grönt, bad & puls",40090812,1465598019913004779,Nina,,Bromma,59.35325,17.90996,Entire home/apt,3994,3,20,2026-05-05,0.50,1,335,3,
49023679,Dragonsnest in Old Town,2417419,1462594503419800358,Annika,,Södermalms,59.32456,18.07544,Entire home/apt,,20,0,,,2,0,0,
49052607,Charming villa with pool,395605560,1469823712255058307,Oskar,,Älvsjö,59.27593,17.99656,Entire home/apt,6121,3,5,2025-08-08,0.19,1,65,3,
49054722,Litet hus vid Mälaren,16227325,1462981561142819024,Marlène And Christofer,,Bromma,59.33831,17.88719,Entire home/apt,2024,2,30,2026-05-31,0.48,1,228,7,
49059640,"Riddersviks Herrgård, Svit Delux",341848554,1469671531403406010,Marcus,,Hässelby-Vällingby,59.38051,17.79738,Private room,2490,1,0,,,6,111,0,
49061809,Charming Lake View House - with Beach Access,31070911,1462653789643576699,Roger,,Bromma,59.33564,17.90028,Entire home/apt,,5,41,2025-08-17,0.69,1,1,3,
49066683,Ljus nyrenoverad 2:a i Aspudden med balkong!,94767534,1467142800487166693,Alice,,Hägersten-Liljeholmens,59.30602,18.00553,Entire home/apt,,7,7,2024-06-26,0.12,1,0,0,
49072253,Old charm 3BR in trendy area,60382478,1466742370835977491,Elias,,Norrmalms,59.341,18.03235,Entire home/apt,3207,1,235,2026-06-25,3.73,30,312,48,
49087567,Perfekt studio i hjärtat av Vasastan,395896923,1469824645919191497,Raghda,,Östermalms,59.35393,18.05556,Entire home/apt,,3,0,,,1,0,0,
49109853,Lägenhet med uteplats i villakvarter nära city,31436466,1465462191442318614,Bengt,,Hägersten-Liljeholmens,59.29999,17.97574,Entire home/apt,983,3,2,2022-07-24,0.03,2,302,0,
49218538,Child friendly and central,15053445,1462953146173954887,Emma,,Hägersten-Liljeholmens,59.30635,17.99237,Entire home/apt,1231,14,2,2024-07-17,0.06,1,142,0,
49225613,Elegant modern apartment in the ❤ of Stockholm,32857538,1462659934915123150,Tomer,,Kungsholmens,59.3274,18.01365,Entire home/apt,,4,10,2024-05-20,0.17,1,0,0,
49267998,Vattennära lägenhet med 35 kvm terass,15844583,1462972020963168621,Susanna,,Södermalms,59.30506,18.09697,Entire home/apt,,7,0,,,1,0,0,
49272103,"3 bed, newly renovated flat in central Stockholm",261611265,1463328319960219860,Åsa,,Norrmalms,59.34511,18.05918,Entire home/apt,,5,1,2021-05-31,0.02,1,0,0,
49274348,Villa with large terrace and pool!,5885017,1462542813255622674,Arvid,,Spånga-Tensta,59.37344170742305,17.919526900586632,Entire home/apt,4565,2,20,2026-06-14,0.78,1,62,9,
49318971,Lilla Boutique radhuset Casa Huggins!,123379773,1468247889329744191,Emmy,,Enskede-Årsta-Vantörs,59.26535,18.02912,Entire home/apt,,2,3,2022-07-29,0.06,1,0,0,
49319629,"Stor 3a nära naturen, 15min från city",43469256,1465645409545437845,Frida,,Farsta,59.23175,18.10086,Entire home/apt,,2,15,2024-07-20,0.25,1,0,0,
49327982,Spacious family friendly house close to the city,42506681,1465631771220199454,Johanna,,Bromma,59.32496,17.94692,Entire home/apt,4266,7,7,2025-07-18,0.15,1,227,1,
49328418,Charmy apartment in hip area,40731775,1465606630613623723,Annie,,Skarpnäcks,59.29701,18.09004,Entire home/apt,1536,1,19,2026-06-15,0.38,1,339,1,
49354974,Toppmodern lägenhet på fina Östermalm,398112492,1469831293089667845,Joel,,Östermalms,59.3424,18.08383,Entire home/apt,,399,0,,,1,173,0,
49364943,Inviting Family Home Private Garden close to City,84677478,1467022409361770843,Johan,,Älvsjö,59.28139,17.97957,Entire home/apt,3443,5,3,2023-08-12,0.05,1,22,0,
49414253,"Cosy and spacious room in Fruängen, Stockholm.",14876731,1462949019027178796,Giovanni,,Hägersten-Liljeholmens,59.28376,17.95877,Private room,,1,1,2021-05-08,0.02,1,0,0,
49457107,Cozy 1-bedroom apartment close to Södermalm,137538298,1468366992067483945,Ellen,,Enskede-Årsta-Vantörs,59.2952,18.05503,Entire home/apt,1142,1,1,2026-06-12,1,1,327,1,
49478280,"Nytorget, the hart of Södermalm - with a balcony",13988488,1462927907491812931,Lena,,Södermalms,59.31161,18.08178,Entire home/apt,3196,1,0,,,1,363,0,
49480513,Modern apartment 5 min from city central,24340741,1465286791989401619,Momo,,Norrmalms,59.34678,18.05252,Entire home/apt,,3,0,,,1,0,0,
49505868,Old town gem on quiet street,13345283,1462909092202017482,Patrik & Elin,,Södermalms,59.32615,18.0739,Entire home/apt,1635,2,325,2026-06-15,5.19,1,6,62,
49543321,Modern 2a i Älvsjö med gratis parkering,399663907,1463613235839470212,Christian,,Enskede-Årsta-Vantörs,59.2918,18.03269,Entire home/apt,1161,4,43,2026-05-23,0.72,1,13,7,
49554701,Spacious studio apartment in Vasastan,291760458,1469513084639446985,Bella,,Norrmalms,59.33795,18.05335,Entire home/apt,1702,2,170,2026-06-21,2.79,4,314,51,
49588850,Central och familjevänlig lägenhet med balkong,7234946,1462726757545222791,Elisabeth,,Kungsholmens,59.33254,18.03914,Entire home/apt,,2,6,2025-07-28,0.17,1,0,2,
49651917,Clean room 15 min to center,75548583,1466928177897553597,Noria,,Enskede-Årsta-Vantörs,59.29074,18.03035,Private room,407,3,14,2026-06-29,0.23,1,328,3,
49674177,Apartment in Hammarby Sjöstad,62884716,1466776056674981370,Pernilla,,Södermalms,59.30635,18.10867,Entire home/apt,1307,2,4,2025-10-15,0.11,10,334,1,
49700571,Superfin lägenhet på Östermalm,375156599,1469763635658935570,Tim,,Östermalms,59.3429,18.08983,Entire home/apt,,6,0,,,1,0,0,
49742590,Penthouse studio in the city centre,291760458,1469513084639446985,Bella,,Norrmalms,59.33796,18.05297,Entire home/apt,1770,2,141,2026-06-25,2.39,4,341,52,
49782418,Tvåbäddsrum med delat badrum på Dockside Hostel,401498232,1469841953985205593,Dockside Hostel,,Södermalms,59.32327889481167,18.07570803490417,Private room,1165,1,98,2026-06-21,1.63,3,49,58,
49786683,Mariaberget - One bedroom apartment,91964685,1467110805840373587,Sanna,,Södermalms,59.3203,18.06134,Entire home/apt,,2,2,2021-08-09,0.03,1,0,0,
49832132,Mysigt boende perfekt för barnfamiljen!,75936777,1466932182137546185,Robert,,Enskede-Årsta-Vantörs,59.28561,18.04039,Entire home/apt,,7,0,,,1,0,0,
49843211,Spacious apartment with lovely balcony,8941577,1462790890775167058,Lovisa,,Södermalms,59.31261,18.06576,Entire home/apt,2939,1,64,2026-06-14,1.06,1,28,9,
49870954,VYN - Penthouse Suite,361529221,1469725475544260882,Martin,,Norrmalms,59.33688,18.06574,Entire home/apt,9500,1,184,2026-06-09,3.03,5,307,33,
49899724,"Spacious terrace house by the lake, close to city.",43113954,1465640185017196398,Susanne,,Farsta,59.25079,18.111362,Entire home/apt,,4,8,2023-08-12,0.13,1,0,0,
49923098,Mysig boende i  Gullmarsplan nära Södermalm,35098160,1465518135339360316,Shabnam,,Enskede-Årsta-Vantörs,59.29787,18.07943,Entire home/apt,,4,0,,,1,0,0,
49957638,"Charming 1920s villa, near City and Avicii Arena",260650942,1469377350999947320,Jessica,,Skarpnäcks,59.28332,18.10083,Entire home/apt,8174,1,8,2025-08-02,0.13,1,7,2,
49957876,Modern apartment - heart of Södermalm!,5712809,1462687535533150542,Rasmus,,Södermalms,59.319328,18.05843,Entire home/apt,1445,1,5,2023-12-11,0.08,1,164,0,
50080858,Big Penthouse in Kista,9462162,1462569696054078318,Michael,,Rinkeby-Tensta,59.41331,17.9264,Entire home/apt,1828,7,0,,,1,358,0,
50101939,"Villa i idylliska Mälarhöjden, nära stad och bad",119813559,1468220500912091964,Mattias,,Hägersten-Liljeholmens,59.29714,17.96692,Entire home/apt,2478,6,7,2025-08-16,0.29,1,7,4,
50115383,"Mysigt radhus, perfekt för barnfamiljen!",30915410,1465455244686697909,Louise,,Hässelby-Vällingby,59.39386,17.81034,Entire home/apt,,5,2,2021-08-09,0.03,1,0,0,
50163144,Elegant 3 room apt in the very center of Stockholm,123171910,1468246812440232799,Johanna,,Norrmalms,59.33694,18.06616,Entire home/apt,,7,11,2026-01-04,0.19,1,6,2,
50166699,Beautiful apartment at prime location,124369508,1468255543909455870,Mattias,,Södermalms,59.31736,18.071922,Entire home/apt,,6,0,,,1,0,0,
50169384,Top floor with two big balconys,404890831,1469853579954761356,Albert,,Östermalms,59.3366,18.08356,Entire home/apt,,3,6,2023-08-30,0.16,1,0,0,
50171273,An amazing house in bromma,60614830,1466746553853427561,Jens,,Bromma,59.34051656047779,17.902832972925232,Entire home/apt,4025,2,2,2024-05-20,0.05,1,363,0,
50172503,Deluxe apartment in Hammarby Sjöstad Stockholm,49814357,1465760963219565385,Ghazwan,,Södermalms,59.30204,18.09421,Entire home/apt,,7,1,2022-05-17,0.02,1,0,0,
50186203,Central accommodation just by the lake,265847688,1469406020724770943,Börje,,Kungsholmens,59.31822,17.98685,Entire home/apt,,2,44,2026-06-20,0.79,2,0,3,
50205641,Härlig 1a på Kungsholmen under sommaren,289175967,1469505382365187551,Viktor,,Kungsholmens,59.32771,18.03549,Entire home/apt,,5,1,2021-07-03,0.02,1,0,0,
50240132,"Stor 3:a m balkong nära strandbad,t-bana & butiker",405588009,1469855886488507107,Paula,,Södermalms,59.31471,18.04224,Entire home/apt,596,28,3,2022-07-29,0.05,1,282,0,
50261569,Large beautiful family apartment in centre of SoFo,103726478,1467245266237271447,Olle,,Södermalms,59.3153,18.08486,Entire home/apt,5706,5,4,2024-08-11,0.07,1,24,0,
50262576,House in Stockholm,385873846,1469793388328508693,Olle,,Enskede-Årsta-Vantörs,59.28965,18.06207,Entire home/apt,,1,6,2025-01-01,0.10,1,0,0,
50295558,"Beautiful apartment, central part Stockholm city!",334767757,1469647483649390617,Måns,,Norrmalms,59.34694,18.06142,Entire home/apt,,2,6,2021-07-28,0.10,1,0,0,
50327030,Lovely room at Karlaplan - WOMEN ONLY,25745835,1465349790696236086,Shama,,Östermalms,59.34043,18.09678,Private room,,2,55,2026-06-26,1.18,1,1,26,
50361572,Cozy city apartment in heart of Södermalm,378998653,1463566106381862119,City Living,,Södermalms,59.31498,18.06411,Entire home/apt,2000,2,186,2026-06-22,3.08,6,221,32,
50362614,"Beautiful central 2,5 room apt",6592625,1462710323837143456,Sanna,,Östermalms,59.34217,18.07381,Entire home/apt,,3,4,2021-07-25,0.07,2,0,0,
50386668,Roof top apartment with terrace,59122226,1466712043279730931,Tove,,Norrmalms,59.34842,18.05072,Entire home/apt,,5,2,2021-07-13,0.03,1,0,0,
50387848,cozy apartment ground floor centre Södermalm.,407045180,1463629334537799046,Jean /Cecilia,,Södermalms,59.30914,18.06844,Entire home/apt,1530,1,81,2026-06-27,1.34,1,93,11,
50411361,Cozy and peaceful apartment close to Slussen,38110514,1465570386460595152,Linnea,,Södermalms,59.3163,18.07333,Entire home/apt,,3,19,2024-10-08,0.31,1,0,0,
50464554,"Walkingdistance to pool, cultur, natur and City",6496244,1462707902525411349,Annelie,,Östermalms,59.33625,18.10012,Entire home/apt,,3,8,2024-08-09,0.17,1,0,0,
50496849,A Beautiful one bedroom apartment,45509095,1462700357801679336,Astewaye,,Enskede-Årsta-Vantörs,59.27132,18.03728,Entire home/apt,999,2,38,2025-11-03,0.66,1,86,7,
50513274,"70 sqm central, NEW!",16089720,1462978015135990653,Andreas,,Norrmalms,59.34674,18.03404,Entire home/apt,,7,1,2023-12-11,0.03,1,0,0,
50545880,3-room apartment with sea view in Liljeholmskajen,31157157,1462654074864930650,Isa,,Hägersten-Liljeholmens,59.30612,18.03249,Entire home/apt,,5,3,2022-08-05,0.05,1,0,0,
50548084,Luftigt rum i närheten av Stockholms innerstad.,408374199,1469865621515595952,Jonah,,Farsta,59.23627,18.09474,Private room,,2,39,2026-04-20,0.66,1,0,2,
50553514,"Fin central lägenhet i Hägersten, 5 min till city",408463379,1469865912900754568,Jonas,,Hägersten-Liljeholmens,59.29584,17.99741,Entire home/apt,970,5,0,,,1,61,0,
50595999,Sparkling modern house in Kista - close to city,408793531,1469867318117954633,Bhavesh,,Rinkeby-Tensta,59.41357,17.90258,Entire home/apt,2056,2,28,2025-12-21,0.47,1,50,5,
50646479,Close by south side City area is this jem Aspudden,14901492,1462949600392372117,Katrin,,Hägersten-Liljeholmens,59.30707,17.99781,Entire home/apt,,1,0,,,2,0,0,
50700551,Perfekt living at attractive address in Stockholm,353962649,1469707588819192493,Pia,,Södermalms,59.30835,18.07858,Entire home/apt,2316,5,14,2025-08-24,0.23,2,7,4,
50716900,"Artistic & light 2 room apartment in SoFo, 65sqm",240767680,1469279965044232022,Julius Apartment,,Södermalms,59.31458,18.08008,Entire home/apt,2016,1,202,2026-06-27,3.43,7,214,50,
50721748,Ljus & fräsch etagelägenhet med kvällssol ☀️,61081434,1466752090034758160,Niki,,Farsta,59.25653,18.08261,Entire home/apt,,92,0,,,1,0,0,
50729853,Mysig och nyrenoverad lägenhet - närhet till allt!,49712743,1465759294090436032,Jonatan,,Södermalms,59.30964,18.06396,Entire home/apt,,5,2,2021-08-16,0.03,2,0,0,
50749064,Trevlig villa med bubbelpool.,409399903,1469869377177187333,Kari,,Skarpnäcks,59.27923,18.1192,Entire home/apt,,1,1,2024-07-27,0.04,1,0,0,
50761444,Great apartment in city centre - live like a local,16821878,1462995788717648029,Axel,,Östermalms,59.34619,18.06494,Entire home/apt,,2,8,2022-11-04,0.13,2,0,0,
50768879,Grön oas på Nedre Kungsholmen,410287874,1463636379804105591,Daniela,,Kungsholmens,59.32987,18.03661,Entire home/apt,3091,2,40,2025-09-21,0.68,1,239,6,
50771035,Unik lägenhet med närhet till vattnet och stan!,22800441,1463188751859147210,Frida,,Hägersten-Liljeholmens,59.30044,17.98362,Entire home/apt,,7,14,2026-06-28,0.24,1,10,3,
50795018,"1-Bed room, apartment sharing!",124388740,1468255697698359803,Clarence,,Bromma,59.34403,17.96251,Private room,,1,19,2026-04-25,0.31,1,0,1,
50839781,Spacious studio In Stockholm,22876006,1462623004876155870,Bella,,Södermalms,59.3201904296875,18.069486618041992,Entire home/apt,2599,2,230,2026-06-12,3.83,44,290,35,
50839789,Bright apartment 2 min from Old town,22876006,1462623004876155870,Bella,,Södermalms,59.31927,18.07004,Entire home/apt,2278,2,215,2026-06-18,3.57,44,309,33,
50839798,Exclusive studio apartment in Stockholm,22876006,1462623004876155870,Bella,,Södermalms,59.31906,18.07033,Entire home/apt,,7,157,2026-05-04,2.64,44,344,8,
50839801,Fully equipped Apartment on Top floor,22876006,1462623004876155870,Bella,,Södermalms,59.31966,18.06837,Entire home/apt,2508,7,191,2026-02-08,3.20,44,331,6,
50844458,“Villa” with private garden - 9 min from downtown,7925148,1462744745505174484,Joel,,Hägersten-Liljeholmens,59.30294,17.95682,Entire home/apt,,7,9,2025-07-26,0.20,1,0,1,
50871663,"Etage lägenhet
3 sovrum",45580844,1465677037463515355,Camilla,,Kungsholmens,59.33190307783944,18.03918791504606,Entire home/apt,3424,1,37,2026-06-24,0.78,1,186,8,
50882417,Perfekta läget i city! Högst upp i gårdshuset!,59558385,1466720098438491239,Linda,,Norrmalms,59.33855,18.05258,Entire home/apt,2108,1,48,2026-06-03,0.87,1,31,10,
50901888,Lovely 1-bedroom & balcony Södermalm/Mariatorget,2009645,1462521646572342594,Anna,,Södermalms,59.32035,18.06127,Entire home/apt,,4,12,2025-08-26,0.20,1,0,3,
50955392,Cozy newly renovated apartment in Stockholm,81497578,1466990630718058332,Lucas,,Enskede-Årsta-Vantörs,59.28999,18.03309,Entire home/apt,317,60,5,2022-09-02,0.09,1,100,0,
50964868,Cozy studio by Slussen,22876006,1462623004876155870,Bella,,Södermalms,59.31943,18.06892,Entire home/apt,2235,2,178,2026-05-27,2.95,44,336,13,
50964875,Comfortable Studio In the heart of Stockholm,22876006,1462623004876155870,Bella,,Södermalms,59.31963,18.07065,Entire home/apt,1682,2,283,2026-06-27,4.71,44,289,36,
50964879,Bright Family Apartment,22876006,1462623004876155870,Bella,,Södermalms,59.31928,18.07,Entire home/apt,4013,2,210,2026-05-13,3.48,44,274,19,
50964887,Cozy newly renovated studio,22876006,1462623004876155870,Bella,,Södermalms,59.319,18.07042,Entire home/apt,1442,2,132,2026-06-17,2.19,44,317,30,
50964893,Lovely studio in the heart of Stockholm,22876006,1462623004876155870,Bella,,Södermalms,59.32104,18.06993,Entire home/apt,1504,2,141,2026-06-05,2.34,44,336,19,
50964914,Lovely apartment in Central Stockholm,22876006,1462623004876155870,Bella,,Södermalms,59.31955,18.06858,Entire home/apt,2523,2,163,2026-05-28,2.71,44,334,10,
50964924,Beautiful Spacious Apartment,22876006,1462623004876155870,Bella,,Södermalms,59.32087,18.07023,Entire home/apt,1543,7,174,2025-11-29,2.89,44,305,3,
50964932,Beautiful apartment located in Slussen,22876006,1462623004876155870,Bella,,Södermalms,59.32071,18.06874,Entire home/apt,1360,7,134,2026-04-16,2.26,44,349,16,
50965045,Well-planned studio in central Stockholm,22876006,1462623004876155870,Bella,,Södermalms,59.32094,18.06887,Entire home/apt,1344,7,226,2026-06-20,3.78,44,257,17,
50965060,Beautiful Family apartment in Stockholm City,22876006,1462623004876155870,Bella,,Södermalms,59.32044,18.07039,Entire home/apt,3898,2,216,2026-05-22,3.64,44,309,18,
50965071,Well-planned single studio in central Stockholm,22876006,1462623004876155870,Bella,,Södermalms,59.32072,18.06857,Entire home/apt,1520,2,154,2026-06-01,2.90,44,317,42,
50965076,Charming apartment in Central Stockholm,22876006,1462623004876155870,Bella,,Södermalms,59.31963,18.07061,Entire home/apt,1341,7,176,2026-05-11,3.05,44,294,8,
50965081,Home feeling studio In Central Stockholm,22876006,1462623004876155870,Bella,,Södermalms,59.32092,18.0683,Entire home/apt,1276,7,204,2026-03-02,3.40,44,236,9,
50965091,Charming Studio in the heart of Stockholm,22876006,1462623004876155870,Bella,,Södermalms,59.31973,18.06857,Entire home/apt,1359,7,154,2026-06-23,2.60,44,312,9,
50965093,Bright apartment In Stockholm City,22876006,1462623004876155870,Bella,,Södermalms,59.31911,18.07041,Entire home/apt,2265,2,164,2026-06-14,2.77,44,291,12,
50965316,Spacious Apartment In the heart of Stockholm City,22876006,1462623004876155870,Bella,,Södermalms,59.31916,18.06886,Entire home/apt,3772,2,254,2026-06-01,4.23,44,311,20,
50965339,Unique apartment In Central Stockholm,22876006,1462623004876155870,Bella,,Södermalms,59.31935,18.06996,Entire home/apt,2108,7,160,2026-05-31,2.70,44,354,5,
50965343,Lovely studio at Södermalm,22876006,1462623004876155870,Bella,,Södermalms,59.31929,18.06853,Entire home/apt,1361,7,119,2026-04-06,2.02,44,349,8,
50965386,Bright Apartment on top floor,22876006,1462623004876155870,Bella,,Södermalms,59.31939,18.06887,Entire home/apt,1277,7,169,2026-05-22,2.84,44,349,17,
50965392,Cozy apartment on Top floor,22876006,1462623004876155870,Bella,,Södermalms,59.31958,18.0706,Entire home/apt,1254,7,166,2026-05-15,2.77,44,319,18,
50965413,The Exclusive Suite,22876006,1462623004876155870,Bella,,Södermalms,59.32094,18.06855,Entire home/apt,7042,2,228,2026-06-13,3.80,44,130,39,
50965425,Bright studio on Top Floor,22876006,1462623004876155870,Bella,,Södermalms,59.31933,18.06884,Entire home/apt,2282,2,186,2026-06-09,3.11,44,347,17,
51010882,Comfortable newly renovated Studio,22876006,1462623004876155870,Bella,,Södermalms,59.31922,18.07068,Entire home/apt,2649,2,167,2026-04-30,3.05,44,309,13,
51010951,High-end studio on top floor,22876006,1462623004876155870,Bella,,Södermalms,59.32109,18.0702,Entire home/apt,2636,2,119,2026-06-06,2.19,44,355,14,
51011162,Exclusive Studio In Center of Stockholm,22876006,1462623004876155870,Bella,,Södermalms,59.31922,18.07041,Entire home/apt,2406,2,173,2026-05-18,2.89,44,318,17,
51011176,Spacious Apartment In Centre of Stockholm,22876006,1462623004876155870,Bella,,Södermalms,59.3196,18.06868,Entire home/apt,1358,7,141,2026-03-22,2.36,44,352,11,
51011197,Newly renovated Fully-equipped Apartment,22876006,1462623004876155870,Bella,,Södermalms,59.31934,18.07024,Entire home/apt,1001,7,136,2026-06-08,2.29,44,254,7,
51027807,Quiet oasis in trendy neighborhood by the water!,412836227,1469881144465695813,Karolina,,Södermalms,59.31661,18.02917,Entire home/apt,,3,20,2024-04-15,0.41,2,0,0,
51037962,Bright Apartment in the Heart of Stockholm,22876006,1462623004876155870,Bella,,Södermalms,59.31925,18.06895,Entire home/apt,1319,7,150,2026-06-14,2.50,44,301,8,
51056842,Exclusive studio apartment in Slussen,22876006,1462623004876155870,Bella,,Södermalms,59.31997,18.07045,Entire home/apt,2141,2,153,2026-06-05,2.57,44,326,17,
51066075,Ny renoverat lägenhet i en villa.,413179551,1463642248736561737,Cyrus,,Hässelby-Vällingby,59.38285,17.80016,Entire home/apt,1028,1,9,2026-06-13,0.15,1,365,2,
51075299,Härlig lägenhet nära natur och city,2797208,1462608779100235974,Malin,,Skarpnäcks,59.29102,18.10825,Entire home/apt,,3,3,2021-08-15,0.05,1,0,0,
51085338,Center of Old town,413348383,1469882800900883759,David,,Södermalms,59.32542,18.07031,Entire home/apt,,5,0,,,1,0,0,
51095644,Whole house in 1800-century mansion,17586020,1463013635819829174,Martina,,Hägersten-Liljeholmens,59.31576,18.01562,Entire home/apt,3804,3,53,2026-01-03,0.89,2,203,8,
51097623,Ljus härlig ägarlägenhet på toppadress Östermalm,104992422,1467261889104254214,Susanne,,Östermalms,59.34248,18.07589,Entire home/apt,,2,6,2021-11-15,0.10,2,0,0,
51098105,Ljus härlig lägenhet på östermalm,104992422,1467261889104254214,Susanne,,Östermalms,59.3411,18.08224,Entire home/apt,,2,1,2021-08-11,0.02,2,0,0,
51098183,Charmig barnvänlig funkis lägenhet med balkong,14973299,1462951272611044836,Astrid,,Hägersten-Liljeholmens,59.29963,18.00809,Entire home/apt,,4,8,2025-08-02,0.16,1,2,1,
51125453,Big apartment in Stockholm city,195219380,1463108935258985727,Daniel,,Östermalms,59.34507,18.08453,Entire home/apt,,3,3,2022-08-14,0.06,1,6,0,
51173676,"Cozy 2-bedroom, 15 min from Stockholm C",406444108,1469858774409310997,Momo,,Hägersten-Liljeholmens,59.30072,17.99281,Entire home/apt,1261,2,2,2026-06-14,0.88,1,337,2,
51279168,Fantastisk lägenhet på Södermalm,333350722,1469643269549876865,HOMEstate,,Södermalms,59.31863,18.07235,Entire home/apt,1110,7,14,2025-10-18,0.29,3,313,3,
51341261,Room with a view in Liljeholmen close to Södermalm,39511416,1465590239581860701,Sara,,Hägersten-Liljeholmens,59.31242,18.02444,Private room,,3,45,2024-06-26,0.79,1,0,0,
51382317,Chic & cozy 1-bedroom apartment by the water,407018212,1469860555052239614,Julia,,Kungsholmens,59.3295,18.03485,Entire home/apt,,2,11,2022-08-08,0.18,1,0,0,
51397783,New bigger apartment in attraktive Årsta,121002152,1468229946180429773,Rebecca,,Enskede-Årsta-Vantörs,59.2936,18.05037,Entire home/apt,2682,5,0,,,1,344,0,
51444531,Lägenhet i hjärtat av Östermalm,333322405,1469643141681126368,Anna,,Östermalms,59.33863,18.06922,Entire home/apt,1901,2,61,2026-06-14,1.22,1,308,39,
51495745,Amazing Central apartment by Hornsberg beach,17284343,1463006505346502361,Mersedeh,,Kungsholmens,59.34055,18.00733,Entire home/apt,,7,0,,,1,0,0,
51499168,Lovely 2 room apartment in the middle of södermalm,266517508,1469409373357787387,Baran,,Södermalms,59.30761,18.07922,Entire home/apt,,7,0,,,1,1,0,
51506544,Fin lägenhet mitt i stan Södermalm,417217029,1469896524349792825,Linn,,Södermalms,59.31156,18.07909,Entire home/apt,2090,7,4,2022-10-29,0.07,1,365,0,
51620783,Probably the nicest one bedroom in Södermalm,44879815,1465666286261200237,Vinicius,,Södermalms,59.31561,18.05469,Entire home/apt,,6,16,2026-06-01,0.28,1,0,5,
51626872,"Fully equipped, newly renovated studio",410412637,1469872934192346555,Nicol,,Södermalms,59.3201904296875,18.069486618041992,Entire home/apt,1942,2,216,2026-06-10,3.68,3,318,50,
51674589,Studion - Privat del av villa med stor trädgård,56521480,1465924894622805861,Martin,,Spånga-Tensta,59.37012,17.90304,Entire home/apt,,2,8,2025-09-06,0.35,1,0,6,
51748541,"Välplanerad, charmig sekelskiftestrea med balkong",345266581,1469682700853248741,Hanna,,Södermalms,59.31698,18.04975,Entire home/apt,,6,10,2025-08-03,0.18,1,7,2,
51762242,Nice apartment in Södermalm,79205802,1466968442755938034,André,,Södermalms,59.30819342635165,18.071188599686547,Entire home/apt,2895,2,14,2026-05-31,0.54,1,106,10,
51924042,FIN LÄGENHET MED STOR MYS FAKTOR,158105584,1463002461207974063,Sasha,,Älvsjö,59.27937,17.99402,Entire home/apt,1155,1,0,,,1,211,0,
52025870,Nyrenoverat radhus (entréplan) nära Fruängen Centr,78899930,1466965379993291513,Holger,,Älvsjö,59.2778,17.95696,Entire home/apt,863,7,0,,,4,336,0,
52082125,Stockholm house close to nature & city,33347714,1465488115069658263,Diana,,Bromma,59.36409,17.92879,Entire home/apt,,2,0,,,1,0,0,
52086170,Fantastic apartment with view of the whole city,31808077,1465467351300497672,Carolin,,Södermalms,59.31669,18.07421,Entire home/apt,2885,5,2,2025-08-08,0.15,1,276,1,
52087057,Spacious premier étage studio flat near Södermalm,888022,1462532371873458964,Alexander,,Hägersten-Liljeholmens,59.30444,18.01244,Entire home/apt,,7,1,2021-10-13,0.02,1,0,0,
52087693,Lovely 3 room apartment in the heart of Södermalm.,78053494,1466956267882770809,Jamie,,Södermalms,59.3086,18.07694,Entire home/apt,,14,18,2026-01-04,0.31,1,11,1,
52163082,Cosy apartment 15 minutes from Södermalm,161892665,1468575569685491181,Anton,,Enskede-Årsta-Vantörs,59.26841,18.05743,Entire home/apt,,110,10,2022-08-24,0.18,1,0,0,
52402539,Family friendly penthouse @ the heart of Södermalm,48956882,1465743909230747772,Johan,,Södermalms,59.31587,18.07157,Entire home/apt,2211,4,34,2026-04-12,0.60,1,24,7,
52412555,Boenden är inte tillgängligt.,151488992,1468487826621117150,Arash,,Rinkeby-Tensta,59.39589,17.94292,Entire home/apt,445,4,1,2025-08-22,0.09,1,179,1,
52453447,Lägenhet centrala Södermalm,19965623,1463095802429348742,Beatrice,,Södermalms,59.31612,18.0842,Entire home/apt,,4,15,2023-05-20,0.26,1,0,0,
52531674,Beautiful 4 room apartment central Stockholm,44673522,1465663119071387365,Anna,,Södermalms,59.31509,18.06184,Entire home/apt,,5,12,2024-08-14,0.22,1,0,0,
52549305,Fantastisk lägenhet på bästa adress i Södermalm,333350722,1469643269549876865,HOMEstate,,Södermalms,59.31847,18.07224,Entire home/apt,1111,6,19,2025-10-19,0.36,3,320,6,
52625193,Renovated apartment with two bedrooms and patio.,426002875,1469931297028498938,Jesper,,Södermalms,59.32034,18.06202,Entire home/apt,,2,22,2024-07-14,0.46,1,0,0,
52718010,Cosy townhouse with nice garden,223289494,1469183788984074526,Cecilia,,Hässelby-Vällingby,59.37185,17.88989,Entire home/apt,2613,2,9,2024-06-30,0.16,1,329,0,
52802813,Cozy 1 bedroom apartment just outside Odengatan.,38000634,1465568621138687649,Armali,,Östermalms,59.34725,18.06605,Entire home/apt,,21,0,,,1,0,0,
52833408,Fin lägenhet med service på Gullmarsplan,263892850,1463334325177301991,Susana,,Enskede-Årsta-Vantörs,59.298191,18.086222,Private room,970,1,33,2025-07-18,0.59,1,180,1,
52839187,Cozy stay in STHLM just 11 min from City!,427807045,1469938652675845956,Sandra,,Älvsjö,59.27938,18.01011,Entire home/apt,,5,9,2023-08-24,0.24,1,0,0,
52878383,Fin lägenhet i hägersten med gratis parkering,255924497,1469352446053200655,Pe,,Hägersten-Liljeholmens,59.29096,17.97857,Entire home/apt,,3,0,,,1,0,0,
52928669,Cozy & modern apartment close to nature and metro,408010028,1469864308104536594,Emelie,,Enskede-Årsta-Vantörs,59.25372,18.02636,Entire home/apt,,4,18,2026-05-30,0.35,1,3,3,
52980065,Stylish Loft in Upscale Area,60382478,1466742370835977491,Elias,,Östermalms,59.34395,18.09815,Entire home/apt,1931,1,185,2026-06-27,3.30,30,324,43,
53001550,Trevlig lägenhet i villa,429073826,1469944129555552466,Reza,,Spånga-Tensta,59.37806,17.91626,Entire home/apt,,1,0,,,1,0,0,
53055865,Beautiful Cosy apartment in Sofo Stockholm,257411500,1469359947167304282,Sara,,Södermalms,59.31467,18.07897,Entire home/apt,,2,26,2025-09-07,0.46,1,0,3,
53084479,Modern apartment close to water,38991782,1465582404020873932,Elisabeth,,Södermalms,59.30487001447112,18.10049089306978,Entire home/apt,2511,6,1,2025-08-21,0.10,1,34,1,
53193521,Lovely 2-bedroom apartment at Hammarbyhöjden,66415277,1466820721122574466,Evdokia,,Skarpnäcks,59.29001,18.10227,Entire home/apt,,4,8,2023-04-21,0.15,1,0,0,
53224292,Villa med härlig sjöutsikt och kvällssol,397188856,1469828543928077172,Jon,,Hägersten-Liljeholmens,59.3015640195415,17.95143045101179,Entire home/apt,4451,5,1,2023-07-23,0.03,1,27,0,
53287410,Förtjusande gästsvit med gratis parkering i Älvsjö,431405017,1469953434208603114,Therese,,Älvsjö,59.2742,17.96894,Entire home/apt,1592,1,9,2026-06-22,0.23,1,261,3,
53342101,"Lägenhet 
Södermalm",16533093,1462988932624516570,Anahi,,Södermalms,59.31188,18.08107,Entire home/apt,,7,0,,,2,0,0,
53370373,Etagelägenhet precis vid Tunnelbanan,219617151,1469158227658675115,Sami,,Skarpnäcks,59.26665,18.13323,Entire home/apt,,3,12,2025-08-09,0.24,1,0,1,
53408996,Modern lägenhet 40 kvm nära centrala Stockholm.,90010874,1467089742873257639,Örjan,,Hägersten-Liljeholmens,59.30364,18.00227,Entire home/apt,1850,1,7,2025-08-22,0.13,7,345,1,
53434141,Central apartment Kungsholmen,52300732,1465844996640930838,José,,Kungsholmens,59.33074,18.03751,Entire home/apt,,4,15,2025-12-27,0.55,1,3,6,
53531293,Sekelskiftes 2:a vid Mariatorget med öppen spis,433475449,1469962077199370559,Pouya,,Södermalms,59.31972,18.05732,Entire home/apt,4083,4,50,2026-06-15,0.91,1,18,14,
53573402,Stylish & central apartment with balcony,12337241,1462885402042221167,Felix,,Kungsholmens,59.33091,18.03771,Entire home/apt,1035,14,33,2026-06-10,0.69,1,236,12,
53578902,Trevligt hus i lugnt område nära Stockholm City,349607105,1469695693115206254,Johan,,Bromma,59.34666,17.89934,Entire home/apt,2168,4,30,2025-12-31,0.60,1,26,6,
53596617,Ljus lägenhet med bra kommunikation,434043408,1469964243121598051,Martina,,Enskede-Årsta-Vantörs,59.29941,18.05981,Entire home/apt,,5,0,,,1,0,0,
53638557,Modern townhouse near lake and 15 min to city,376804,1462516923348550721,Björn,,Farsta,59.23563,18.09016,Entire home/apt,2739,1,13,2025-08-19,0.25,1,148,2,
53668955,Private room with a queen size bed,434615992,1469966530747659492,Armin,,Kungsholmens,59.33023,18.04163,Private room,700,1,158,2026-06-08,2.90,7,342,35,
53683424,"Economy · Economy · Economy · Economy · Economy,",90010874,1467089742873257639,Örjan,,Hägersten-Liljeholmens,59.30323,18.00071,Entire home/apt,860,1,46,2026-06-14,0.88,7,352,10,
53683503,Fräsch lägenhet med balkong,90010874,1467089742873257639,Örjan,,Hägersten-Liljeholmens,59.30224,18.00036,Entire home/apt,1200,1,5,2023-11-03,0.11,7,353,0,
53683798,40 kvm balkong · 40 kvm balkong,90010874,1467089742873257639,Örjan,,Hägersten-Liljeholmens,59.30365,18.00105,Entire home/apt,1750,1,1,2022-01-30,0.02,7,307,0,
53684020,28 kvm apartment,90010874,1467089742873257639,Örjan,,Hägersten-Liljeholmens,59.30352,18.0006,Entire home/apt,1490,1,54,2026-06-14,1.01,7,355,9,
53779459,Lovely 145 m2 duplex apartment at a great location,253806634,1469344053906866231,Madeleine,,Östermalms,59.33675,18.1027,Entire home/apt,,5,9,2023-10-17,0.18,2,0,0,
53805902,Central and Cozy 1 bedroom Apt in Södermalm,114030583,1462904295899793780,Fredrik,,Södermalms,59.31381,18.06149,Entire home/apt,,4,2,2022-08-20,0.04,1,0,0,
53813768,Cozy ‘20s apartment in Söder,46457060,1465695788070429956,Arianna,,Södermalms,59.318962004688814,18.032921070699427,Entire home/apt,1560,3,90,2026-06-11,2.88,1,157,45,
53836653,"Trevlig 2,5:a - funkis lägenhet i mysigt område",7281408,1462727921354365698,Jesper,,Hägersten-Liljeholmens,59.316353,18.009892,Entire home/apt,,3,14,2023-05-29,0.25,1,0,0,
53839334,Comfort · Trevlig lägenhet nära centr...,90010874,1467089742873257639,Örjan,,Hägersten-Liljeholmens,59.30348,18.00059,Entire home/apt,960,1,280,2026-06-14,5.19,7,360,31,
53847832,Penthouse · Penthouse,90010874,1467089742873257639,Örjan,,Hägersten-Liljeholmens,59.30203,18.00221,Entire home/apt,2250,1,1,2022-08-11,0.02,7,293,0,
53863544,Beautiful and cozy apartment in Bredäng,217549646,1463200311914814018,Mazen,,Skärholmens,59.28943,17.93673,Entire home/apt,,2,1,2022-01-08,0.02,1,0,0,
53891467,Mysig villa med altan och prunkande trädgård,353388939,1469706603508954736,Frida,,Enskede-Årsta-Vantörs,59.28781,18.06983,Entire home/apt,,7,5,2023-04-10,0.10,1,0,0,
53933317,Lovely studio In Stockholm City,410412637,1469872934192346555,Nicol,,Södermalms,59.3201904296875,18.069486618041992,Entire home/apt,2306,2,154,2026-06-24,2.82,3,301,10,
54051631,Fin lägenhet med balkong i centrala Stockholm,36716394,1465547092814800049,Linda,,Kungsholmens,59.33659,18.03019,Entire home/apt,1598,4,11,2024-07-22,0.23,1,9,0,
54114785,Clean and cozy private room,438691051,1469981861887684467,Lina,,Södermalms,59.309892,18.066545,Private room,,2,23,2025-07-14,0.66,2,0,1,
54126655,Small privately owned hotel 12 rooms and 22 beds,280607063,1469475819689082766,Hotel Söder,,Södermalms,59.315224,18.077539,Private room,25998,1,1,2022-12-30,0.02,4,365,0,
54135319,Fin lägenhet i Farsta nära pendeltåg & tunnelbana,383303085,1469785744824948123,Ghazal,,Farsta,59.23699,18.10078,Private room,1390,2,12,2025-05-18,0.24,1,343,0,
54164515,"Apartment 1101 in  Stockholm Old Town, Gamla Stan.",193902525,1469009618156768363,Cristiano,,Södermalms,59.32581,18.07497,Entire home/apt,2595,1,234,2026-06-11,4.66,2,19,11,
54190819,Central 2.5 room apartment near Norr Mälarstrand,90969658,1467100156226385776,Philip,,Kungsholmens,59.32819,18.02948,Entire home/apt,,4,2,2022-07-18,0.04,1,0,0,
54219806,Villa i Gamla Enskede endast 10min från stan,388187411,1469800862309935234,Elin,,Enskede-Årsta-Vantörs,59.28408,18.0857,Entire home/apt,4812,3,14,2026-05-31,0.37,1,284,4,
54367033,A room with the view sea Just rent to women,1597750,1462562689652505261,Mojgan,,Skärholmens,59.2747,17.87261,Private room,685,1,3,2026-05-19,0.09,2,365,1,
502803999000436481,"A nice room, in a big apartment. Close to Kista.",80290657,1466978922661607214,Sara Diana,,Rinkeby-Tensta,59.40088,17.94141,Private room,1206,1,8,2026-06-13,0.17,1,332,4,
511259414774227278,Cozy 1 room apartment in Älvsjö/Örby,382121130,1469782287516674586,Jennifer,,Enskede-Årsta-Vantörs,59.27048,18.02109,Entire home/apt,856,2,27,2026-06-29,0.50,1,24,2,
542694529072379030,Cheerful big bedroom villa with beautiful backyard,103800827,1467246051477385362,Weihong,,Spånga-Tensta,59.36834,17.89598,Private room,441,3,21,2026-06-15,0.40,3,297,8,
543348375977750145,"Nice room in Hammarby Sjöstad, next to Södermalm",71451669,1466883615995300965,Anette,,Södermalms,59.30242,18.1016,Private room,706,3,118,2026-05-09,2.40,1,278,23,
546501500476499537,Mysig lägenhet med närhet till city och naturen,42656691,1462691255258572655,AnnaMaria,,Enskede-Årsta-Vantörs,59.298,18.04956,Entire home/apt,1045,2,48,2026-06-29,0.91,1,3,10,
548881204020775394,Modern flat in relaxed area near city,24066203,1462627800262880941,Elin,,Kungsholmens,59.3214,17.99061,Entire home/apt,,3,4,2022-08-14,0.08,1,0,0,
550345477852028425,Charmigt Hotell i Norrmalm,116044429,1468190773657911864,Guven,,Norrmalms,59.33717,18.05425,Private room,799,1,78,2026-05-14,1.60,10,3,11,
551380871189830397,Underbar lägenhet med bästa läget på Södermalm,87492364,1467051786327183345,Lars,,Södermalms,59.3157,18.03183,Entire home/apt,,10,5,2024-09-21,0.10,1,0,0,
552160121083032824,Beautiful apartment with a stunning view,19717376,1463089526821546067,Johan,,Södermalms,59.31126381231938,18.088274296196637,Entire home/apt,2578,8,7,2025-09-28,0.26,1,97,2,
554336953450637223,Nice 1-room rental unit in Skärholmen,443404689,1469999896095298802,Alexandra,,Skärholmens,59.27805,17.8861,Entire home/apt,3479,3,0,,,1,365,0,
555707281844380702,Cozy room in a lovely  place near Stockholm centre,413093576,1469881924786685562,Maryna,,Hägersten-Liljeholmens,59.31444,17.99503,Private room,,2,23,2022-09-10,0.43,1,0,0,
557115385163380478,Rum i Älvsjö nära stationen,56379800,1465922896026477083,Magnus,,Älvsjö,59.28101,18.01253,Private room,,30,57,2023-10-14,1.33,1,0,0,
558584710844078659,Fint rum med utsikt i centrala Stockholm,444323326,1470003268619070428,Ewa,,Östermalms,59.33734,18.10147,Private room,,4,72,2025-12-17,1.35,1,0,9,
559869883138837814,Rymlig och fräsch lägenhet i centrala Stockholm,444579267,1470004247379659071,Mats,,Södermalms,59.31821,18.05859,Entire home/apt,2304,7,50,2026-06-12,1.00,1,282,8,
560115834373532535,Lovely one bedroom apartment,444634345,1470004450087133564,Lana,,Hässelby-Vällingby,59.36052,17.86891,Entire home/apt,,1,0,,,1,0,0,
561486980211667945,Stylish Waterfront Villa: with indoor pool & sauna,338703774,1469659296685980956,Melanie,,Hässelby-Vällingby,59.3639,17.82005,Entire home/apt,,5,2,2022-04-24,0.04,1,0,0,
562124899684595305,Fint rum i lägenhet centralt nära Karlaplan,445026679,1470005892181163626,Elena,,Östermalms,59.33863,18.10309,Private room,844,5,24,2026-06-27,0.45,1,326,1,
564166601327595358,Studio Standard - 1 queensize-säng – pentry,445475765,1470007578340713560,Bromma,,Bromma,59.358551,17.91968,Entire home/apt,1195,1,1,2024-05-20,0.04,6,360,0,
569107981994135023,Östermalm High-Class Studio apartment,348264193,1463501045134615725,Adam,,Norrmalms,59.34352,18.063,Entire home/apt,,5,15,2025-08-18,0.30,1,2,1,
569183099039477600,Fin etagelägenhet med öppen spis nära till allt!,444630227,1463717873968084739,Mikael,,Bromma,59.33627,17.98084,Entire home/apt,2967,3,48,2026-06-18,0.93,1,139,11,
572856623725205276,Scandinavian studio w. balcony in Gärdet,51002540,1465791127373831762,Fredrik,,Östermalms,59.34635,18.09549,Entire home/apt,1289,1,208,2026-06-28,4.04,20,303,49,
573045350048009163,Apartment Hammarby sjöstad,62884716,1466776056674981370,Pernilla,,Södermalms,59.30664709816599,18.110337800660236,Entire home/apt,1427,1,0,,,10,312,0,
573670862876741434,"Lägenhet med AAA-läge på Södermalm, Mariatorget.",446654867,1470011945613409122,Joel,,Södermalms,59.31636,18.06705,Entire home/apt,3766,5,8,2024-08-31,0.16,1,342,0,
574445361505958991,Studio in the heart of old town,390614369,1469808125298954547,Bella,,Södermalms,59.32585,18.07241,Entire home/apt,2657,2,233,2026-06-19,4.46,16,307,58,
574445756554019878,Beautiful studio in heart of Old Town,390614369,1469808125298954547,Bella,,Södermalms,59.32597,18.07286,Entire home/apt,2560,2,265,2026-06-28,5.11,16,122,63,
574445956035425474,Studio with spectacular view in heart of Old Town,390614369,1469808125298954547,Bella,,Södermalms,59.32538,18.07229,Entire home/apt,2491,2,252,2026-06-16,4.82,16,148,68,
575066670606010221,Exclusive penthouse apartment w fireplace and loft,312921944,1469588155391278849,Christer,,Kungsholmens,59.33225,18.01498,Entire home/apt,,3,75,2024-10-23,1.44,1,0,0,
575197509951881015,Beautiful apartment in central Old Town,390614369,1469808125298954547,Bella,,Södermalms,59.3269,18.07425,Entire home/apt,,2,181,2026-06-25,3.48,16,1,13,
576688868140308276,Trevlig villa med öppen spis och bastu.,384346150,1469788760244512052,Kristina,,Farsta,59.25611,18.10153,Entire home/apt,3995,1,34,2026-06-14,0.68,1,233,4,
576814309981595672,"Spacious Rooftop Room– Downtown, Private Shower/WC",85625398,1462838348548304143,Mila,,Östermalms,59.33231,18.07997,Private room,1769,1,90,2026-06-25,1.72,1,1,14,
577291936113054227,Arkitektritat townhouse med trädgård nära city,51400,1462507693307924377,Emily,,Skarpnäcks,59.29038,18.11114,Entire home/apt,4850,2,17,2025-08-09,0.47,1,46,6,
580099082089438313,Enkel rum i en harmonisk lägenhet,449028958,1470022242303134777,Gianella,,Skarpnäcks,59.26808,18.13172,Private room,312,3,13,2026-05-01,0.27,2,258,5,
580734720124365324,Modern flat in prime location,6255615,1462701834023298363,Nina,,Norrmalms,59.34208,18.02786,Entire home/apt,,20,2,2024-08-04,0.04,1,0,0,
581082031885719259,Studio apartment with loft in central Stockholm,390614369,1469808125298954547,Bella,,Norrmalms,59.33688,18.05269,Entire home/apt,1898,3,43,2026-06-26,0.84,16,267,21,
581515551860019193,"Central charmig trea, lugnt läge",202465343,1469056485210409211,Patrik,,Södermalms,59.31143,18.06931,Entire home/apt,,4,10,2024-08-25,0.28,1,0,0,
581851595109847632,"Lägenhet med BALKONG - nära vatten, soho & metro!",63241057,1466780664009609490,Emil,,Hägersten-Liljeholmens,59.30536,17.98698,Entire home/apt,,2,9,2023-12-20,0.19,1,0,0,
582362467296203354,House with garden close to the city and beach,58497400,1466701034774157572,Hanna,,Bromma,59.35026,17.89266,Entire home/apt,,3,9,2024-08-10,0.18,1,9,0,
583114583187851452,Lovey 1 bedroom apartment with balcony,104490000,1467255889832984177,Jesper,,Östermalms,59.33389,18.08639,Entire home/apt,,2,4,2022-06-12,0.08,1,0,0,
583272771680469335,Light one-bed apartment in  popular Södermalm.,363894595,1469731431404493317,Erica,,Södermalms,59.31728,18.03019,Entire home/apt,1198,1,6,2024-09-02,0.13,1,239,0,
585127326245615788,Central 1 bed apartment with balcony,450111715,1470026918769737225,Sara,,Södermalms,59.317062,18.027641,Entire home/apt,5878,2,6,2022-12-18,0.12,1,363,0,
585193024486504302,One bedroom apartment Gamla Stan,362541894,1469727868135391449,ApartDirect,,Södermalms,59.32491683959961,18.06845474243164,Entire home/apt,3002,2,62,2026-05-31,1.21,22,292,12,
586666913481841338,Nature reserve and a swim: 150 m. City: 15-20 min,141331959,1468396614754331526,Kristina,,Bromma,59.35151,17.91784,Entire home/apt,1712,2,85,2026-05-31,1.65,1,203,5,
586922477249800613,"Underbar villa i stan nära till bad, ink parkering",113685544,1468173907921570262,Maria,,Hägersten-Liljeholmens,59.301151,17.974773,Entire home/apt,7412,3,13,2026-06-21,0.53,1,27,5,
587124403542222581,Trevligt radhus 25min från Sthlm City,17498309,1463011562752932411,Tina,,Bromma,59.32095,17.95496,Entire home/apt,1898,2,5,2025-08-06,0.10,1,262,1,
587482552642204767,Modern 2BR apartment with balcony,3846215,1462640873612415837,Sara,,Hägersten-Liljeholmens,59.30492,18.0351,Entire home/apt,2397,3,92,2026-06-23,1.94,1,27,25,
587484803166356016,Två sovrum (en trea) vid Tegnérlunden,60077777,1466736701181107110,Donna,,Norrmalms,59.33941,18.05294,Entire home/apt,,3,11,2024-11-17,0.21,1,0,0,
588400073841215752,Scandinavian elegance at the heart of Södermalm,135323554,1468348755002125383,Andreas,,Södermalms,59.31745,18.07286,Entire home/apt,2452,2,221,2026-06-21,4.27,22,324,46,
588806588990905482,Charming Apartment with best location,450883107,1470030103794397839,Eiad,,Enskede-Årsta-Vantörs,59.29107,18.06883,Entire home/apt,1911,1,124,2026-06-10,2.44,1,33,6,
589874098836154911,Clean room in central Östermalm - close to metro,7248534,1462727123565879005,Caroline,,Östermalms,59.34026,18.08081,Private room,840,30,23,2026-06-19,0.45,2,148,7,
590289547565113885,"Lugnt ställe nära Globen ,Älvsjö,och Gullmarsplan",34351665,1462665023722606501,Gladys,,Enskede-Årsta-Vantörs,59.28955,18.03087,Private room,,3,64,2026-06-01,1.25,1,0,20,
591116632895375199,Modern Stockholm City Apartment,278109372,1469465307518065022,Veronica,,Östermalms,59.34166,18.06579,Entire home/apt,,4,2,2022-08-09,0.04,1,0,0,
591798735205319122,Stockholm in the heart of city,39965518,1465596496061956182,Anna-Karin,,Norrmalms,59.33984,18.06367,Entire home/apt,,1,1,2022-04-02,0.02,1,0,0,
591938645108947081,Vacker lägenhet vid kajen,167759658,1468623361230152364,Claudia,,Hägersten-Liljeholmens,59.30463,18.03466,Entire home/apt,2263,3,49,2026-06-16,0.96,1,179,6,
593121757413387738,Magisk juvel i naturskön miljö,429906762,1469947430442427918,Wiktoria,,Hägersten-Liljeholmens,59.310070570583484,17.994004155491808,Entire home/apt,2055,2,15,2026-06-17,0.51,1,294,10,
593164180312745270,Charming flat in the oasis of Midsommarkransen,28276704,1465417466344698190,Nicolina,,Hägersten-Liljeholmens,59.30364,18.0142,Entire home/apt,,3,4,2025-02-16,0.08,1,0,0,
593191999655808304,"En fin lägenhet (2:a)nära t-bana, parkering ingår.",267681483,1463343760975022488,Olga,,Enskede-Årsta-Vantörs,59.25955,18.01664,Entire home/apt,,6,9,2024-07-29,0.18,1,0,0,
593256213300097197,Newly renovated & comfortable studio on Södermalm,410412637,1469872934192346555,Nicol,,Södermalms,59.3201904296875,18.069486618041992,Entire home/apt,2373,2,120,2026-03-16,2.32,3,305,11,
593847294083464821,1-bedroom sourrunded by water & bridges,6729084,1462713819242600798,Malin,,Södermalms,59.31728,18.02774,Entire home/apt,1598,1,16,2024-07-20,0.34,1,117,0,
594850587919940990,*Charmy house with large garden & close to subway*,3026285,1462615275408469974,Anna,,Hägersten-Liljeholmens,59.29494,17.95188,Entire home/apt,4747,3,10,2025-08-10,0.21,1,32,2,
595400737749956344,Gamla Stan · Studio apartment in the old  town,362541894,1469727868135391449,ApartDirect,,Södermalms,59.32429,18.07049,Entire home/apt,1994,2,120,2026-02-28,2.34,22,274,14,
595402289456562929,Mysigt familjevänligt radhus nära Stockholm city,452223130,1470035590020164157,Moa,,Hässelby-Vällingby,59.38052,17.86665,Entire home/apt,2548,2,3,2025-08-09,0.08,1,344,1,
595569097323804384,Vacker lägenhet med takterrass,277816331,1469463999734067664,Elvira,,Södermalms,59.31716,18.08826,Entire home/apt,,4,7,2025-08-15,0.19,1,0,3,
596009276141769415,Family-friendly house close to Stockholm city,93579191,1467129743042832355,Magnus,,Skarpnäcks,59.27871,18.1178,Entire home/apt,,6,4,2025-08-11,0.08,1,6,2,
596386677544601736,Great room close to nature near Stockholm,240374835,1469278304516490972,Elin,,Hägersten-Liljeholmens,59.30009,17.96305,Private room,735,14,1,2024-05-20,0.04,4,346,0,
597075040828619979,Cozy apartment close to the subway and the city,145559030,1468430491554470604,Susanne,,Enskede-Årsta-Vantörs,59.29599,18.08836,Entire home/apt,,14,5,2025-12-22,0.10,1,0,2,
597572236116138154,Wonderful appartment at the heart of Stockholm,461565064,1470079004182264019,Mårten,,Södermalms,59.32466,18.07507,Entire home/apt,3759,9,14,2025-06-29,0.29,1,58,0,
597576308694738671,Beautiful boutique style villa close to City,70791424,1466876161131112659,Maria,,Älvsjö,59.28245,17.98211,Entire home/apt,2612,6,8,2025-07-31,0.22,1,203,2,
597689144959710396,Charming apartment in the heart of Södermalm,78647713,1466962797102268210,Emma,,Södermalms,59.31303,18.07063,Entire home/apt,,30,0,,,1,0,0,
599018813126536985,Designlägenhet på Södermalm,39738815,1462682429243667724,V,,Södermalms,59.31875,18.03384,Entire home/apt,,2,2,2023-08-05,0.04,1,0,0,
599691967730847088,Rent a small cozy hotel in central Stockholm,280607063,1469475819689082766,Hotel Söder,,Södermalms,59.31426,18.07825,Entire home/apt,22995,1,0,,,4,365,0,
599723488406885421,Hyr hela Hotellet!,280607063,1469475819689082766,Hotel Söder,,Södermalms,59.31436,18.07682,Entire home/apt,25995,1,0,,,4,364,0,
602878438108770178,Home at V.,453821821,1463740184039866969,Vashti Lynis,,Rinkeby-Tensta,59.41016,17.91786,Private room,432,1,12,2026-06-28,0.56,1,247,11,
603318768261147324,Tiny House close to city center,236477634,1469258486460493527,Erik,,Älvsjö,59.27831,17.96087,Entire home/apt,1376,3,200,2026-06-26,3.94,1,224,50,
603619105015988519,Lovely 1-bedroom condo in Södermalm,144826248,1468424600362286693,Kajsa,,Södermalms,59.31723,18.03187,Entire home/apt,,2,5,2022-08-28,0.10,1,0,0,
604084295507334490,Stor villa med härlig trädgård & lekplats,43064904,1465639457403229074,Hannah,,Bromma,59.35286,17.90808,Entire home/apt,3756,4,6,2026-05-17,0.33,1,80,5,
604302036531363250,Charming attic studio in trendy Södermalm,60382478,1466742370835977491,Elias,,Södermalms,59.31762,18.06702,Entire home/apt,1874,1,233,2026-06-27,4.57,30,289,66,
606409586034788835,Cozy apartment with balcony,59861402,1466726838413974869,Jacob,,Kungsholmens,59.33133205463371,18.01679892957536,Entire home/apt,1644,2,6,2026-01-03,0.39,1,9,2,
607747073668104491,City Townhouse with sea view and terraces,23654107,1465276196286480455,Anders,,Kungsholmens,59.31829,17.99053,Entire home/apt,5165,5,4,2025-07-17,0.11,1,16,1,
607767844166467799,"Barnvänlig Villa i lummigt, lungt område",33417984,1465489004514016138,Mikael,,Enskede-Årsta-Vantörs,59.276207,18.03093,Entire home/apt,5337,5,0,,,1,358,0,
608426542775129857,"Central newly renovated flat 
(Östermalm)",454980774,1470047043760424865,Arvid,,Norrmalms,59.34726,18.06523,Entire home/apt,,7,4,2022-10-30,0.08,1,0,0,
608672769200568085,"Penthouse two floors, 15 min from Stockholm City.",233333454,1469243090248511568,Annika,,Skarpnäcks,59.265404,18.135147,Private room,,3,6,2023-08-01,0.14,1,0,0,
609056762930457756,Cozy central hideout with huge balcony,40271268,1465600479591339551,Viola,,Kungsholmens,59.329224,18.049253,Entire home/apt,2825,4,32,2026-05-17,0.64,1,13,7,
609194322568348718,Cozy studio in trendy Hornstull,6304599,1462703053421884432,Dina,,Södermalms,59.31908,18.037,Entire home/apt,,1,12,2023-05-30,0.24,1,0,0,
609229884496041487,Rymligt radhus,13672235,1462918849026943624,Hulda,,Skärholmens,59.2916,17.94326,Entire home/apt,2625,3,2,2024-08-12,0.07,1,105,0,
609394907181074535,Nyrenoverad lägenhen på bästa adress i Vasastan,16904907,1462997699750222388,Kate,,Norrmalms,59.34211,18.03999,Entire home/apt,,90,33,2023-10-26,0.66,1,83,0,
609467999708004511,Unique seafront villa near the city,21015556,1463144577813733968,Joel,,Älvsjö,59.27437,17.9573,Entire home/apt,3424,5,5,2025-08-11,0.11,1,263,2,
610054702359250476,Beautiful 2 room apartment in central Vasastan,81595526,1466991622081845497,Katarina,,Norrmalms,59.34686,18.05498,Entire home/apt,1957,2,7,2025-09-14,0.14,1,27,3,
611273061584738478,Unik och personlig våning vid Mariatorget,189668817,1468983737896101257,Aleksander,,Södermalms,59.315624,18.060236,Entire home/apt,4945,3,1,2026-06-15,1,1,347,1,
611619699167706111,Hus i trevligt område nära stan,449037631,1470022284133500397,Soma,,Bromma,59.35376,17.89338,Entire home/apt,2020,4,0,,,1,62,0,
612083870844850855,"1920’ house, big garden, 9 min to Sthlm City",10549434,1462843611509175626,Karin,,Älvsjö,59.27641,18.00226,Entire home/apt,2454,5,1,2023-07-20,0.03,1,332,0,
613507228076189504,Beautiful 1 bedroom condo in a Victorian house,135043801,1468346335317578744,Amelie,,Östermalms,59.33491,18.08318,Entire home/apt,1567,7,26,2026-06-13,0.59,1,156,9,
614141238666475295,Fin och ljus lägenhet i Vasastan,45057317,1465668797486686242,Coralie,,Norrmalms,59.35031,18.04467,Entire home/apt,3081,3,2,2025-07-31,0.16,1,345,1,
614834490978130477,"Lägenhet i SOFO, våning 3 med balkong",67187782,1466830252238323359,Simon,,Södermalms,59.31393,18.07918,Entire home/apt,,3,8,2023-07-14,0.16,1,0,0,
615750048579145778,Newly renovated apartment with 2 floors,22876006,1462623004876155870,Bella,,Östermalms,59.34022,18.09077,Entire home/apt,2538,2,4,2022-08-14,0.08,44,14,0,
617197515210546885,"Stor, sjönära villa, centralt innanför tullarna",97724332,1467177183482765450,Olof,,Kungsholmens,59.321976,17.989836,Entire home/apt,,4,7,2023-07-03,0.14,1,0,0,
617266433036173006,Charmig villa på Rosenhill vid Djurgårdskanalen,454455876,1463741791571287637,Jonas,,Östermalms,59.33002,18.14098,Entire home/apt,6277,5,4,2025-08-09,0.08,1,168,1,
617294964596241232,House in the heart of charming Gamla Enskede,1159170,1462538537980383235,Jacob,,Enskede-Årsta-Vantörs,59.284218,18.088436,Entire home/apt,3403,1,14,2026-03-28,0.30,1,234,6,
617312500907345162,Beautiful apartment with balcony in city,62884716,1466776056674981370,Pernilla,,Södermalms,59.31774,18.02642,Entire home/apt,2511,2,0,,,10,365,0,
617356380879985661,Charmig Stockholmsvilla med trädgård - nära city,31740633,1465466387177628489,Anna,,Farsta,59.278122,18.071609,Entire home/apt,3614,1,9,2024-08-17,0.24,1,52,0,
617878763225250182,Central lägenhet med fantastisk uteplats,32346856,1465475020660859298,⁨Hk9919⁩,,Enskede-Årsta-Vantörs,59.297058,18.076441,Entire home/apt,,6,2,2023-07-14,0.04,1,0,0,
618037881327504477,Trevligt radhus med grill och parkering,12562085,1462890572006267783,Mattias,,Enskede-Årsta-Vantörs,59.28775,18.02951,Entire home/apt,,14,1,2022-06-02,0.02,1,0,0,
618806671330787043,Cozy cottage in Bromma,222251240,1469176319891360354,Saga,,Bromma,59.35699,17.9286,Entire home/apt,1387,3,72,2026-06-22,1.49,1,225,20,
619918245365268083,Cozy apartment near city and nature,199419362,1469039417866325212,Erica,,Skarpnäcks,59.29286,18.10116,Entire home/apt,1198,4,28,2026-06-21,0.58,1,277,10,
619954356563755049,50-talsradhus med hundvänlig trädgård,134920525,1468345240005193767,Martina,,Skarpnäcks,59.272002770252975,18.134559333424733,Entire home/apt,1378,4,12,2025-07-18,0.33,1,81,3,
620687798874255372,Mysig lägenhet vid Telefonplan,457712154,1470060620471341213,Alice,,Hägersten-Liljeholmens,59.30061,17.98912,Entire home/apt,1180,10,0,,,1,313,0,
620838362122237480,"Apartment 1201 in Stockholm Old Town, Gamla Stan.",193902525,1469009618156768363,Cristiano,,Södermalms,59.32388,18.07506,Entire home/apt,3390,1,234,2026-06-11,4.79,2,16,14,
621411963285487842,Mysig lägenhet centralt i Stockholm,190998201,1468992003945960995,Carl,,Östermalms,59.34795,18.0945,Entire home/apt,1598,3,0,,,1,76,0,
622245136724741157,"Magical 4-bedroom villa, sauna+tub, 5min to Sthlm",803940,1462529927909775647,Kalle & Josefine,,Skarpnäcks,59.28362,18.10026,Entire home/apt,,3,27,2025-12-27,0.56,1,4,7,
622257611301664639,Rum uthyres centralt Stockholm men lugna södermalm,273186263,1469441709793243998,Elisabeth,,Södermalms,59.3164,18.07388,Private room,1484,1,110,2026-06-14,2.19,2,323,25,
622258948426316902,Fin lägenhet med balkong och öppen spis,172369182,1468673248961571562,Maral,,Kungsholmens,59.32923,18.03744,Entire home/apt,,2,5,2024-05-19,0.10,1,0,0,
622327653195702246,Sjöstuga i Stockholm,200879578,1469048209556608249,Peter,,Hägersten-Liljeholmens,59.30252,17.95109,Entire home/apt,2311,4,74,2026-06-27,1.49,1,19,22,
622372495500685926,Attic apartment in a villa by the beach,458067081,1463750597026635502,Rahwa,,Farsta,59.240921,18.127119,Entire home/apt,1522,2,31,2026-06-06,0.63,2,148,4,
623482682787140432,"Charmig poolvilla nära sjö, 15 min från Stockholm",458050903,1470062335138994971,Johan,,Farsta,59.24226,18.12725,Entire home/apt,4226,3,4,2025-07-26,0.17,1,10,1,
624523272843351132,Mysig 20-talsvilla med tidstypiska detaljer.,18734064,1463060635930995786,Susanna,,Hägersten-Liljeholmens,59.29646,17.95764,Entire home/apt,3492,5,17,2025-09-09,0.35,1,46,6,
625949677423795980,Studioflat in Skanstull,16790631,1462995078475653051,Adele,,Södermalms,59.30953,18.08409,Entire home/apt,,30,6,2024-05-31,0.12,1,0,0,
626533868324688582,Rum med litet kök,105821661,1467283797864513775,Sten,,Älvsjö,59.279243,17.966396,Private room,600,2,22,2026-06-14,0.44,2,17,4,
626582581360525903,Trevlig villa i lummigt område nära stan,457858984,1470061392587382867,Fredrik,,Bromma,59.337048,17.962109,Entire home/apt,,4,10,2024-07-31,0.21,1,0,0,
626693059450273362,Family house in friendly neighborhood,65706355,1466812514990592296,Sara,,Farsta,59.27238,18.08379,Entire home/apt,3011,4,4,2025-07-13,0.08,1,272,1,
627353304104340436,"stor sekelskiftslägenhet i sofo, södermalm",459186904,1470067579187061596,Jacob,,Södermalms,59.312538,18.075726,Entire home/apt,4291,5,35,2026-06-29,0.72,1,27,8,
627407454130827360,"3:a, 15 min till city, lummigt vid sjö",14156538,1462931917816684685,Annamaja,,Hägersten-Liljeholmens,59.30544,17.96406,Entire home/apt,,1,7,2025-08-11,0.30,1,6,4,
627433204505398099,Unique apartment at Charlottendal Manor,42560054,1465632449154956021,Gustav,,Hägersten-Liljeholmens,59.31396,18.01555,Entire home/apt,,5,16,2025-08-31,0.32,2,0,4,
628717098705252713,65sqm design apartment at Södermalm,40585459,1465604683406089422,Joakim,,Södermalms,59.31798,18.05612,Entire home/apt,2623,7,13,2026-06-28,0.27,1,25,5,
629702820320036923,Trerumslägenhet i lugna Älvsjö C.,361515514,1469725442390730978,Linnea,,Älvsjö,59.281464,18.013889,Private room,,2,6,2022-08-09,0.12,1,0,0,
629712022960905224,5 bedroom Townhouse in Stockholm City,37284594,1465557282679479852,Elena,,Östermalms,59.36003,18.09405,Entire home/apt,4859,7,4,2025-07-07,0.11,1,333,1,
630078275277125667,Lägenhet med balkong centralt belägen i Sthlm,145046273,1468426365523748030,Filippa,,Kungsholmens,59.336609,18.022364,Entire home/apt,,1,7,2022-08-25,0.14,1,0,0,
630442195777350151,Private room kitchenet and bathroom close to city!,57593772,1466690522076426662,Emil,,Farsta,59.25283,18.10446,Entire home/apt,464,2,160,2026-06-14,3.25,2,106,43,
630991896702187209,Sekelskiftslägenhet i mitten av Birkastan,1847640,1462579939701649756,Clara,,Norrmalms,59.33812,18.03422,Entire home/apt,,4,3,2023-09-17,0.06,1,0,0,
631578347364748634,Nice townhouse (150m2) with a terrace and beach,23943549,1462627289081630776,Salah,,Kungsholmens,59.32207,17.9891,Entire home/apt,,10,0,,,1,0,0,
631934157798450967,Mysig villa i centralt läge perfekt för barnfamilj,460245240,1470072573380511819,Ragnar,,Bromma,59.35807,17.912699,Entire home/apt,,3,4,2022-12-25,0.08,1,0,0,
632548513603888473,Charming villa in calm neighborhood close to city,332894,1462515933732551061,Jonas,,Älvsjö,59.28461,18.02898,Entire home/apt,2112,2,9,2025-09-04,0.19,1,165,4,
632577669456111945,Lovely 4-bedroom for families. 150 m to jetty.,6192468,1462700262762591016,Olof,,Kungsholmens,59.32157,17.98922,Entire home/apt,,3,20,2025-08-08,0.41,1,8,6,
632974311988417803,Cozy and spacious room with a balcony.,37985922,1465568407133316597,Nour,,Farsta,59.27363,18.06877,Private room,,1,0,,,2,0,0,
633324931618535688,"Härlig villa med stor tomt, uteplatser och pool",27652926,1465408326691215882,Natalie,,Bromma,59.339638,17.967218,Entire home/apt,6372,6,6,2024-12-29,0.12,1,320,0,
633389694359003710,Comfortable apartment(Stockholm/Vällingby),374899853,1469762993955442974,Murat,,Hässelby-Vällingby,59.3579,17.86621,Entire home/apt,1552,2,4,2025-08-02,0.08,1,102,1,
634051139331386956,Trevlig villa med lummig trädgård,46137066,1465689129644879512,Stina,,Enskede-Årsta-Vantörs,59.28846,18.05973,Entire home/apt,,5,15,2026-06-27,0.31,1,0,2,
635058154825989585,Spacious & cozy 3-bedroom villa with EV parking,54476385,1465887465004810716,Malin,,Hägersten-Liljeholmens,59.29729,17.9624,Entire home/apt,,5,4,2023-07-12,0.08,1,0,0,
635945446666059470,Fin modern villa med utsikt över Mälaren,194297028,1469012045172308940,Nicole,,Hässelby-Vällingby,59.365799,17.82287,Entire home/apt,4465,1,0,,,1,316,0,
636223912136647670,Modern lägenhet i del av villa,461250783,1470077410025089136,Tania,,Enskede-Årsta-Vantörs,59.26936,18.02873,Entire home/apt,1484,1,42,2026-06-14,0.86,1,300,11,
636876121514569467,Ground floor terrace apartment 15 min from city,69257605,1466856092480608585,Sebastian,,Bromma,59.339531,17.980642,Entire home/apt,,3,4,2022-08-01,0.08,1,0,0,
637315372122985572,"Bright Flat w/ Balcony in Quiet, Central District",60382478,1466742370835977491,Elias,,Östermalms,59.34583,18.09532,Entire home/apt,2594,1,196,2026-06-23,3.96,30,152,42,
637639385086422015,Fin lägenhet i Bandhagen med närhet till T-bana,115009649,1468182907372576350,Rache,,Enskede-Årsta-Vantörs,59.265072,18.055796,Entire home/apt,,4,1,2022-07-25,0.02,1,0,0,
638029906413471857,Fabulous  Apartment,161543959,1468572224956837461,Niklas,,Södermalms,59.32287,18.0698,Entire home/apt,3909,1,284,2026-06-16,5.75,2,263,69,
638340220323067138,Familjevänligt hus i Hägersten nära tunnelbanan,93815810,1467132303477828462,Carita,,Hägersten-Liljeholmens,59.29201,17.97831,Entire home/apt,3709,1,50,2026-06-27,1.02,1,217,17,
638384082684666974,Modern fresh apartment,461722984,1470079936100608934,Eric,,Norrmalms,59.34106,18.06136,Entire home/apt,,8,0,,,1,0,0,
638768770961415774,Bright & cosy apartment at Stora Essingen,71768021,1462795878928767275,Caroline,,Kungsholmens,59.31999,17.98703,Entire home/apt,1242,7,8,2026-06-24,0.16,1,134,3,
639066857976285756,Rum med utsikt på söders höjder,182636431,1468762037483538455,Karin,,Södermalms,59.31691,18.03113,Private room,1028,1,18,2026-06-25,0.36,1,11,4,
640250704166978719,Unikt radhus i Aspudden,2495180,1462596681374565908,Sara,,Hägersten-Liljeholmens,59.3083043918586,18.00611823656025,Entire home/apt,2338,2,3,2025-07-27,0.12,1,81,1,
641260180476064168,Cozy apartment 12 min to the city center,22810058,1462622747667671452,Brian,,Hägersten-Liljeholmens,59.30207092912819,18.0051464214921,Entire home/apt,,2,88,2023-11-20,1.78,1,0,0,
641714781759244003,Ljus lägenhet med närhet till city och natur,339690664,1469663215504069523,Albin,,Hägersten-Liljeholmens,59.3016689,18.0010826,Entire home/apt,,5,6,2023-07-30,0.12,1,0,0,
642412092729780862,Rum i lägenhet med egen ingång i Bandhagen,193510412,1463105058352626141,Robin,,Enskede-Årsta-Vantörs,59.2693,18.05158,Private room,913,2,7,2026-05-31,0.17,1,363,2,
642443161883728835,"Fint boende med 4 sovrum, parkering och trädgård.",919494,1462533275841342923,Elin,,Hässelby-Vällingby,59.37481,17.86645,Entire home/apt,2004,2,13,2026-06-21,0.27,1,119,3,
642784840748528732,"Beautiful apartment with terrace,central Sodermalm",10432411,1462840523941869459,Funda,,Södermalms,59.31579,18.07541,Entire home/apt,,5,10,2026-05-19,0.20,1,0,2,
643312046872352161,Modern lägenhet med vattenutsikt och parkering,462854556,1470085343698437471,Nike,,Södermalms,59.30423969999999,18.1061695,Entire home/apt,2739,1,12,2026-05-20,0.25,1,64,4,
643374111172084156,355sft apartment with balcony,462876148,1470085442031901671,Vanessa,,Hässelby-Vällingby,59.35324,17.88764,Entire home/apt,,1,28,2025-07-23,0.83,1,0,1,
643389257862911812,Fint centralt och tyst boende vid Odenplan,229364144,1469222345861355223,Susann,,Norrmalms,59.3410216,18.0476621,Entire home/apt,,1,46,2025-10-19,0.93,2,0,5,
643951619462562630,Mysig 2a i Hammarbyhöjden,233372741,1469243286596150266,Victoria,,Skarpnäcks,59.29609,18.10248,Entire home/apt,,2,5,2023-11-27,0.14,1,0,0,
644064004778703755,Spacious Oasis only Minutes From the City Center,27851968,1465411008333088288,Daniel,,Kungsholmens,59.332342188322905,18.015527798791723,Entire home/apt,2595,1,61,2026-05-15,1.26,3,320,17,
644625673024623692,Beautiful 1-bedroom condo in Telefonplan,41437521,1462687626452899539,Kanishk,,Hägersten-Liljeholmens,59.29612,18.00252,Entire home/apt,,90,1,2022-07-31,0.02,1,0,0,
644959837587975273,Lovely apartment walking distance to city center,10474065,1462574401754484147,Rui,,Kungsholmens,59.32946,18.02883,Entire home/apt,,4,7,2022-08-20,0.14,1,0,0,
644989033356489948,Cosy appartment close to Stockholm city and nature,22426638,1463179503784054872,Grégoire,,Hägersten-Liljeholmens,59.30692,18.00578,Entire home/apt,,3,19,2025-10-23,0.40,1,0,13,
645340546462927755,Fin lägenhet med stor balkong,54216189,1465883282397625417,Denise,,Östermalms,59.34031,18.09662,Entire home/apt,,4,12,2024-08-11,0.25,1,0,0,
645576161998080525,Lovely Condo in Kungsholmen - perfect location,22729190,1463186907353072322,Kavian,,Kungsholmens,59.33467,18.03641,Entire home/apt,,180,5,2024-08-29,0.12,1,0,0,
645631734444869223,Fin lägenhet nära till allt!,185711287,1468960560112615612,Elise,,Kungsholmens,59.33383989999999,18.0363387,Entire home/apt,,2,3,2022-07-28,0.06,2,0,0,
645636722847095593,"Nice garden Villa in Bromma, 10 min from city",419162983,1469904199472060154,Olle,,Bromma,59.34942,17.90676,Entire home/apt,3681,4,20,2026-06-27,0.41,1,15,6,
646932998496134831,Privat Lägenhet Norrmalm (studio apartment),141186188,1468395422461285701,Arvid,,Norrmalms,59.34357,18.0367,Entire home/apt,,6,52,2026-06-07,1.06,1,2,7,
647449899006245886,Quiet and Private Apartment in SoFo,11308917,1462861897358424378,Chris,,Södermalms,59.31349,18.09166,Entire home/apt,,6,1,2022-07-25,0.02,1,0,0,
648157214982908411,Awesome studio,78393845,1462822195141293731,Pia,,Södermalms,59.32494,18.07167,Entire home/apt,1056,1,358,2026-06-15,7.31,1,293,88,
649028245553052747,Large one bedroom in the heart of Södermalm,403768748,1469849772503566754,Marcus,,Södermalms,59.31500971632559,18.07525433599949,Entire home/apt,,3,27,2024-08-31,0.55,1,0,0,
649092223118915778,Lägenhet i Vasastan.,1128793,1462537755617647929,Dagmar,,Norrmalms,59.34905,18.05579,Entire home/apt,,4,7,2026-05-31,0.15,1,0,1,
649135702929970287,Comfortable & stylish 5 room apartment in Vasastan,278316,1462510913191513351,Marcus Joakim,,Norrmalms,59.35013,18.05733,Entire home/apt,3709,3,17,2025-08-13,0.35,1,21,4,
649236343349368791,"Härlig, ljus lägenhet nära staden och naturen",436272571,1469973000770222495,Norma,,Hägersten-Liljeholmens,59.29523915004222,17.98310838639736,Entire home/apt,1712,5,20,2026-04-06,0.42,1,57,4,
649263243924058006,Vindsvåning centralt på Södermalm,80537169,1466981253070523844,Emelina,,Södermalms,59.307864477986634,18.06456578355568,Entire home/apt,4679,1,31,2026-06-14,0.89,1,145,9,
650341111656010725,Family friendly seaside apartment,6837703,1462716581341845094,Lina,,Kungsholmens,59.34029861673066,18.00884447241838,Entire home/apt,2359,2,37,2026-06-22,0.77,1,301,8,
650397894160137725,Charmigt parhus i Gamla Enskede med pool,338936516,1469660136786923002,Mia,,Enskede-Årsta-Vantörs,59.28545425069589,18.085821975625706,Entire home/apt,2722,7,0,,,1,335,0,
650480600350570454,"Radhus nära city, Tele2 arena. Bastu & öppen spis.",309774123,1469577557147955440,Sebastian,,Enskede-Årsta-Vantörs,59.28743,18.02881,Entire home/apt,,3,8,2024-05-17,0.17,1,0,0,
650571357890753173,Rymlig 2:a med balkong,8196882,1462751580754755226,Therese,,Enskede-Årsta-Vantörs,59.2821712031492,18.044948417300226,Entire home/apt,1370,4,17,2025-01-05,0.47,1,129,0,
651853805517777468,Funkislägenhet med uteplats,452210458,1470035535029190103,Rim,,Skarpnäcks,59.29517,18.09355,Entire home/apt,,5,6,2024-08-04,0.13,1,0,0,
652604942675326871,Bohemian design apartment,6731589,1462713912632676160,Anna,,Södermalms,59.308822612113474,18.081395253539085,Entire home/apt,8160,2,1,2026-05-20,0.71,1,352,1,
652817458291036366,Perfectly located apt with amazing view,73501587,1466906416961607270,Ulrika,,Södermalms,59.32104206499716,18.06979863122479,Entire home/apt,4822,4,9,2025-08-05,0.25,1,63,1,
652919102905815978,Newly renovated 1-bedroom apartment in city center,465065989,1470096026921847675,Marcus,,Södermalms,59.31307,18.07936,Entire home/apt,,2,5,2022-08-21,0.10,1,0,0,
652927927226536917,Superfin lägenhet i lugnt och tryggt område.,266904591,1469411267998214503,Mahbobeh,,Kungsholmens,59.32171,18.00496,Entire home/apt,,1,2,2022-07-03,0.04,1,0,0,
653595179502515928,Cozy apartment close to Sthlm City,154851062,1468514791481185950,Karin,,Kungsholmens,59.32481,18.00691,Entire home/apt,,4,26,2025-08-25,0.55,1,0,3,
653595572010255334,Modern and charming place in centre of Södermalm,412419080,1469879737010750869,Lenita,,Södermalms,59.3132,18.06841,Entire home/apt,,6,4,2025-04-25,0.08,1,0,0,
653633284772496553,Cozy apartment in Vasastan,465237114,1470096863296663756,Sara,,Norrmalms,59.34185,18.03557,Entire home/apt,,3,10,2025-01-01,0.21,1,0,0,
653958864338444750,Mysigt familjevänligt hus m pool i södra Stockholm,459014817,1470066833583228476,Maria,,Älvsjö,59.2748,17.9835,Entire home/apt,,5,4,2024-06-29,0.09,1,0,0,
654103016102684360,"Fin 3a med stor uteplats, nära vatten, kungsholmen",33508641,1465490251535955064,Emelie,,Kungsholmens,59.33711599999999,18.0128304,Entire home/apt,,5,5,2024-07-28,0.12,1,0,0,
654944272332312490,Great bedroom inside a 4-room apartment. With pool,16319585,1462983875453852355,Erik,,Hägersten-Liljeholmens,59.29715,18.00313,Private room,466,14,8,2026-06-13,0.17,1,259,3,
655128873075271496,Trevlig villa med solig terrass samt studsmatta,137614748,1468367573217279141,Thomas,,Bromma,59.35508,17.9074,Entire home/apt,2815,2,14,2025-08-30,0.29,1,328,1,
656819145960031953,Cheerful 3-bedroom villa with garden,5808527,1462690169515852135,Martin,,Farsta,59.26774,18.08594,Entire home/apt,2666,3,12,2025-08-09,0.25,1,102,3,
657596910285170017,Stay in the heart of city. Cozy and fresh room,65593325,1466811172873404814,Dorota,,Södermalms,59.31264370082393,18.059782348573208,Private room,,2,49,2026-05-12,1.00,1,7,8,
658715642666192697,Fin lägenhet med perfekt läge i Vasastan,23687371,1465277063874840453,Maria,,Norrmalms,59.33975,18.03833,Entire home/apt,,3,12,2025-01-03,0.25,1,0,0,
659156673946781598,Nyrenoverad villa nära City med lummig trädgård.,8580251,1462770945793287448,Henrik,,Bromma,59.33057,17.92167,Entire home/apt,2054,14,1,2025-08-18,0.09,1,277,1,
659440708507128674,Mysig lägenhet bland trädkronorna i Aspudden,465645267,1470098829969907963,Mattias,,Hägersten-Liljeholmens,59.30779,17.98988,Entire home/apt,,3,4,2024-08-16,0.08,1,0,0,
659799148591533015,Bright apartment in Old Town with a nice view,390614369,1469808125298954547,Bella,,Södermalms,59.32598,18.07445,Entire home/apt,2510,2,227,2026-06-25,4.68,16,290,57,
659873865847491559,Lovely apartment in great location with balcony,66909030,1466826441767931802,Axel,,Östermalms,59.33768,18.08393,Entire home/apt,,1,1,2022-08-13,0.02,1,0,0,
660649639346209474,Fin lägenhet. P-plats. 15 min från city.,107927337,1467307671742280060,Ann,,Hägersten-Liljeholmens,59.29639,17.96595,Entire home/apt,,4,41,2024-08-31,0.86,1,0,0,
660749100177658577,Litet rum i lägenhet mitt på Södermalm,4828263,1462666305043686759,Lotta,,Södermalms,59.31381409999999,18.0754446,Private room,,1,36,2024-03-10,0.74,1,0,0,
660808261882243283,Fin lägenheten på Kungsholmen. Nära till allt,70981470,1466878370731686684,Fredrik,,Kungsholmens,59.33653310816133,18.033362925052643,Entire home/apt,,5,7,2025-10-17,0.15,1,0,2,
660883032371973168,Room- close to city center,459008719,1470066690337471064,Gevorg,,Enskede-Årsta-Vantörs,59.28552140000001,18.0402856,Private room,192,40,5,2025-09-18,0.10,1,166,1,
661643175802014876,Stort rymligt trähus från 1923 nära stad och natur,16869023,1462996918852908247,Jan,,Skarpnäcks,59.28036214917101,18.121288418769836,Entire home/apt,4542,3,11,2025-08-08,0.23,1,94,2,
662107931272509000,Spacious 2 room flat in the centre of Södermalm,33586227,1465491234684807824,Erik,,Södermalms,59.31439,18.07618,Entire home/apt,,7,34,2025-07-14,0.74,1,0,1,
662152475966074236,Radhus i barnvänligt område,27992984,1465413512362224174,Lynette,,Skarpnäcks,59.27433,18.11983,Entire home/apt,,3,2,2022-08-07,0.04,1,0,0,
662289422955965803,Luxury apartment in Vasastan with Sauna & spa,36466688,1462672086273258200,Mikael,,Norrmalms,59.34051590000001,18.0503383,Entire home/apt,17118,2,0,,,1,359,0,
662350139776662213,Cosy apartment,40400993,1465602212145037666,Kim,,Södermalms,59.31507113926645,18.089848905801773,Entire home/apt,2738,1,22,2026-06-07,0.46,1,299,5,
662722796505121617,New and Nice APT w AC in the heart of Södermalm,85695707,1467032586338367511,Bernt Fredrik,,Södermalms,59.31166,18.07198,Entire home/apt,,3,77,2025-08-25,1.59,1,0,7,
662822909334915352,Family friendly house bordering nature reserve,10542771,1462843397166013244,Anna,,Skarpnäcks,59.2703,18.14445,Entire home/apt,,1,9,2025-07-20,0.19,1,3,3,
663024706929356067,Nice Duplex apartment near the Haga Park,467459429,1470107470766733148,Alexander,,Norrmalms,59.348947378704096,18.044604522753918,Entire home/apt,4483,7,0,,,1,355,0,
663586889522669175,Kungligt boende i gamla stan,173645771,1468684840075025901,Linn,,Södermalms,59.324661143857725,18.07401515543461,Entire home/apt,3424,1,12,2025-08-24,0.26,1,364,2,
663820904326745418,Cosy & modern apartment by the water,463681336,1470089430252245180,Sara,,Södermalms,59.31662,18.02623,Entire home/apt,,2,14,2025-06-15,0.29,2,0,0,
664125715929518122,Adorable 2 room apartment close to nature,56340135,1462734232255318291,Reeju,,Hässelby-Vällingby,59.37122662986691,17.831177338957787,Entire home/apt,1176,1,177,2026-06-04,3.66,2,217,30,
664250510033165825,Fin lägenhet med stor balkong.,467747342,1470108911526020900,Nathalie,,Södermalms,59.3067246,18.1127827,Entire home/apt,,1,6,2023-08-08,0.12,1,0,0,
664311490702809511,Trevlig villa i mysigt område med öppen spis,467770879,1470108979195113638,Karl-Johan,,Bromma,59.36730696676853,17.928606719049064,Entire home/apt,5821,2,6,2025-05-26,0.16,1,272,0,
664399747581611456,Bed and breakfast Södermalm Stockholm,467800415,1470109153027537011,Camilla,,Södermalms,59.3109034,18.0598442,Private room,,2,213,2026-07-01,4.40,1,1,48,
664651225182949597,Fantastisk våning på Stockholms trendigaste gata,140206565,1468387829448303987,Gustaf,,Norrmalms,59.33982670344666,18.03558949381113,Entire home/apt,3994,5,12,2025-08-25,0.25,1,201,3,
664913884249967441,"Bright, spacious apartment with two balconies",80249063,1466978509665582285,Emma,,Södermalms,59.31844,18.03449,Entire home/apt,2968,1,22,2026-06-09,0.47,1,43,7,
665705960206506019,Attraktiv lägenhet mitt på trendiga Södermalm!,448009551,1470017298693337823,Jeanette,,Södermalms,59.31625,18.0483,Private room,,1,9,2022-08-13,0.19,1,0,0,
665753159685763448,Lovely studio apartment in Östermalm,468146993,1470110798570367027,Alem,,Östermalms,59.34336,18.06859,Entire home/apt,1826,4,10,2024-09-20,0.21,1,144,0,
665805921936779123,Beautiful private studio close to Stockholm,13880375,1462588135406481953,Maria,,Älvsjö,59.27822330000001,17.9640177,Entire home/apt,1141,2,296,2026-06-18,6.19,2,302,62,
665882522132954572,Private and elegant room in the heart of Sodermalm,3237232,1462623492226542348,Mallika,,Södermalms,59.3161753,18.0626042,Private room,1311,2,279,2026-06-22,5.80,1,59,73,
667093214630285626,Cozy familyfriendly villa close to the city,25529381,1465344575058710508,Ingrid,,Älvsjö,59.27363,18.00028,Entire home/apt,,4,8,2023-08-01,0.17,2,0,0,
667406634742601505,Lägenhet på Södermalm,386218338,1469794575458688384,Smilla,,Södermalms,59.30964,18.08874,Entire home/apt,1427,2,25,2026-06-14,1.13,1,134,10,
667928985694908826,"Modern apartment, 5 minutes walk to city center",50566825,1465774917817232351,John,,Norrmalms,59.3376,18.05149,Entire home/apt,4205,3,15,2026-06-14,0.31,1,94,4,
668113672023425421,Cosy apartment on trendy Södermalm's cutest street,9308272,1462810817123440360,Hannah,,Södermalms,59.30838190000001,18.0855249,Entire home/apt,,4,13,2024-07-12,0.27,1,0,0,
668547166853708260,Lovely 1 bedroom in beautiful apartment city,211272014,1463185731079318671,Victoria,,Enskede-Årsta-Vantörs,59.29703319999999,18.0762723,Private room,,1,191,2025-06-28,3.97,1,0,0,
668665547973686787,Cosy Hornstull studio,20067799,1463098595745144532,Matthew,,Södermalms,59.31801,18.03092,Entire home/apt,,3,4,2023-08-04,0.10,1,0,0,
669196071783986683,"Cosy, central apartment in trendy neighbourhood",162216083,1468578652929898796,Linn,,Hägersten-Liljeholmens,59.30359,18.01394,Entire home/apt,,1,23,2026-06-16,0.49,1,0,6,
669408332420422653,Trevlig och rymlig villa i 3 plan med 2 altaner.,469064978,1470115047067711343,Martin,,Spånga-Tensta,59.36813,17.9164,Entire home/apt,2853,5,1,2022-08-07,0.02,1,362,0,
669529746789387912,Lyxig ägarlägenhet med uteplats och bastu mm.,152666461,1468497293118781134,Anna,,Hägersten-Liljeholmens,59.30145,18.00011,Entire home/apt,2026,2,124,2026-06-28,2.60,1,101,41,
670074706974882262,Radhusdrömmen i södra Stockholm,9685925,1462570706361972834,Martin,,Skärholmens,59.292931514684376,17.94568783068846,Entire home/apt,3045,2,3,2025-05-05,0.08,1,89,0,
670100137879306642,Stor lägenhet i Stockholm för hela familjen,105135724,1467263746060940883,Jan,,Farsta,59.2418618,18.0844534,Entire home/apt,,3,13,2025-07-25,0.27,1,2,1,
670111943977745770,1 bedroom apt in picturesque area,26486901,1465367591204315816,Emilie,,Norrmalms,59.34806,18.0486,Entire home/apt,1394,1,61,2026-06-01,1.28,1,3,18,
670438587774741168,Charmig tvåa i Rågsved,291083045,1469511591187758494,Petra,,Enskede-Årsta-Vantörs,59.25841,18.02923,Entire home/apt,,1,1,2023-04-02,0.03,1,0,0,
670945001657245957,Tiny comfortable room in a house full of students.,906001,1462532925073965697,Mariam,,Spånga-Tensta,59.39359,17.91673,Private room,126,27,9,2025-10-31,0.21,6,163,1,
670948992037574154,Tiny room NY in a house full of students.,906001,1462532925073965697,Mariam,,Spånga-Tensta,59.39167,17.91765,Private room,250,14,5,2026-02-28,0.14,6,272,2,
671467586264531640,Skandinavisk vindsvåning med öppen spis,1414140,1462545164565629220,Helena,,Södermalms,59.31943,18.06054,Entire home/apt,1895,4,3,2026-01-04,0.41,1,10,3,
671599314461355198,"Lux.Architect House, Large Terrace,6min to center!",445031043,1470005910159302202,Johan,,Hägersten-Liljeholmens,59.303126337397494,18.0243054151908,Entire home/apt,7041,1,23,2026-06-14,0.89,1,135,10,
672420930476918989,Lower floor of 50 sqm in nice villa with parking,469827497,1470118838737757059,Annica,,Älvsjö,59.27667640000001,17.9591776,Entire home/apt,1560,3,4,2023-09-17,0.08,1,132,0,
672991074388322659,Cozy apartment in the best Stockholm area.,282097980,1469481066929366986,Elin,,Kungsholmens,59.3360543,18.0320289,Entire home/apt,,3,2,2023-07-26,0.04,1,0,0,
674531799390604990,Fantastisk lägenhet med egen uteplats,3193831,1462622271479658671,Matilda,,Södermalms,59.3177665,18.0740291,Entire home/apt,4994,7,11,2025-08-14,0.23,1,134,1,
674674575895053609,"Central 5,5:a med två kakelugnar och två balkonger",337683645,1469655833579952899,Maria,,Norrmalms,59.34083,18.04648,Entire home/apt,1337,60,0,,,1,83,0,
675152069709618971,Populärt & mysigt mindre hotell centrala Stockholm,280607063,1469475819689082766,Hotel Söder,,Södermalms,59.3156,18.07854,Entire home/apt,22995,1,0,,,4,364,0,
675406059173728571,Tiny house with private garden parking,65638984,1462769678349722038,Bonice,,Hägersten-Liljeholmens,59.29543,17.95115,Entire home/apt,1180,1,152,2026-06-26,3.18,1,13,42,
675775190304269848,Stunning 3-bed in the very heart of Stockholm,44750789,1465664349896681690,Julia,,Östermalms,59.33282,18.08121,Entire home/apt,,1,2,2022-08-05,0.04,1,0,0,
675869549818520860,Scandinavian luxury condo,21037053,1463145075444992038,Alejandro,,Hägersten-Liljeholmens,59.30516,18.03741,Entire home/apt,2401,1,132,2026-06-23,2.97,1,271,28,
676491259366991090,Fin lägenhet med uteplats,451036828,1470030722953954636,Simone,,Södermalms,59.31934,18.04918,Entire home/apt,487,69,4,2022-09-28,0.08,1,289,0,
678704322287556734,"Stor ägarlägenhet på Södermalm, 105 kvm centralt",263194484,1469391979198379751,Anna,,Södermalms,59.31689319639732,18.04861170685426,Entire home/apt,,4,5,2023-08-06,0.11,1,0,0,
678789005110716091,Bright 2.5-room apartment w/ balcony & fireplace,20297077,1463103853052533246,Lauri,,Norrmalms,59.3419937,18.0362226,Entire home/apt,1389,30,0,,,1,143,0,
679599550309144545,Fräscht rum i lägenheten vid Gullmarsplan!,339891119,1469663985894618154,Mathias,,Enskede-Årsta-Vantörs,59.2979577,18.0839638,Private room,695,2,80,2026-06-23,1.70,1,315,15,
680168306868754123,Beautiful attic in the heart of Stockholm,17973311,1463033271786352074,Alan,,Norrmalms,59.34584,18.03458,Entire home/apt,,1,2,2022-08-27,0.04,1,0,0,
680394492268645701,Nyproduktion i Farsta,437205990,1469976585673018915,Susanna,,Farsta,59.24733901589033,18.099888749420643,Entire home/apt,,2,14,2025-08-30,0.37,1,0,2,
681659412888225303,2BR with balcony and water views,135323554,1468348755002125383,Andreas,,Kungsholmens,59.32915,18.00018,Entire home/apt,2277,1,184,2026-06-28,3.87,22,13,63,
681949017433164328,"Vacker lägenhet med fyra rum, balkong, centralt",472261280,1463783719354136342,Maria,,Norrmalms,59.3444337,18.0431987,Entire home/apt,2117,21,13,2025-11-16,0.28,1,241,3,
682531494335616944,"Fin lägenhet i Vasastan, Norrmalm",472378687,1470130497034117327,Frida,,Norrmalms,59.3487652,18.0470603,Entire home/apt,,1,5,2025-07-27,0.11,1,0,2,
682915887970533243,Mysigt rum 13 min från T-Centralen i lugnt område,36255104,1462671391301846253,Viveca,,Skarpnäcks,59.29651,18.1034,Private room,,1,1,2022-08-30,0.02,2,0,0,
683072478323092263,Mysigt rum med tillgång till fin trädgård.,6400958,1462705502912476052,Victor,,Skärholmens,59.292214659802056,17.927471324801445,Private room,856,2,58,2026-06-24,1.22,1,320,22,
683458879050470375,Fin lägenhet nära Stockholm city.,345748486,1469684085275166759,Cristian,,Farsta,59.25769,18.11208,Entire home/apt,1527,4,1,2023-08-19,0.03,1,363,0,
684054590649996751,Lovely flat at Södermalm,466240843,1470101617272258638,Mattias,,Södermalms,59.30867,18.0845,Entire home/apt,,3,57,2026-06-14,1.21,1,0,11,
685377970828177958,Härlig villa med blommig trädgård och parkering,473100580,1470133731430690471,Hilda,,Farsta,59.25661769999999,18.1238543,Entire home/apt,,3,8,2025-08-02,0.23,1,0,1,
686108391894279543,"Charmerande lgh m terrass, parkering o studsmatta",28103443,1462643441104472171,Maria,,Hägersten-Liljeholmens,59.3,17.99022,Entire home/apt,841,2,138,2026-06-25,2.95,1,274,42,
686191500379099891,Lägenhet med egen ingång i villa.,31130977,1465458114576215659,Ann-Marie,,Hässelby-Vällingby,59.38144999999999,17.8160376,Entire home/apt,1023,3,4,2026-06-16,1.97,1,129,4,
686567501393069158,Spacious apartment with balcony in Södermalm,58430634,1466700250593443949,Katarina,,Södermalms,59.31678,18.03148,Entire home/apt,,14,1,2023-02-25,0.02,2,0,0,
687574039880901184,Rymligt hus i idylliskt villakvarter,119961863,1468221689423804768,Sofie,,Älvsjö,59.28023,17.98702,Entire home/apt,2054,5,8,2025-07-30,0.33,1,16,3,
689001103073438002,Mysig lägenhet på Södermalm,460545679,1470074077906158083,Hannes,,Södermalms,59.31057,18.08183,Entire home/apt,1111,1,5,2026-05-04,0.11,1,292,4,
689191402364037073,Trivsam funkistrea med öppen spis,36255104,1462671391301846253,Viveca,,Skarpnäcks,59.29462,18.10277,Entire home/apt,,2,1,2023-07-31,0.03,2,0,0,
690536306733123770,3BR Central- Royal Castle & Old Town at Your Door!,183749066,1468949651472355124,Patrick,,Södermalms,59.32376,18.07185,Entire home/apt,7498,1,147,2026-06-25,3.15,1,266,39,
691059020960493253,Spacious and cosy apartment in great location,34125542,1465499692298707142,Mert,,Östermalms,59.34207548149113,18.089886515344254,Entire home/apt,,10,0,,,1,0,0,
691647797909703875,Rum i dubblett med unik utsikt,187619748,1468971516046625610,Nathalie,,Östermalms,59.34881,18.06288,Private room,571,2,35,2026-06-28,0.74,1,11,10,
693464387707334571,Bright and central Kungsholmen apt,7084473,1462723018245706229,Jessica,,Kungsholmens,59.33786,18.02746,Entire home/apt,,2,4,2024-05-19,0.11,1,0,0,
694226929931127431,Fin lägenhet i Enskede-Årsta Vantör.,118705651,1468211884541327455,Gustav,,Enskede-Årsta-Vantörs,59.26737,18.05217,Entire home/apt,743,2,0,,,1,67,0,
694869357236377287,"stort rum, inkl frukost, tvättmaskin finns",220903811,1469166808212252436,Raisa,,Farsta,59.2487,18.05948,Private room,,2,4,2022-09-27,0.09,1,0,0,
695411270901392517,"Smart Flat w. balcony in peaceful, central distric",51002540,1465791127373831762,Fredrik,,Östermalms,59.34761,18.09362,Entire home/apt,1547,2,150,2026-03-21,3.21,20,350,33,
695641163458243747,Retro city apartment in the heart of the old town,475075951,1470141958285161137,David,,Södermalms,59.3245,18.07311,Entire home/apt,1613,2,244,2026-06-15,5.24,2,302,55,
697803293359572098,"Modernt minihus nära Stockholm city, skog och sjö",475939506,1470145517368625769,Maria,,Älvsjö,59.27201,17.99722,Entire home/apt,,5,54,2024-10-07,1.15,1,0,0,
697811334056108648,Villa med stor tomt nära strand och bad,66783636,1466825044055717841,Erica,,Hässelby-Vällingby,59.36449,17.82422,Entire home/apt,,1,8,2025-07-20,0.20,1,284,2,
698374046403692337,Lägenhet i södra Stockholm för dagsuthyrning,134060312,1468338107308828572,Nicki,,Enskede-Årsta-Vantörs,59.27943,18.06768,Entire home/apt,,1,1,2022-09-05,0.02,1,0,0,
698538995124100045,Mysig central lägenhet i Vasastan,136943970,1468362232963152686,Dezi,,Norrmalms,59.34367,18.04577,Entire home/apt,2902,1,28,2026-06-27,0.73,1,104,5,
698971270815172426,Modern stilren lägenhet i väldigt centralt läge,451216568,1470031510543215093,Victor,,Östermalms,59.3429652,18.0643671,Entire home/apt,2081,3,127,2026-06-14,2.72,1,286,35,
699737117730817573,Modern Flat w/ Balcony in Waterfront Suburb,60382478,1466742370835977491,Elias,,Hägersten-Liljeholmens,59.3054,18.03508,Entire home/apt,2085,2,174,2026-06-25,3.73,30,314,47,
701199709685100868,Newly renovated penthouse apartment on Kungsholmen,476635035,1470148365214731883,Bella,,Kungsholmens,59.331,18.04957,Entire home/apt,4550,2,206,2026-06-21,4.47,11,190,61,
701271129766782299,Cozy studio penthouse apartment on Kungsholmen,476635035,1470148365214731883,Bella,,Kungsholmens,59.33196,18.049,Entire home/apt,2192,2,138,2026-06-24,3.02,11,312,51,
701274506533894149,Modern renovated penthouse apartment in Stockholm,476635035,1470148365214731883,Bella,,Kungsholmens,59.33094,18.04958,Entire home/apt,2535,2,173,2026-06-25,3.76,11,272,54,
702584102352549675,Vi hyr ej ut via Airbnb då de ej betalar ut.,476783463,1470148959227571256,Patrik,,Hässelby-Vällingby,59.37178,17.81135,Entire home/apt,,1,7,2022-10-04,0.15,1,0,0,
703508935949737770,Flat in SoFo - Södermalm,10321817,1462837485582971980,David,,Södermalms,59.30991,18.07673,Entire home/apt,1390,5,106,2026-06-13,2.40,1,25,20,
704843519607704862,Lyxig villa med egen pool 15 min från STHLM city.,469760907,1470118454931417082,Therese,,Hägersten-Liljeholmens,59.2916195,17.9527714,Entire home/apt,5705,4,1,2024-05-19,0.04,1,364,0,
705021080180170271,Three bedroom family apartment in Kärrtorp,24293945,1462628726540622432,Fintan,,Skarpnäcks,59.28694,18.10759,Entire home/apt,,7,4,2026-02-27,0.09,1,0,1,
705149559227165145,Fresh and modern apartment,477438296,1470151525860451101,Will,,Bromma,59.36565,17.94992,Entire home/apt,1940,1,5,2025-05-26,0.12,2,180,0,
705737542459959424,Fräsch separat gästlägenhet med gratis parkering,30371274,1465446833100326228,Mats,,Bromma,59.33235,17.9088,Entire home/apt,,2,26,2024-09-02,0.56,1,0,0,
706419846194589911,Lägenhet i centrala Stockholm.,351353324,1469700659823441106,Sara,,Norrmalms,59.347034,18.0643732,Entire home/apt,,2,25,2025-06-12,0.54,1,0,0,
706975956220989838,Cozy studio at Telefonplan,271346174,1463352607514495320,StayPlus,,Hägersten-Liljeholmens,59.29813,17.99795,Entire home/apt,850,1,58,2026-06-22,1.29,50,276,25,
708544252426801815,Villa med sjöutsikt & strand i närheten!,12734468,1462583644068999677,Nina,,Hässelby-Vällingby,59.36563,17.81814,Entire home/apt,4603,3,8,2025-01-19,0.18,1,349,0,
708733364488070311,MYSIG VILLA - Enskede - nära Södermalm,3110258,1462618628158794349,Josefina,,Farsta,59.27386,18.07371,Entire home/apt,3475,4,8,2026-06-07,0.19,1,287,2,
710082616346514961,SOFO apartment in the heart of Södermalm,436309350,1469973151006620546,Fredrik,,Södermalms,59.3179,18.06226,Entire home/apt,,365,2,2023-04-10,0.04,1,89,0,
710503056483408900,Studiolägenhet endast 5 min från Stockholmsmässan,448879879,1470021550927505608,Johan,,Älvsjö,59.27742,18.00391,Entire home/apt,982,2,270,2026-06-18,5.85,2,192,52,
710847201451608271,Lovely 1-bedroom apartment with large balcony,10635655,1462845768883744921,Oscar,,Kungsholmens,59.33362,18.03968,Entire home/apt,,4,1,2022-09-27,0.02,1,0,0,
711234996094955592,Lyxyachts in Stockholm or Barcelona City Center,103670971,1467244623934406743,Luxurious Yachts Stockholm AB,,Östermalms,59.33084278088688,18.082025380206495,Entire home/apt,9263,1,6,2026-06-09,0.16,2,6,2,
711625637069211798,Cosy apartment in the heart of Södermalm (SoFo),133318164,1468332013116897310,Sara,,Södermalms,59.30918882935018,18.08255396783352,Entire home/apt,2454,5,36,2026-06-23,0.79,2,312,12,
711973071016066169,Cozy wellplanned apartment on Södermalm,158434509,1468543354472460231,Camilla,,Södermalms,59.31599,18.05278,Entire home/apt,2242,2,185,2026-06-27,4.03,1,131,38,
713554707727765146,"Central city apartment nearby the lake ""Mälaren""",23250856,1465270677563896013,Henrik,,Kungsholmens,59.32758,18.03777,Entire home/apt,,10,1,2022-11-09,0.02,1,0,0,
714200671620770427,Lovely apartment at Södermalm,370817394,1469750183153846757,Therese,,Södermalms,59.3132,18.07687,Entire home/apt,2896,1,37,2026-02-22,0.83,1,31,8,
714539267519942988,Modern villa i lugnt läge 25 min från Stockholm C,479251434,1470158926482704940,Torbjörn,,Farsta,59.25896,18.11973,Entire home/apt,,4,1,2022-11-06,0.02,1,0,0,
715782078995598920,Cozy room in the middle of Södermalm,19968436,1463095835487493084,Ayse,,Södermalms,59.30936,18.08261,Private room,,3,31,2026-06-13,0.68,2,0,12,
715934767641008854,Fint boende (tre rok) i Gröndal med sjöutsikt,5623461,1462685280396445208,Sebastian,,Hägersten-Liljeholmens,59.31659,18.00898,Entire home/apt,,3,19,2025-08-06,0.43,1,0,2,
717221092905928685,Peaceful top-floor apartment with large balcony,268961585,1469421443378163381,Hanna,,Hägersten-Liljeholmens,59.30007,17.98966,Entire home/apt,1736,1,11,2025-01-07,0.43,1,346,0,
718679622547928019,2-bedroom condo in Bromma,77635794,1466951851257067401,Jasmine,,Bromma,59.33734,17.94277,Entire home/apt,,30,0,,,1,0,0,
720083776330842193,Sleek studio w/ balcony in new building,135323554,1468348755002125383,Andreas,,Norrmalms,59.34822,18.0382,Entire home/apt,1753,1,179,2026-06-27,3.91,22,326,47,
720261685548315834,Family 4-bedroom villa with fireplace and sauna,220860397,1469166418597195468,Sofia,,Bromma,59.31884,17.95175,Entire home/apt,3800,2,66,2026-06-07,1.47,21,281,19,
720801356674458241,Fin vindsvåning med terrass,183291510,1468947076973560538,Oskar,,Kungsholmens,59.32665,18.01186,Entire home/apt,2283,1,15,2023-07-30,0.34,1,62,0,
723810593568665383,Spacious 1-bedroom apartment in Bromma-Blackeberg!,20153703,1463100478686878053,Mikael,,Bromma,59.34736,17.88513,Entire home/apt,543,10,0,,,1,344,0,
723849264982905686,One bedroom apartment at top floor with balcony,302740577,1469551602884075147,Måns,,Bromma,59.33732,17.97723,Entire home/apt,554,28,19,2024-06-02,0.44,1,230,0,
723902360737099814,Lovely and top renovated condo in Kungsholmen,480993528,1470166150528798329,Amelie,,Kungsholmens,59.33309,18.03914,Entire home/apt,,4,1,2022-10-12,0.02,1,0,0,
724275239030369663,Lägenhet i lugnt område nära tunnelbana och affär.,481063447,1470166301812046802,Peter,,Bromma,59.334555391510094,17.981409542262554,Entire home/apt,,2,79,2026-04-25,1.77,1,0,18,
724694521129334759,Boende med egen ingång på bästa adress,109030561,1467320466951436689,Carl,,Norrmalms,59.33974429566033,18.03536418825388,Private room,,2,40,2024-09-23,1.04,1,0,0,
727288535160287754,Newly built apartment in a quiet residential area,252276377,1469336636360530157,Ylva,,Älvsjö,59.2700322,17.9723485,Entire home/apt,1136,2,140,2026-06-14,3.12,2,319,34,
728706245035788075,Penthouse with Private Sauna & Heated Glass Lounge,190054861,1468986184934618124,Peter,,Hägersten-Liljeholmens,59.30522,18.03747,Entire home/apt,6876,3,120,2026-06-13,2.70,1,219,41,
728764956693257549,"Cosy apartment at Södermalm, Stockholm",22851357,1463190030387722810,Stina,,Södermalms,59.32059,18.03916,Entire home/apt,,200,8,2023-08-26,0.22,1,0,0,
728889107618733892,"Cozy, central rooftop apartment with 2 balconies",48475946,1465734378795906919,Cecilia,,Kungsholmens,59.33026,18.04642,Entire home/apt,1506,3,7,2023-07-13,0.16,1,273,0,
730248664478957158,Trevlig lägenhet 50 minuter från City,172622990,1468675531792855831,Lina,,Hässelby-Vällingby,59.36186,17.89577,Entire home/apt,571,3,10,2026-06-13,0.83,1,10,10,
732976594418831691,Del av fin lägenhet på Kungsholmen med egen ingång,166621834,1463033307975648386,Katarina,,Kungsholmens,59.33157,18.02399,Entire home/apt,,1,16,2023-04-09,0.37,1,0,0,
732985520981025433,Fin lägenhet i Hammarby Sjöstad.,30658514,1465451129942935460,Carolina,,Södermalms,59.30433790000001,18.1074,Entire home/apt,2383,3,9,2025-08-19,0.25,1,25,3,
734692085352736313,Fin 40-tals lägenhet i Årsta,32924009,1465482334551272706,Maja,,Enskede-Årsta-Vantörs,59.2971,18.0507,Entire home/apt,,10,0,,,1,0,0,
734785293192602344,2 bedrooms flat in Södermalm,399525152,1469835620786811187,Richard,,Södermalms,59.31542,18.04793,Entire home/apt,,1,30,2024-12-25,0.67,3,0,0,
735406208874323613,Room with fireplace 9000kr/month,34989734,1462667187967935033,Katja,,Enskede-Årsta-Vantörs,59.27888,18.03682,Private room,570,1,43,2026-01-03,0.95,3,335,10,
736032697459692050,"Central, mysig lägenhet med balkong",134402703,1468340931579011631,Maja,,Skarpnäcks,59.29621083923831,18.08951253016359,Entire home/apt,,50,10,2025-09-27,0.22,1,0,1,
736662188619828534,Lägenhet i bottenplan av villa,6569555,1462709781536533150,Viktoria,,Hägersten-Liljeholmens,59.29779,17.9631,Entire home/apt,1738,2,22,2026-06-10,0.51,1,334,3,
736872702374329513,Barnvänlig lägenhet i slottsmiljö,8079297,1462748586835604929,Charlotte,,Bromma,59.34027,17.96558,Entire home/apt,,4,1,2023-07-15,0.03,1,0,0,
737684226996977868,Modern 2a i Älvsjö med gratis parkering,238788306,1469270401832766422,Joanna,,Enskede-Årsta-Vantörs,59.28987,18.03135,Entire home/apt,,7,0,,,1,0,0,
738152560922606031,"Trevligt och centralt minihus, nära Älvsjömässan.",200339990,1469045380875057680,Valentina,,Enskede-Årsta-Vantörs,59.27082,18.02197,Entire home/apt,771,2,145,2026-06-26,3.25,1,294,57,
738353308699425031,Trevlig villa nära Sthlm city,105821661,1467283797864513775,Sten,,Älvsjö,59.2798,17.966,Entire home/apt,,1,2,2023-03-05,0.05,2,0,0,
739077564951396300,Mysig lägenhet nära till natur och centrum,483836205,1470178435823747730,Guissela,,Älvsjö,59.279922,18.0128046,Entire home/apt,1271,2,0,,,1,338,0,
739665142238893601,"Spacious, cozy apartment at the heart of Stockholm",415519381,1469890162210149775,Susanne,,Kungsholmens,59.3318324,18.0151826,Entire home/apt,3367,1,144,2026-06-11,3.37,1,311,35,
740311049790704620,Cozy studio in the heart of Old town,390614369,1469808125298954547,Bella,,Södermalms,59.32443,18.07448,Entire home/apt,2178,2,197,2026-06-24,4.44,16,295,55,
740601701805933380,Studio med karaktär 10 min fr stan,23017927,1463194120989903366,Anett,,Farsta,59.2560546,18.1062091,Entire home/apt,1501,1,33,2026-06-16,0.75,1,210,7,
742380180177183738,Fin lägenhet på Bandhagen Stockholm,406625068,1469859397117314430,Shahadat,,Enskede-Årsta-Vantörs,59.2636148,18.010173,Entire home/apt,,3,11,2026-06-22,0.24,1,6,3,
743505254161383530,Charmigt sekelskifteshus nära sjö,69767393,1466863585811768422,Erik,,Älvsjö,59.27541,17.95832,Entire home/apt,3310,1,11,2025-08-02,0.30,1,168,1,
744101530093510187,Beautiful and spacious 2 bedroom appartment,59358204,1466715150448497877,Christian,,Hägersten-Liljeholmens,59.30282,18.00822,Entire home/apt,,5,2,2025-11-23,0.05,1,0,1,
744667921084080340,Ägarlägenhet med balkong och takterrass i huset,135068624,1468346557790592052,Jean-Pierre,,Östermalms,59.34908,18.09893,Entire home/apt,3471,1,0,,,1,365,0,
744717161450062633,"Cosy bedroom, 12 mins from Södermalm",4275178,1462652369782422729,Kate,,Enskede-Årsta-Vantörs,59.26644535841313,18.036816337502483,Private room,,2,2,2026-06-14,1.71,1,0,2,
745368900455126501,Villa with spa & child friendly garden in Bromma,34932671,1465515456117003459,Helena,,Bromma,59.32699,17.9726,Entire home/apt,4707,4,13,2026-01-02,0.36,1,14,4,
745587595168002853,Bright cozy apartment next to Södermalm,95859052,1467154682533166324,Léon,,Hägersten-Liljeholmens,59.30553,17.99708,Entire home/apt,,1,0,,,1,0,0,
745652802148996527,Modernt parhus med gratis parkering nära Sthlm C,478391166,1470155333296024617,Sofie,,Älvsjö,59.28111,17.99261,Entire home/apt,,2,6,2023-02-25,0.14,1,0,0,
748136187546960194,One well furnish bedroom available in Kista Center,172861364,1468677646093118400,Manohar,,Rinkeby-Tensta,59.40202,17.94262,Private room,342,20,1,2024-05-02,0.04,1,342,0,
748199855050708113,Stunning 19th century home in modern scandi design,346654718,1469686783862944664,Oscar,,Norrmalms,59.34179329999999,18.0361275,Entire home/apt,,5,6,2024-01-02,0.16,1,0,0,
749066432498087586,"Duplex apartment in Old Town 110 m²/1,180 sq ft",65698908,1466812409551702363,Pär,,Södermalms,59.32412,18.07486,Entire home/apt,,14,9,2025-12-23,0.26,1,8,2,
749651285872917342,VYN 3.0 - Suite Deluxe,361529221,1469725475544260882,Martin,,Södermalms,59.31927,18.05646,Entire home/apt,25714,7,1,2026-03-22,0.30,5,365,1,
750502831835664389,A Nice place/Stockholm Central,485890050,1470187273508091431,Gibbie,,Norrmalms,59.3352285,18.0523452,Entire home/apt,,3,12,2026-04-26,0.31,1,0,3,
751113714236952723,Modern home located in Stora Mossen,29216177,1465430513464761050,Mc,,Bromma,59.33579,17.96692,Entire home/apt,2894,1,3,2026-05-30,0.07,3,253,1,
751209546996874850,Modern studio w/ private balcony,60382478,1466742370835977491,Elias,,Norrmalms,59.34785,18.03836,Entire home/apt,1657,1,282,2026-01-24,6.38,30,324,6,
752590845504695126,Sommarhus på ö i Stockholm,486293391,1470189024877485909,Annelie,,Hässelby-Vällingby,59.365421,17.8022243,Entire home/apt,3424,1,8,2025-06-15,0.21,1,23,0,
752750801583498829,Bright apartment in trendy SoFo,15851099,1462972249202580115,Barbara,,Södermalms,59.313148,18.07712,Entire home/apt,3562,1,136,2026-06-18,3.87,1,56,53,
752800671385386447,Lovely 4 -bed room rental unit with free parking,486323479,1470189132178454610,Mirza,,Rinkeby-Tensta,59.3964,17.94964,Entire home/apt,499,90,0,,,1,365,0,
753481457493991527,Gula Villan i lugna Enskede,486446725,1470189607620749473,Christine,,Enskede-Årsta-Vantörs,59.27922,18.08296,Entire home/apt,2534,5,2,2026-05-12,0.05,1,323,1,
753517243321363085,"Gästhus i idylliska Herrängen, Stockholm.",141967571,1468402777370539943,Stina,,Älvsjö,59.27424,17.9628,Entire home/apt,1552,1,21,2026-06-25,0.48,1,121,5,
754273162122083427,Lovely condo in Södermalm,16200447,1462980961096100252,Neva,,Södermalms,59.31587,18.08477,Entire home/apt,1056,1,23,2023-10-01,0.52,1,6,0,
754401494758005813,Townhouse in Björkhagen,84744870,1467023133955748686,Noa,,Skarpnäcks,59.29217,18.11129,Entire home/apt,,5,1,2023-08-14,0.03,1,0,0,
755129398377722211,The Little Red Swedish house -Studio apartment,486776732,1470191004613267631,Preeti,,Älvsjö,59.28694,17.99189,Entire home/apt,1416,2,36,2026-06-23,0.82,1,303,10,
755146977323087750,Stor villa i Bromma,102733089,1467232691968325071,Danielle,,Bromma,59.34552,17.89885,Entire home/apt,,3,2,2024-07-27,0.06,1,0,0,
755800073690354078,"7 minuter promenad till T bana, 25 min. till City",40503118,1465603632548540595,Nina,,Enskede-Årsta-Vantörs,59.257307,18.0337229,Private room,566,1,9,2026-06-14,0.21,1,153,2,
756238123601694528,"Mysig villalägenhet i Bromma, 19min till City.",3684228,1462636998179533768,Jessica,,Bromma,59.3238403,17.9375234,Entire home/apt,2073,2,42,2026-06-15,0.96,1,264,9,
757653490224126315,Fint rum nära till allt / Room centrally located,20833172,1463139857813742481,Ruth,,Älvsjö,59.28201,18.00676,Private room,636,1,29,2026-06-28,0.70,1,198,6,
759366191232765010,Top floor apartment in Södermalm,32190011,1465472877983148114,Emmet,,Södermalms,59.30846,18.0832,Entire home/apt,3341,4,1,2025-08-17,0.09,1,333,1,
759666179018569489,Cozy & Modern Södermalm apt,487618720,1470194473986255165,Daniel,,Södermalms,59.31686099999999,18.0538049,Entire home/apt,1471,2,194,2026-06-13,4.58,1,208,60,
761452649288903577,Private apartment in my house,168568871,1468630423166829535,Casper Fredrik,,Farsta,59.2724604,18.090343,Entire home/apt,1219,1,197,2026-06-14,4.48,1,309,47,
763023899985424905,Home away from home,488240477,1470197297744311081,Hannah,,Enskede-Årsta-Vantörs,59.26668,18.04119,Entire home/apt,,2,6,2024-06-04,0.14,1,0,0,
765144021530525016,Central lägenhet med 5 rum,488614269,1470199061635979391,Johan,,Skarpnäcks,59.28854,18.10352,Entire home/apt,,6,6,2024-07-28,0.14,1,0,0,
766337781466240239,Stay cosy and big at Nytorget,23760701,1465278239941005968,Ancis,,Södermalms,59.3146,18.08331,Entire home/apt,4949,3,40,2026-06-22,0.94,1,32,11,
766538312920364102,Loft with a view,367099807,1469740170271542345,Stefan,,Södermalms,59.316853755342365,18.02981436252594,Entire home/apt,2853,1,77,2026-06-17,1.78,1,236,13,
767361080667613856,Cozy one bedroom apartment,5431556,1462680678361685240,Julia,,Hägersten-Liljeholmens,59.30122,17.99865,Entire home/apt,,5,0,,,1,0,0,
767904301952161348,Väldigt mysig lägenhet i Gamla Enskede,489064588,1470201281531116076,Göran,,Enskede-Årsta-Vantörs,59.28214,18.0903,Entire home/apt,1712,1,29,2026-06-25,0.68,1,315,5,
769562347460528969,Södermalm - Liten lägenhet,444602501,1470004336496467415,Tore,,Södermalms,59.309522873807445,18.066977709531784,Entire home/apt,,2,145,2026-06-28,3.72,1,41,34,
770077090752909627,Elegant apartment in upscale district,51002540,1465791127373831762,Fredrik,,Östermalms,59.33704,18.08222,Entire home/apt,3209,1,202,2026-06-14,4.76,20,345,69,
771930985613494470,Cozy Stockholm apartment,77542168,1466950442516293042,Mathias,,Södermalms,59.31474,18.06017,Entire home/apt,,2,19,2025-09-01,0.44,1,0,4,
772239814708105706,Cosy apartment in Södermalm,28907642,1465426151466949037,Nik,,Södermalms,59.31446,18.06199,Entire home/apt,,3,11,2025-07-31,0.33,1,0,1,
772366545171851013,Fräsch lägenhet i Stockholm city,76622859,1466939511535934524,Helena,,Norrmalms,59.3400889,18.060578,Entire home/apt,,1,22,2024-06-02,0.52,1,0,0,
772515434585891164,Cozy House Great For Families,7063090,1462722482206955979,Tiina,,Hägersten-Liljeholmens,59.30508,17.9739,Entire home/apt,,5,0,,,1,0,0,
773704572815201983,Open-planned flat in nice area,103085197,1467237515113381509,Rebecka,,Hägersten-Liljeholmens,59.31444,18.00059,Private room,,2,1,2023-10-22,0.03,1,0,0,
773729093162119909,Lägenhet i Gröndal Stockholm,96567629,1467163368887847850,Katarina,,Hägersten-Liljeholmens,59.31668,17.99983,Entire home/apt,,1,0,,,1,0,0,
773899870063926890,"Room-1 for GIRL only,  min. 5 month.",11384441,1462863582900402884,Evi,,Hässelby-Vällingby,59.36838,17.84273,Private room,220,7,3,2025-01-23,0.07,2,364,0,
773918976870880469,Independent Cozy apartment in husby,477268302,1463794659143984762,Vidhi,,Rinkeby-Tensta,59.41274753477256,17.923999205231667,Entire home/apt,1385,2,42,2026-05-24,0.98,1,161,3,
773919136111465825,Room-1 for GIRL only.  Minimum 5 month.,11384441,1462863582900402884,Evi,,Hässelby-Vällingby,59.36967001631103,17.843430672841855,Private room,221,6,3,2024-08-08,0.07,2,364,0,
773935750310374393,Modern stay at Stockholm,490099549,1470206295464232748,Sneha,,Rinkeby-Tensta,59.40837,17.93856,Private room,,1,20,2023-10-22,0.49,1,0,0,
773961971921253239,Radhus i Bagarmossen intill naturreservat,490104405,1470206317736626002,Emma,,Skarpnäcks,59.27565,18.14743,Entire home/apt,2244,3,7,2024-08-01,0.19,1,13,0,
774422147924073470,mysig 2a,127291736,1468279968394404646,Viktoryia,,Södermalms,59.3121178,18.0797361,Entire home/apt,,7,0,,,1,0,0,
775864818902946451,Apartment Family,186220121,1468963444505346663,Mornington Longstay,,Bromma,59.34775,17.96503,Entire home/apt,1534,5,0,,,15,215,0,
775866262456822845,Apartment Family,186220121,1468963444505346663,Mornington Longstay,,Bromma,59.34724,17.96658,Entire home/apt,659,28,0,,,15,346,0,
775875344874886942,Apartment Double,186220121,1468963444505346663,Mornington Longstay,,Bromma,59.34599,17.96607,Entire home/apt,,5,1,2023-09-16,0.03,15,0,0,
776611781564026811,Wonderful apartment in Stockholm,113378729,1468171832614231649,Anna,,Södermalms,59.31065,18.08392,Entire home/apt,,3,36,2025-12-30,0.84,1,0,7,
777895577995547710,Astonishing apartment in mansion!,17586020,1463013635819829174,Martina,,Hägersten-Liljeholmens,59.31379,18.01569,Entire home/apt,6391,2,134,2026-06-13,3.15,2,9,35,
778815364315750564,mysigt lägenhet med eget rum.,143125795,1462968549451643397,Abdulsater,,Skärholmens,59.27748,17.88478,Private room,562,1,35,2025-12-05,0.81,1,333,4,
779071866986955633,Cozy one room apartment at Södermalm,378998653,1463566106381862119,City Living,,Södermalms,59.31417,18.0626,Entire home/apt,1700,2,145,2026-06-12,3.39,6,120,27,
780477067683318559,Spacious family-friendly  apartment in Aspudden,87756386,1467054395252683545,Rolman,,Hägersten-Liljeholmens,59.3071248,17.9969218,Entire home/apt,3932,4,21,2026-02-22,0.56,1,6,5,
780891037734530418,Luxury villa w fireplace close to nature and city.,10701000,1462847559034595688,Sofia,,Bromma,59.33525729999999,17.920866,Entire home/apt,6081,2,8,2025-09-08,0.26,1,357,1,
780892921797481733,"Central Södermalm, design/clean",10658836,1462575232840940347,Berferati,,Södermalms,59.3163675,18.0736041,Entire home/apt,11101,3,7,2023-12-30,0.16,2,353,0,
780943483943240534,Ljus och stilren tvåa nära Stockholm city,106582881,1467292316854837270,Fredrik,,Hägersten-Liljeholmens,59.2975653,17.9852157,Entire home/apt,1085,1,0,,,1,190,0,
783812070735047861,Room Close to Avicii  and Tele2 arena,491753196,1470214270129118440,Mardin,,Enskede-Årsta-Vantörs,59.28906079999999,18.0936083,Private room,,1,33,2024-07-20,0.79,1,0,0,
783933991389993749,"Central studio flat in SoFo, Södermalm",97151832,1467170342978675709,Siri,,Södermalms,59.30876,18.0799,Entire home/apt,,2,11,2023-03-12,0.26,1,0,0,
785828616605607136,"Gärdet/Östermalm, 4 beds, 87 kvm",40360331,1465601645273822572,Jennie,,Östermalms,59.34232998870846,18.110552541911602,Entire home/apt,2379,2,28,2026-06-28,0.73,1,313,16,
787040907653164937,"Liten, mysig 2:a",389873769,1469805969224846029,Julia,,Kungsholmens,59.319324866105674,17.989972159266472,Entire home/apt,,2,5,2023-08-27,0.13,1,0,0,
787710924538705738,Söder this summer,245869621,1469304338750697411,Karin,,Södermalms,59.310942495297056,18.088466339973596,Entire home/apt,877,21,0,,,1,180,0,
789672202999694996,Cozy apartment close to metro.,469528727,1470117250791285883,Carl,,Enskede-Årsta-Vantörs,59.26308,18.04215,Entire home/apt,,2,1,2023-01-26,0.02,1,0,0,
790360771351398654,Villa i högt & ljust läge - lugnt och nära city!,32514805,1465477125433593250,Johan,,Bromma,59.33738009999999,17.9720103,Entire home/apt,2696,7,8,2025-08-13,0.22,1,319,3,
790476856798632623,"Old Town, Unique 2-Bedroom flat!",293706726,1469518606984092446,Inna,,Södermalms,59.32417009034588,18.070422259089035,Entire home/apt,3842,2,140,2026-06-21,3.39,2,319,37,
790676336198373384,Old Town Apartment,98254434,1467182305986190170,Robert O Yasmin,,Södermalms,59.32498,18.07541,Entire home/apt,2800,2,199,2026-06-07,4.66,4,299,63,
791882402016602057,Mysig lägenhet i Stockholm stad,493068067,1470220072352935353,Nazar,,Östermalms,59.3484672,18.0991903,Entire home/apt,1998,1,129,2026-06-15,3.12,1,307,42,
792433644479186644,tiny home,493282997,1470220988114156482,Linus,,Hägersten-Liljeholmens,59.28687121227277,17.967848784723174,Private room,108,1,0,,,1,98,0,
792813642592952320,Cozy Apt in Stockholm,37860219,1462676604476211828,Rebecca,,Hägersten-Liljeholmens,59.30204,18.0086,Entire home/apt,,2,3,2024-07-20,0.08,1,0,0,
792823761787483631,Familjehus med stor trädgård nära Stockholm city,92224367,1467113960205591807,Dan,,Skarpnäcks,59.27912107834842,18.11511105649627,Entire home/apt,3381,3,17,2026-05-31,0.51,1,13,4,
792853715553823594,"Mysig 1,5 på Kungsholmen",168416070,1468628932772582693,Helene,,Kungsholmens,59.33333,18.01649,Entire home/apt,1680,2,26,2025-10-12,0.87,1,31,6,
793346562094974952,"Whole upper floor in idyllic Älvsjö, Stockholm",493472989,1470221806817979736,Kerstin,,Älvsjö,59.2832365,17.9784925,Private room,970,2,88,2026-06-22,2.14,1,62,25,
794586048818159511,Fin lägenhet 400m promenad från Älvsjö station,29086952,1465428723395783398,Emma,,Älvsjö,59.27676748072055,18.005207777023315,Entire home/apt,,3,2,2023-02-19,0.05,1,0,0,
794847925479765474,4 Room Apartment in Stockholm excellent location,54967344,1465901074384772855,Rajan,,Skarpnäcks,59.26570111842284,18.13270365819703,Entire home/apt,2263,1,4,2024-08-14,0.11,1,201,0,
794876956125532544,Lugn oas med stor takterrass,135829049,1468353209211857505,Catrin,,Hässelby-Vällingby,59.36763,17.82557,Entire home/apt,,4,9,2026-06-07,0.25,1,0,3,
795575396492210844,Nice apartment close to nature,40928505,1465609131604619828,Nila,,Rinkeby-Tensta,59.3928269,17.9309918,Entire home/apt,661,5,5,2026-05-24,0.13,2,156,3,
795658908358775128,Beautiful private room in shared apartment,1352408,1462543490729191277,Olle,,Älvsjö,59.280018202397216,18.009592411750837,Private room,480,14,35,2026-06-01,0.86,1,303,7,
795791294326966285,Rum i Fruängen,200098786,1469043857012343471,Peter,,Hägersten-Liljeholmens,59.28234,17.96522,Private room,,2,9,2023-09-18,0.22,2,0,0,
797681761503511306,Studio living at Telefonplan,271346174,1463352607514495320,StayPlus,,Hägersten-Liljeholmens,59.29947,17.99605,Entire home/apt,876,1,46,2026-06-20,1.21,50,289,9,
799050458264018278,Lux 2-story apt w/ terrace in best part of town,90762210,1467097914573710087,Axel,,Östermalms,59.34193846858358,18.091291277945352,Entire home/apt,2770,2,216,2026-06-17,5.45,2,255,62,
799955176689838260,"A “green” designer heaven, in Eatery district",148214796,1468451978217944664,Celia,,Norrmalms,59.34693,18.05881,Entire home/apt,1712,7,2,2023-06-25,0.05,1,130,0,
800095156678961170,Mysigt lägenhet mitt på Södermalm,84430507,1467019896687313104,Moa,,Södermalms,59.308730035119055,18.077588193118572,Entire home/apt,,2,15,2025-02-16,0.37,1,0,0,
801311519698338928,Penthouse with amazing views,495327997,1470229393094659452,Ida,,Norrmalms,59.34645,18.033,Entire home/apt,,60,0,,,1,173,0,
801341078703624552,Beautiful two-floor apartment at Karlaplan,22876006,1462623004876155870,Bella,,Östermalms,59.34087,18.08936,Entire home/apt,,3,24,2025-01-02,0.57,44,0,0,
801352906398351347,Fin tvåa hyra ut lugnt område,495340489,1470229446878230387,Michelle,,Hässelby-Vällingby,59.366,17.83125,Entire home/apt,1178,3,0,,,1,365,0,
801970558644958201,Cozy newly furnished apartment,110142890,1467332264900205670,Hafsah,,Bromma,59.33912,17.93543,Entire home/apt,1100,2,15,2025-09-13,0.41,1,101,1,
802131969372317269,Lägenhet i centrala Södermalm,7153114,1462724804242633236,Gabriel,,Södermalms,59.312410981409805,18.065936746036687,Entire home/apt,1769,2,27,2026-05-25,0.66,1,3,8,
802218132666727188,Renovated House with Garden – Central Enskede,4325130,1462653760944073074,Maria & Mikael,,Enskede-Årsta-Vantörs,59.28466599999999,18.070304,Entire home/apt,4270,3,6,2025-08-23,0.17,1,40,1,
803002430890708265,Room with climbing wall + desk,23541339,1465274653181823173,Christian,,Bromma,59.33542711483193,17.952133107934575,Private room,902,1,41,2026-06-11,1.12,4,149,22,
803242871294455379,Luxurious apartment at heart of Södermalm,29121288,1465429162284929811,Roshan,,Södermalms,59.3159104,18.0762553,Entire home/apt,,10,0,,,1,0,0,
803595151975902155,Totalrenoverad lägenhet,21978817,1463168536172728838,Marie,,Östermalms,59.3401009,18.0697332,Entire home/apt,,7,8,2025-07-18,0.21,1,0,2,
804875800018687573,Spacious & light 105m2 apartment SoFo,457254360,1470058323946175179,Isabelle,,Södermalms,59.313558500032656,18.07375720608217,Entire home/apt,1745,1,18,2025-09-07,0.43,1,282,2,
805094835765929012,Modern quiet apartment by Odenplan,6700662,1462713091917037553,Sandra,,Norrmalms,59.34403,18.05059,Entire home/apt,6398,1,1,2023-08-25,0.03,1,153,0,
805172032367402384,Two bedroom apartment 12 min from the center,22713722,1463186556653301094,Magnus,,Hägersten-Liljeholmens,59.29781,17.98302,Entire home/apt,,6,19,2026-05-09,0.47,1,1,3,
805607319721688732,Beautiful accommodation near Stockholm City,280831170,1469476911003298169,Elin,,Bromma,59.32892,17.97315,Entire home/apt,2118,3,12,2026-06-19,0.32,3,288,3,
805863863688558401,Center of Södermalm,492038238,1470215531746835575,Michele,,Södermalms,59.3139755,18.0701224,Entire home/apt,2169,1,10,2024-05-03,0.24,1,1,0,
806423179863003832,Penthouse - Balcony - Central,137040224,1468363024301148983,Sofia,,Södermalms,59.32383879999999,18.0706243,Entire home/apt,5123,1,159,2026-06-12,3.89,1,249,24,
806552801220772693,"Modern Cozy Apartment in Iconic 79&Park, Stockholm",274854297,1469450036557346351,Dani,,Östermalms,59.3403961,18.1123059,Entire home/apt,5071,1,4,2026-06-24,0.31,1,12,2,
807285844642861560,Family friendly villa,16393697,1462985619385113367,Sara,,Enskede-Årsta-Vantörs,59.275238278048796,18.017913927890415,Entire home/apt,3350,5,3,2026-01-03,0.13,1,13,2,
807725510461190605,Stylish apartment in the Old Town,496877243,1470235674328132542,Gabriella,,Södermalms,59.32518050287225,18.07301820453887,Entire home/apt,2482,2,261,2026-06-22,6.30,3,298,77,
809193078736921432,Cozy apt 11 min from Södermalm,127869400,1468284872521278398,Johan,,Hägersten-Liljeholmens,59.28387029999999,17.9680987,Entire home/apt,707,12,4,2023-10-31,0.10,1,93,0,
810205577417208950,Välvårdad sekelskiftesvilla,8041129,1462747656476382297,Michael,,Älvsjö,59.27508,18.0016,Entire home/apt,3470,3,18,2026-05-29,0.47,1,87,5,
810209068534980025,Charmig lägenhet i Stockholm,18281733,1463040436618597121,Felisa,,Norrmalms,59.34552347917889,18.059264298746818,Entire home/apt,1998,2,12,2026-05-17,0.31,1,5,2,
810571394756097391,Villa - Nature & Culture close to Stockholm,65171174,1466805751436685365,Anna,,Bromma,59.32803,17.925541,Entire home/apt,2016,2,4,2025-08-09,0.11,1,126,1,
810778256825876414,"500m to central station, lake view",497430578,1470237912813386501,AWA Och RONAK,,Kungsholmens,59.33181,18.04989,Entire home/apt,,2,119,2025-07-10,2.86,1,0,2,
811492481155781177,Fresh 2.5 room apartment on  Södermalm,70135493,1466868308203990429,Julie,,Södermalms,59.31589,18.09015,Entire home/apt,,120,2,2023-07-29,0.05,1,0,0,
812012719291022707,Nyrenoverad 2:a i mysigt område,497861352,1470239629994824711,Nathalie,,Bromma,59.34603,17.96964,Entire home/apt,,1,0,,,2,0,0,
813529014961512551,Room with sofa,34989734,1462667187967935033,Katja,,Enskede-Årsta-Vantörs,59.278867123686794,18.036155429577633,Private room,742,1,8,2026-06-15,0.20,3,357,3,
814220625612964105,Villa Enskede,143903093,1468417539454096856,Niklas,,Farsta,59.2782163,18.0741088,Entire home/apt,2853,4,14,2026-06-16,0.36,2,11,4,
814557765065098025,Room in beautiful and cozy place,6652115,1462711904769718052,Adriana,,Skarpnäcks,59.27941,18.13348,Private room,,5,0,,,1,0,0,
815282282556965409,Stor villa med lummig trädgård,2279579,1462590879059690248,Maria,,Bromma,59.32220678173667,17.93640290793457,Entire home/apt,4906,5,2,2024-08-17,0.06,1,187,0,
815857633552380508,Fint radhus med plats för många i bästa Hökmossen!,127173906,1468279025643184160,Ann,,Hägersten-Liljeholmens,59.2916993162329,17.989581547593925,Entire home/apt,3081,3,21,2026-06-03,0.53,1,290,3,
816338761436857954,"Villa med SPA nära t-bana, 20 min från Stockholm C",333127820,1469642520984067567,Monika,,Bromma,59.34585092314661,17.902916403779635,Entire home/apt,3582,5,3,2025-07-23,0.08,1,143,1,
817152669595362472,Waterfront studio with balcony,135323554,1468348755002125383,Andreas,,Kungsholmens,59.33054,17.99875,Entire home/apt,1347,1,169,2026-06-27,4.09,22,22,57,
817218410149424579,Topplägenhet i Hägerstensåsen,462048734,1470081587631417130,Linn,,Hägersten-Liljeholmens,59.29988331012718,17.981902053442393,Entire home/apt,1998,2,5,2025-09-02,0.13,1,82,1,
818220101982001906,Cozy home in Southern Stockholm,34503018,1462665536600731047,Tania,,Älvsjö,59.285453594236635,18.011514459402072,Entire home/apt,1645,2,9,2025-08-17,0.22,6,204,2,
818730582145175273,Spacious cozy Sofo appartment,78535274,1466961557435065525,Eva,,Södermalms,59.31444,18.07862,Entire home/apt,,3,4,2024-07-21,0.11,1,0,0,
819290003832502572,Mysig lägenhet på Kungsholmen,23782569,1465278554885373072,Maja,,Kungsholmens,59.33007779999999,18.0374088,Entire home/apt,3424,3,8,2025-08-07,0.31,1,94,3,
819387983279289681,"Rymligt radhus i Enskede, 10 min från Stockholm",449108701,1470022594515618975,Frida,,Enskede-Årsta-Vantörs,59.27859,18.04325,Entire home/apt,2314,5,5,2025-08-01,0.14,1,55,2,
819610860110936396,Family friendly villa in Solhem,139717758,1468384092435774044,Lotta,,Spånga-Tensta,59.37631738984878,17.896016724407673,Entire home/apt,4865,2,6,2026-06-21,0.15,1,51,1,
820745358588537821,Rum nära stan uthyres,22359445,1463177856385451850,Felicia,,Enskede-Årsta-Vantörs,59.29806230000001,18.0773326,Private room,685,2,52,2026-06-24,1.28,1,25,12,
820779190997429967,"Lägenhet i Hornstull, Södermalm",8647612,1462772776877445976,Erik Alexander,,Södermalms,59.31543,18.03134,Entire home/apt,1506,4,2,2025-08-03,0.06,1,19,1,
820808234312971256,Beautiful apartment in the heart of Stockholm!,324577201,1463454243891376818,Dali Albert,,Kungsholmens,59.33282,18.01799,Entire home/apt,1265,1,20,2026-06-17,0.57,2,317,11,
820839222335400807,Charmigt hus 15min från Sthlm,5800558,1462689966095342814,Pernilla,,Spånga-Tensta,59.37919,17.89633,Entire home/apt,,6,0,,,1,0,0,
820843015367341046,Mysigt radhus för barnfamiljen,38249775,1465572326189187414,Ingela,,Skarpnäcks,59.27409,18.11372,Entire home/apt,,4,9,2025-07-30,0.25,1,4,4,
820929836029847684,Ljuvlig lägenhet vid Skanstull,388794988,1469802627896873609,Björn,,Södermalms,59.30272809163903,18.081182949791263,Entire home/apt,,3,1,2023-04-09,0.03,1,0,0,
821807161361340553,Smart studio in trendy SoFo,60382478,1466742370835977491,Elias,,Södermalms,59.31261,18.07606,Entire home/apt,1721,1,181,2026-07-01,4.44,30,320,56,
821816432500694504,Cosy Central Apartment,17809261,1463029487058745820,Martin,,Södermalms,59.3170662,18.0756352,Entire home/apt,,1,40,2026-02-21,0.99,1,0,13,
822129286053188824,Stylish Flat w. Parkview Balcony,51002540,1465791127373831762,Fredrik,,Kungsholmens,59.33541,18.02672,Entire home/apt,2456,1,183,2026-06-22,4.45,20,13,58,
822174883175521038,Modern Studio 20 sqm including breakfast,428239101,1469940597170849932,Unity,,Södermalms,59.30269519437069,18.094130575247167,Entire home/apt,1843,1,75,2026-04-30,1.84,8,251,14,
823089918745673844,Familjevänlig och modern lägenhet Kungsholmen,83715334,1467012932856350334,Amanda,,Kungsholmens,59.33152,18.01593,Entire home/apt,,3,11,2025-07-28,0.28,1,2,2,
823547886403769582,Luxury apartment - Old Town,68822802,1466851055183137814,Yuliya,,Södermalms,59.32594357030074,18.069364132505736,Entire home/apt,3519,6,0,,,1,118,0,
823630649540173149,Tyst och exklusiv lägenhet!,499840738,1470247957075069615,Rikard,,Östermalms,59.33356,18.08506,Entire home/apt,,39,0,,,1,89,0,
823990533160992597,Spacious top floor APT in central Södermalm,14232228,1462933606893351706,Aina,,Södermalms,59.31555654357326,18.066385103655257,Entire home/apt,3067,4,23,2026-06-14,0.60,1,56,6,
825105941608669871,Perfect city living for families,46372654,1465694512143760099,Hannah,,Södermalms,59.30707,18.07823,Entire home/apt,,5,6,2024-07-31,0.15,1,0,0,
825365141336855767,Lägenhet på Södermalm,499323053,1470245897013030073,Katarina,,Södermalms,59.31426679999999,18.0621888,Entire home/apt,2664,5,7,2025-07-26,0.19,1,180,1,
825763625660869250,Gästhuset,500855142,1470252276368412741,Arvin,,Hägersten-Liljeholmens,59.30458,17.97034,Entire home/apt,1345,2,177,2026-06-27,4.63,1,115,58,
825983115454553546,Room2stay,6839482,1462716611371063569,Göran,,Norrmalms,59.34467964870027,18.032351538656364,Private room,1141,2,62,2026-05-31,1.52,1,339,11,
827136950621931813,32,449722662,1470025269166142575,Melyse,,Hässelby-Vällingby,59.361618358981424,17.842025533318516,Private room,630,1,0,,,1,363,0,
827938983593993593,Unikt och charmigt radhus,1970845,1462583073716933896,David,,Enskede-Årsta-Vantörs,59.28237,18.08107,Entire home/apt,4974,4,5,2024-08-20,0.13,1,308,0,
828094473772737007,Historically protected duplex,5414900,1462680278543533166,Gina,,Södermalms,59.3159792,18.076814,Entire home/apt,3976,3,16,2025-09-03,0.40,1,360,2,
828265308835183704,Haga Apartment 1,87213998,1462841756732397418,Ovidiu Laurentiu,,Norrmalms,59.3489488,18.0392592,Entire home/apt,1902,3,52,2026-06-26,1.28,1,278,30,
828960841580942364,Spacious Apartment for Your Comfortable Stay,501520157,1470255247497811134,Andris,,Rinkeby-Tensta,59.41569,17.90731,Entire home/apt,,2,16,2026-01-01,0.44,1,0,4,
829795531979208725,Modern lägenhet med promenadavstånd till Södermalm,57770820,1466692595770023535,Ingrid,,Södermalms,59.301656823441164,18.09624309850563,Entire home/apt,3184,2,8,2025-08-08,0.22,1,202,1,
830086433797925872,Villa i centrala Stockholm,19151897,1463070672290973508,Martin,,Kungsholmens,59.32102,17.9951,Entire home/apt,8664,1,13,2026-06-22,0.35,1,265,4,
830111906848378482,Haga Staden Flat,206697530,1469078341439132579,Monica,,Norrmalms,59.3487318,18.0395123,Entire home/apt,1712,3,3,2026-04-23,0.08,1,225,1,
830321296053671076,"Stor villa i Bromma, nära city o bad.",310718593,1469580980945402281,Sofia,,Bromma,59.32178,17.97047,Entire home/apt,6220,2,4,2026-06-17,0.11,1,305,2,
830513328167737001,Mysig etagelägenhet vid skog,23667755,1465276802482744524,Jenina,,Älvsjö,59.27249750000001,17.9886871,Entire home/apt,1099,7,7,2025-08-04,0.20,1,175,1,
830941544534221907,Charming upper Ostermalm,328638350,1469629311441009396,Christina,,Östermalms,59.34065,18.08216,Entire home/apt,,7,0,,,1,0,0,
830996097591731767,"Lägenhet, Östermalm med stor balkong",361058795,1469724302454173236,Andreas,,Östermalms,59.34638,18.08452,Entire home/apt,2054,4,11,2025-07-23,0.31,1,63,3,
831027648924797470,Modern Studio Apartment 27 sqm including breakfast,428239101,1469940597170849932,Unity,,Södermalms,59.3027357,18.0941476,Private room,2206,1,2,2023-08-13,0.06,8,249,0,
831598395594043717,Start the day with a swim in the lake,265847688,1469406020724770943,Börje,,Kungsholmens,59.31746589999999,17.9878505,Entire home/apt,,2,19,2026-06-14,0.49,2,0,9,
831618516766175969,Hus i villaidyll 15 min fr city,183539860,1468948516091913776,Gabriela,,Hägersten-Liljeholmens,59.29489,17.94919,Entire home/apt,,3,12,2026-06-26,0.33,1,0,3,
831949143250543665,Spacious Room Near Forest Trails & Fresh Air,95238766,1467147930448590379,Chacon,,Enskede-Årsta-Vantörs,59.2549305954814,18.0373469635479,Private room,714,2,3,2026-06-14,0.09,1,267,2,
833760576332700810,Queen Studio Apartment with Sofa Bed,362541894,1469727868135391449,ApartDirect,,Södermalms,59.30153019999999,18.1062014,Entire home/apt,1454,2,582,2026-06-25,14.37,22,351,226,
833959661605616719,Rum i central lägenhet Stockholm,502599370,1470259796572741161,Olga,,Östermalms,59.34345,18.11,Private room,,1,27,2023-09-24,0.67,1,0,0,
834502545251553223,Bright apartment in city center,15604947,1462966304277575472,Pauline,,Norrmalms,59.337417,18.0661849,Entire home/apt,,14,3,2024-08-08,0.08,1,1,0,
834708358780779182,Bryggan Ålsten,464832450,1470094984572940335,Johan,,Bromma,59.31879232869736,17.946435398672257,Entire home/apt,5919,3,10,2026-05-31,0.27,1,234,4,
834840310378442919,Eget rum i Stockholm,500033398,1470248862244222088,Jalil,,Rinkeby-Tensta,59.38317697518993,17.935695166096153,Private room,278,1,12,2024-09-17,0.31,1,193,0,
835342877754960147,Stor villa vid fotbollsplan,36378608,1465540340032912268,Lea & Magni,,Hässelby-Vällingby,59.3721807,17.8303606,Entire home/apt,3204,3,0,,,1,359,0,
835471596164372424,charmig Full utrustad sovrum,237547227,1469264077127385558,Berman,,Skärholmens,59.2781994,17.8881833,Private room,742,1,1,2026-04-22,0.43,1,360,1,
836992621597164750,Stylish Historic Apartment with Soul & Comfort,34985457,1465516302935404034,Anna,,Norrmalms,59.3409755,18.0612066,Entire home/apt,2000,1,4,2026-06-01,1.90,1,5,4,
838738831919432185,Cozy home in vibrant neighbourhood of Södermalm,30460761,1465448043441856046,Petra,,Södermalms,59.3160164,18.0298135,Entire home/apt,,3,3,2026-04-03,0.08,1,0,1,
839958804362144641,Stylish & spacious family home near Stockholm city,220860397,1469166418597195468,Sofia,,Rinkeby-Tensta,59.412846962602536,17.939629923278794,Entire home/apt,3535,1,131,2026-06-08,3.26,21,92,38,
840271555449562991,Lilla E,65620858,1466811524008272230,Cecilia,,Kungsholmens,59.32463,18.00689,Entire home/apt,,1,3,2023-07-29,0.08,1,0,0,
840276060224011780,Dreamhouse in Gamla Enskede,82347821,1466999263199765974,Elin,,Enskede-Årsta-Vantörs,59.283642870165856,18.080215081572533,Entire home/apt,5706,2,4,2024-05-20,0.11,1,351,0,
840408600351729349,Egen lägenhet / Hägerstensvägen Aspudden,97356698,1467172742831260484,Moa,,Hägersten-Liljeholmens,59.30472383601015,18.007213493075625,Entire home/apt,1873,9,3,2025-12-29,0.25,1,55,3,
840955885808350192,Familjevänlig villa i Solhem.,125559332,1468265403228395901,Mette,,Spånga-Tensta,59.38044,17.87695,Entire home/apt,3444,3,10,2025-08-04,0.27,1,12,4,
841270207925614167,Twin Room - No Window @ Stockholm Hostel,259019701,1463321225501228895,Marius,,Kungsholmens,59.334973360819696,18.03206233866641,Private room,729,2,124,2026-05-03,3.34,21,351,42,
841896384937481319,Classic Single Room @ Stockholm Hostel,259019701,1463321225501228895,Marius,,Kungsholmens,59.33636,18.03137,Private room,1078,2,19,2026-04-25,0.48,21,242,7,
841928075231917912,Private room central Stockholm,243353466,1463280548269275717,Rosa Aina,,Södermalms,59.30279,18.0948,Private room,1252,1,10,2026-06-25,0.25,1,54,7,
841937545824012430,Cosy room in apartment,62884716,1466776056674981370,Pernilla,,Södermalms,59.30777,18.10902,Private room,1459,1,2,2025-05-29,0.05,10,363,0,
842566152507692239,Wonderful apartment on the waterfront,501170996,1470253867661826624,Bella,,Kungsholmens,59.33874,18.0235,Entire home/apt,2276,2,136,2026-06-15,3.41,4,316,48,
843140793921611968,Cozy studio apartment,504557444,1470268239477937808,Per,,Södermalms,59.31309251882092,18.077081590890884,Entire home/apt,2283,2,96,2026-06-25,2.55,1,193,31,
843144509040278446,Hus nära city med härlig altan i solläge,109692129,1467327443517790989,Carolina,,Älvsjö,59.2740601,17.9665798,Entire home/apt,2438,6,4,2025-08-05,0.11,1,272,1,
843223852012196989,Cozy flat in the heart of SOHO.,271346174,1463352607514495320,StayPlus,,Södermalms,59.3130559,18.078561,Entire home/apt,1451,1,28,2025-12-03,0.72,50,325,5,
843255788346620086,"Renovated, styled, sun all day",53915301,1465876131201419352,William,,Södermalms,59.31642255230462,18.087439376057443,Entire home/apt,3345,2,13,2026-01-10,0.34,1,151,2,
843547258388024626,Boende nära Stockholmsmässan,115028723,1468183026595930826,Emelie,,Enskede-Årsta-Vantörs,59.27079,18.02251,Entire home/apt,1246,3,88,2026-06-07,2.20,1,204,19,
843935957695554352,"Beautiful apartment by the park, w balcony",16298631,1462983396486440010,Athena,,Östermalms,59.33845,18.07694,Entire home/apt,,4,32,2025-09-07,0.82,1,84,6,
843991569808975902,Villaidyll mitt i Mälarhöjden,213388518,1469115444278980194,Ikaros,,Hägersten-Liljeholmens,59.29467,17.95124,Entire home/apt,2637,2,8,2026-06-21,0.22,1,77,3,
845369374743174017,Bohemian Sofo studio,17170312,1463003802399388657,Malin,,Södermalms,59.31306,18.07904,Entire home/apt,,4,14,2024-09-13,0.39,1,0,0,
846182185671155032,Rum i radhus,109997126,1467330616586921123,Thea,,Farsta,59.249528032473485,18.082962334156036,Private room,,2,2,2023-06-21,0.05,1,0,0,
846186220489247426,Enskede,15650520,1462967360108285781,Tony,,Enskede-Årsta-Vantörs,59.28324,18.06661,Entire home/apt,1076,3,81,2026-06-26,2.96,1,202,39,
846344906288371181,Charming wooden house near central Stockholm,2571848,1462598908546379197,Philip,,Skarpnäcks,59.28272697922078,18.10222150991579,Entire home/apt,2912,5,0,,,1,199,0,
846962922671124258,Great studio on Telefonplan,271346174,1463352607514495320,StayPlus,,Hägersten-Liljeholmens,59.2989731,17.9970139,Entire home/apt,813,1,61,2026-05-31,1.60,50,345,20,
848232295379102730,Feel the heart of Stockholm,374684303,1469762278948718938,Allan,,Älvsjö,59.26856119999999,17.9764757,Private room,760,1,0,,,1,268,0,
849106182919084385,Modern apartment in the central city of Stockholm,276523335,1469458110671783147,Bella,,Norrmalms,59.34288,18.05758,Entire home/apt,5032,2,159,2026-06-26,4.11,4,306,49,
849217456972557632,3 Bedroom Apartment,362541894,1469727868135391449,ApartDirect,,Södermalms,59.3249171,18.0684549,Entire home/apt,4562,2,121,2026-06-07,3.15,22,275,34,
849643925074563128,"Courthouse view, private bath, central Stockholm",152553449,1462989646973659983,Shakia,,Kungsholmens,59.33116118675058,18.046786282256818,Private room,1883,1,51,2026-06-26,1.47,2,43,14,
849692813278413108,Mysigt radhus nära vattnet,6718791,1462713569207196558,Emma,,Farsta,59.23463,18.09205,Entire home/apt,,4,7,2025-08-09,0.19,1,5,4,
850493265522421995,Perfekt 2:a med magisk utsikt,86990601,1467046722659187371,Yongan,,Hägersten-Liljeholmens,59.3057823,18.0362755,Entire home/apt,,3,7,2023-07-28,0.18,1,0,0,
850767984319282663,Cozy and light apartment close to city and nature.,4334385,1462654062452532738,Fero,,Skarpnäcks,59.2987937,18.0893702,Entire home/apt,,5,0,,,1,0,0,
851330695284023086,Spacious studio at Telefonplan,271346174,1463352607514495320,StayPlus,,Hägersten-Liljeholmens,59.2987368,17.9971258,Entire home/apt,1151,1,82,2026-06-26,2.08,50,260,24,
852147084715908328,Modern Villa w Parking near Stockholm & Nature,17122874,1463002658455943083,Yasmine,,Enskede-Årsta-Vantörs,59.27852,18.0389,Entire home/apt,3500,1,13,2025-07-29,0.35,2,13,2,
853373005562829815,"Fin tvåa vid Nytorget, Södermalm",204483639,1469066830400331955,Inez,,Södermalms,59.31146,18.07868,Entire home/apt,,30,0,,,1,0,0,
853928840097304574,"Modern 1 bedroom ,best location",149996771,1468476244973445085,O,,Östermalms,59.34343,18.08315,Entire home/apt,,3,0,,,1,0,0,
854977551308939060,Gula villan på höjden,506998139,1470279084881709492,Beatrice,,Hägersten-Liljeholmens,59.30156593451814,17.96782258991397,Entire home/apt,4372,3,0,,,1,177,0,
854992653434741126,Rymlig villa i Mälarhöjden,35402176,1465523035420012924,Martin,,Hägersten-Liljeholmens,59.29661,17.95883,Entire home/apt,,6,6,2025-08-01,0.17,1,5,3,
855562494769624114,Fantastiskt hus med pool nära city,507107232,1470279503844108305,Jonas,,Älvsjö,59.281534191441196,18.033462639198895,Entire home/apt,5231,3,28,2025-08-28,0.76,1,54,5,
855655963452734428,Radhus nära natur och city!,16103448,1462978503473454340,Helena,,Skarpnäcks,59.2917423,18.1116498,Entire home/apt,6191,1,16,2025-08-10,0.44,1,238,3,
856541168925833838,SoFo apartment near Nytorget,13841563,1462924458421414210,Thomas,,Södermalms,59.31458,18.08495,Entire home/apt,2625,2,17,2026-04-05,0.46,1,9,5,
857170901712752341,Underbart boende vid vattnet,122883893,1468244628948084986,Sandra,,Hässelby-Vällingby,59.3582357,17.8345438,Entire home/apt,,1,4,2024-07-19,0.11,1,0,0,
857283451869597188,Minimalist Chic 2-Bedroom,4386635,1462655838423902554,Ozan,,Södermalms,59.31416,18.06184,Entire home/apt,,24,0,,,1,0,0,
857847835514919952,Newly renovated & calm guest apartment 2 bedrooms,91529575,1467106214488813559,Elvira,,Farsta,59.23566,18.08962,Entire home/apt,,3,52,2024-08-31,1.33,1,0,0,
858714791827821236,Home away,424262120,1469924440522283291,Johan,,Bromma,59.35012,17.88329,Entire home/apt,,1,0,,,1,0,0,
859301655770861259,Beautiful 2 floor apartment in Stockholm city,276523335,1469458110671783147,Bella,,Norrmalms,59.3441,18.06248,Entire home/apt,1664,6,40,2026-06-16,1.07,4,28,18,
859434600171029783,Sjönära Bromma villa,507947812,1470283333938973955,Gabriella,,Bromma,59.34626,17.91479,Entire home/apt,3081,5,1,2024-07-30,0.04,1,344,0,
859916942118986547,Central Stockholmsvilla med pool,416683855,1469894607116396788,Daniel,,Bromma,59.33535257357103,17.955883964896202,Entire home/apt,5212,7,3,2025-08-18,0.08,1,276,2,
859957312519144530,"Attraktivt boende & arbetsstudio, mitt i city",382524753,1469783431733989489,Fredrika,,Södermalms,59.31829487546457,18.0688790397644,Entire home/apt,2077,3,20,2026-06-17,0.54,1,32,8,
861242169759613196,Grey House on the hill,246604939,1469308146367430301,Timothy,,Hässelby-Vällingby,59.374845961826516,17.822626711937353,Entire home/apt,,4,3,2023-08-11,0.08,1,3,0,
861383289325187312,Rofyllda drömmar mitt på gågatan,61572823,1466757708607836414,JoJo,,Södermalms,59.31756249999999,18.0721924,Private room,1275,1,64,2026-06-10,1.66,1,354,18,
862053751171343360,Private cozy room in Central Stockholm,508476350,1470285762615736700,Csaba,,Norrmalms,59.3426592,18.0306813,Private room,,90,13,2024-06-26,0.35,2,0,0,
862062389484100520,Vattenkanten,357389043,1463520260228430774,Lucas,,Bromma,59.33138,17.90929,Entire home/apt,1746,1,13,2026-06-15,0.50,1,156,10,
862862271747949675,Mysig lägenhet nära city och stränder!,52232796,1465840723320053481,Célestine,,Skarpnäcks,59.26610902683279,18.134204082364903,Entire home/apt,2316,1,20,2026-06-15,0.54,1,204,7,
863544173764898016,Bright and modern apartment on Kungsholmen,476635035,1470148365214731883,Bella,,Kungsholmens,59.33017,18.0478,Entire home/apt,3510,2,168,2026-06-25,4.30,11,309,55,
863586832814089025,Cozy Condominium in the heart of city,435318750,1463695048078190739,Salih,,Södermalms,59.310929765401,18.070007264614105,Entire home/apt,,1,1,2023-07-11,0.03,1,0,0,
863741965829593816,Fantastisk Lägenhet i Stockholm Södermalm,508852647,1470287454665431296,Angel,,Södermalms,59.31166979500255,18.0949837783159,Entire home/apt,1622,13,1,2023-05-18,0.03,1,362,0,
864179604129313669,"Hornstull apt w/ balcony, piano and city view",32771628,1465480396569072520,Martin,,Södermalms,59.31889,18.02995,Entire home/apt,,3,4,2024-06-28,0.12,1,0,0,
865268857393961077,"Stor villa i Älvsjö, nära sjö och Stockholm C",207498947,1469082519065338608,Robert,,Älvsjö,59.27689817285949,17.96128962188959,Entire home/apt,3016,7,1,2023-08-12,0.03,1,216,0,
865783273992380000,Lägenhet på Kungsholmen,221574805,1469171279979346032,Ida,,Kungsholmens,59.33404,18.03855,Entire home/apt,,5,15,2024-10-20,0.41,1,0,0,
865909258727801296,Bromma,509267716,1470289377696355991,Jimmie,,Bromma,59.34197131323715,17.934569120407104,Entire home/apt,1137,2,0,,,1,348,0,
865913110509340595,Three Room Apartment in Central Stockholm,508476350,1470285762615736700,Csaba,,Norrmalms,59.34316,18.02951,Private room,,183,12,2023-07-14,0.32,2,0,0,
865963682901750009,Ljust och charmigt townhouse!,297943998,1469532620154793825,Martin,,Enskede-Årsta-Vantörs,59.279216662993136,18.06099135428667,Entire home/apt,,3,0,,,1,0,0,
866578230962747287,Unik lägenhet högst upp 2 balkonger,403053801,1469847345322104665,Johan,,Södermalms,59.316529,18.080808,Entire home/apt,3766,7,6,2025-08-10,0.17,1,183,2,
867275683907541177,"Källarlägenhet i Stortorp, egen ingång.",72647904,1466896832470126096,Malin,,Farsta,59.237221282196494,18.12241264978498,Entire home/apt,833,2,94,2026-06-28,2.47,1,135,30,
867279818368462177,"Charmigt, lugnt boende i Bromma",420027401,1469907475101748315,Jennie,,Bromma,59.33829300000001,17.9628353,Entire home/apt,,1,0,,,1,229,0,
867761769111674496,Apartment in Kista Stockholm,465046893,1470095958329313239,Thomas,,Rinkeby-Tensta,59.41343413688096,17.937927479586143,Entire home/apt,636,1,25,2026-05-31,0.65,2,23,6,
868128617629260128,Etta UTAN KÖK men med eget badrum och egen ingång,44824109,1465665443091009405,Marzieh,,Rinkeby-Tensta,59.4018906071818,17.943396266949726,Entire home/apt,694,1,51,2026-06-10,1.33,1,49,7,
868134865176162650,Funkis trea i mysig i söderort,509760940,1470291884786221862,Sofia,,Enskede-Årsta-Vantörs,59.2741128,18.0517355,Entire home/apt,2198,2,6,2026-06-14,0.16,1,358,3,
868136650141710608,Central Stockholm Boutique,10658836,1462575232840940347,Berferati,,Södermalms,59.31733,18.07425,Entire home/apt,4193,3,19,2026-06-14,0.60,2,346,7,
868610058402749244,Private Room In Central Sthlm,395497060,1463603736523768725,Alexander,,Norrmalms,59.34638,18.05639,Private room,965,2,71,2026-06-07,1.86,1,137,35,
868910842005884150,Boende nära det mesta,36922652,1465549937538976340,Lydia,,Enskede-Årsta-Vantörs,59.29742703210568,18.06585860292142,Entire home/apt,1622,1,0,,,1,246,0,
870146818483071037,City Center with Stunning Views,184386347,1468952984752073472,Vardan,,Norrmalms,59.34599829999999,18.056812,Entire home/apt,3603,5,3,2026-06-17,0.22,1,345,1,
870373703498140741,"Lovely townhouse, perfect for families with kids",72336169,1466893532662432756,Erik,,Bromma,59.36212155515821,17.899867515731522,Entire home/apt,1788,5,0,,,1,146,0,
871048659841545767,Charmigt parhus,333191869,1469642783549083023,Johanna,,Enskede-Årsta-Vantörs,59.26710159661906,18.034354336559772,Entire home/apt,,2,14,2025-08-03,0.39,1,2,4,
871473536581648217,Lägenhet med uteplats!,13787213,1462922536467025850,Anton,,Södermalms,59.312619,18.062662,Entire home/apt,,7,28,2025-07-28,0.77,1,7,2,
871732179150239834,Smakfullt på Södermalm,432867096,1469959410791083730,Agneta,,Södermalms,59.3188,18.05635,Entire home/apt,,3,9,2023-08-21,0.24,1,0,0,
872106710374508537,Light & modern 3 room apartment,123053347,1468245867966273124,Rita,,Skarpnäcks,59.29464,18.109,Entire home/apt,,7,1,2023-07-30,0.03,1,0,0,
872114396265625007,Cozy apartment in central part of Stockholm,510582971,1470295746922319064,Sara,,Östermalms,59.33793202597514,18.078521598600727,Entire home/apt,3367,2,2,2024-06-02,0.08,1,40,0,
872258137952076614,Newly renovated,510607811,1470295876290920504,Robin,,Norrmalms,59.3418511,18.0311828,Entire home/apt,,3,6,2024-11-14,0.16,1,0,0,
872432288174389598,Modern Apartment close to city,502169008,1470257928410699284,Alexander,,Enskede-Årsta-Vantörs,59.285327,18.0680425,Entire home/apt,,2,2,2023-07-16,0.05,1,0,0,
872464765296423848,Radhus i Bagarmossen,33375643,1465488470200621662,Karin,,Skarpnäcks,59.274920600184196,18.143733023793104,Entire home/apt,2268,1,18,2025-07-28,0.51,1,8,3,
873204041061291568,"Sekelskifteslägenhet, mitt i SoFo med uteplats",179330624,1468732212871801842,Madeleine,,Södermalms,59.3135486,18.078075,Entire home/apt,,3,12,2025-07-12,0.32,1,0,1,
873898282747631972,Luxurious penthouse apartment,15699266,1462968510688125704,Moritz Burkhardt,,Kungsholmens,59.3344683,18.0298112,Entire home/apt,,5,9,2025-07-26,0.25,1,0,2,
873971467399168810,"4 sovrum, terrass, 10 minuter från Stockholm",92278079,1467115744967015438,Inga,,Farsta,59.25361219999999,18.1049849,Entire home/apt,2534,5,10,2025-08-06,0.27,1,18,3,
874569196878534836,Bekvämt på Odenplan,511093597,1470298241665188879,Joanna,,Norrmalms,59.34473074142352,18.050368622018503,Entire home/apt,,3,9,2026-02-28,0.62,1,14,6,
875395455380491290,Midsommarkransen apartment,66939938,1466826834073683971,Calle,,Hägersten-Liljeholmens,59.30172483888753,18.005957000524916,Entire home/apt,1484,5,22,2026-06-14,0.60,1,189,3,
876108662744500400,3 room apt. 12 min from city,60195724,1466740050215085693,Maja,,Hägersten-Liljeholmens,59.30626,18.00131,Entire home/apt,,5,2,2023-12-26,0.06,1,0,0,
876454494419318717,Bright Private Room · 15 min from Stockholm City,334250885,1463470484557127861,Mona,,Älvsjö,59.28146,18.0085,Private room,1084,3,6,2026-06-14,0.16,1,172,5,
877411492408499861,Luxurious apartment in posh district,135323554,1468348755002125383,Andreas,,Östermalms,59.33855,18.08277,Entire home/apt,4646,1,138,2026-06-21,3.64,22,322,39,
877516113022628190,Family villa near the beach,6400537,1462705452263016098,Andréa,,Bromma,59.31730437488542,17.967100507721774,Entire home/apt,3668,7,4,2025-08-10,0.11,1,174,2,
877968796075970918,Lägenheten i centrala stockholm,200005870,1469043053275737802,Jaskarn,,Kungsholmens,59.33389,18.03646,Entire home/apt,,1,7,2024-05-19,0.19,1,0,0,
878023346982889807,Trädgårdsvillan,511835009,1470301729789819047,Elinore,,Älvsjö,59.27257,17.98987,Entire home/apt,,9,9,2025-08-11,0.25,1,7,3,
879109098083164994,Mysig och stor sommarboende för 1-5 gäster,35986343,1465534284736998510,Brian,,Hässelby-Vällingby,59.39024,17.82058,Entire home/apt,,7,2,2023-06-21,0.05,1,0,0,
879460484576961720,Gorgeous design flat for 3 w/ balcony,135323554,1468348755002125383,Andreas,,Norrmalms,59.3442276,18.0413427,Entire home/apt,3437,1,27,2025-08-17,0.74,22,11,9,
879535966460161352,Family house in green Stockholm,512160599,1470303284424211465,Emma,,Älvsjö,59.2766002,17.9924125,Entire home/apt,3163,3,14,2025-08-14,0.39,1,32,5,
880173614987739810,Metro apartment in the Old Town,496877243,1470235674328132542,Gabriella,,Södermalms,59.325828775461865,18.074820249959892,Entire home/apt,3731,2,207,2026-06-24,5.40,3,305,68,
880198694424310873,Mysigt hus nära stad och natur.,69670349,1466862476020812549,Cees,,Hässelby-Vällingby,59.3755018,17.8207308,Entire home/apt,1854,4,16,2026-06-23,0.44,1,58,10,
880826700309319859,"Villa Haeger, stort hus centralt med pool",89876828,1467088345514037195,Nikolina,,Enskede-Årsta-Vantörs,59.2829844,18.0771716,Entire home/apt,7798,3,12,2026-06-24,0.47,1,320,8,
880985235010395814,3:a i Hammarbyhöjden m balkong,5574566,1462684132755333280,Isabell,,Skarpnäcks,59.2939997,18.1019797,Entire home/apt,1197,14,1,2024-08-12,0.04,1,110,0,
881030900666150759,Stadsnära i lugn villaidyll 15 min Stockholm City,52945901,1465857670075143176,Lena,,Spånga-Tensta,59.37666151681792,17.88614037510137,Entire home/apt,2701,3,20,2026-06-27,0.55,1,82,9,
881576823504019337,Your own cottage close to the city!,25529381,1465344575058710508,Ingrid,,Älvsjö,59.273524389808365,18.00040520507424,Entire home/apt,1332,1,95,2026-06-24,2.50,2,15,17,
881580322084958181,125 sqm family friendly penthouse on Södermalm,5319808,1462678017989859524,Emma,,Södermalms,59.31608573731055,18.066221326589584,Entire home/apt,8262,5,11,2025-08-05,0.29,1,262,3,
881588988349331403,Little blue villa,7319623,1462728915381970126,Johan,,Älvsjö,59.2849344,17.9773396,Entire home/apt,2888,5,5,2024-11-03,0.14,1,123,0,
881697403538194439,Large top-floor apartment in Central Stockholm,276523335,1469458110671783147,Bella,,Norrmalms,59.3448,18.05846,Entire home/apt,4568,2,154,2026-06-22,4.02,4,317,49,
881782685967355199,One double room on Kungsholmen,134901480,1468345088556322387,Ida,,Kungsholmens,59.33609,18.01127,Private room,,1,91,2024-10-19,2.37,1,0,0,
882317030063710564,Lägenhet Kungsholmen 2:a,345962702,1469684734818513528,Anna,,Kungsholmens,59.33516,18.03524,Entire home/apt,2167,6,11,2025-08-27,0.32,1,62,2,
882471691266628140,Walk anywhere - newly renovated,512755107,1470306060243996338,Carl,,Kungsholmens,59.33020523743842,18.03773384232788,Entire home/apt,4109,2,8,2024-09-14,0.30,1,129,0,
882486724277140939,Convenient flat on hip Södermalm,16683151,1462598836591245231,Olof,,Södermalms,59.31401,18.07762,Entire home/apt,2471,1,145,2026-06-19,3.79,8,324,40,
882597241722809020,Townhouse Stockholm Bagarmossen,59770453,1466725552932895662,Daniel,,Skarpnäcks,59.27697,18.1434,Entire home/apt,,4,3,2024-07-28,0.08,1,0,0,
883352975641299356,Apartment in cosy Östermalm,71322786,1466882196492288368,Linn,,Östermalms,59.34393987998875,18.071604184806347,Entire home/apt,,3,4,2023-08-01,0.11,1,0,0,
883362046967063483,Rooms in apartment in Hornstull,5810255,1462690198617387074,Justine,,Södermalms,59.31825,18.0309895,Private room,1022,3,35,2026-06-23,0.95,1,42,15,
883752530281906129,Mysig stor villa nära Stockholm city,326465017,1469623162182363978,Anna,,Enskede-Årsta-Vantörs,59.26924559999999,18.0228001,Entire home/apt,4712,2,25,2026-06-27,0.68,1,8,5,
883762488640262044,One-Bedroom Apartment with Balcony,370101820,1469748263780138788,Forenom,,Norrmalms,59.33721506841446,18.065213820313286,Private room,2003,1,44,2026-02-13,1.16,7,231,11,
883764797059354525,Single Studio,370101820,1469748263780138788,Forenom,,Norrmalms,59.33718981354321,18.06552214262248,Private room,1406,1,21,2025-10-27,0.31,7,95,2,
883765615973418921,Double Studio,370101820,1469748263780138788,Forenom,,Norrmalms,59.33878131997194,18.065612249788266,Private room,1540,1,6,2025-05-12,0.14,7,183,0,
883782350322122321,Double Studio,343919205,1469678302654252410,Forenom,,Rinkeby-Tensta,59.40792936189449,17.950686550756522,Entire home/apt,1560,1,6,2025-09-28,0.09,6,360,2,
883783978137091516,Single Studio,343919205,1469678302654252410,Forenom,,Rinkeby-Tensta,59.40912721665506,17.952570721756125,Entire home/apt,1305,1,3,2022-09-24,0.04,6,364,0,
884127670463741412,The Architect’s apartment,10692460,1462847319576339415,Henrik,,Södermalms,59.32382832108653,18.0713069490738,Entire home/apt,3310,2,120,2026-06-21,3.25,3,205,25,
884527879760439440,Room for two in Stockholm city,6894690,1462717994001555992,Liisa,,Norrmalms,59.34974559999999,18.0569081,Private room,970,3,35,2026-06-13,0.92,1,85,12,
884686509384309032,Mysigt radhus i Farsta Strand,45814270,1465684103639895862,Linus,,Farsta,59.23378669320303,18.09320946931152,Entire home/apt,2283,3,1,2023-07-17,0.03,1,9,0,
884749658999663271,Charmig lägenhet på Östermalm,76418282,1466937304425416827,Mikaela,,Östermalms,59.33576,18.08818,Entire home/apt,,6,7,2024-07-23,0.19,1,0,0,
885214518143519886,Cosy and trendy apartment,33414364,1465488971134544724,Fanny,,Södermalms,59.31699,18.0345,Entire home/apt,,4,1,2023-07-06,0.03,1,0,0,
885395758462529494,Mysigt parhus i Bromma.,344765810,1469681179684499997,Jill,,Bromma,59.3524456,17.9087821,Entire home/apt,2739,1,6,2025-08-11,0.17,1,44,3,
886013171252750584,Attic apartment at best location,508185072,1470284451108843067,Christopher,,Östermalms,59.33456,18.08576,Entire home/apt,1951,7,3,2026-06-01,0.09,1,199,2,
886249048700930187,Avicii Arena balcony apartment,7132325,1462724277829619566,Per,,Enskede-Årsta-Vantörs,59.287610649408144,18.093028857672117,Private room,751,2,37,2026-06-25,0.98,1,5,14,
886659841497211553,Bright studio by Mariatorget,15268528,1462958288622047153,Elin,,Södermalms,59.3138,18.0524,Entire home/apt,,6,0,,,1,0,0,
886725822571941062,Lägenhet på Kungsholmen nära naturen,206675223,1463154601439515106,Ulrika & Fredrik,,Kungsholmens,59.33791,18.02216,Entire home/apt,,1,26,2025-08-27,0.70,1,1,7,
886732370205419433,Cozy Studio at Telefonplan,271346174,1463352607514495320,StayPlus,,Hägersten-Liljeholmens,59.2989731,17.9970139,Entire home/apt,1069,1,61,2026-06-25,1.71,50,322,22,
886761269708376283,Comfy studio at Telefonplan,271346174,1463352607514495320,StayPlus,,Hägersten-Liljeholmens,59.2989731,17.9970139,Entire home/apt,1055,1,49,2026-06-25,1.37,50,265,17,
886765301224752864,Mysig 4a mitt på Södermalm,21780873,1463163854668008892,Lina,,Södermalms,59.314963175591984,18.06482020765543,Entire home/apt,,4,17,2026-04-06,0.47,1,5,5,
886970789426146770,Lovely Villa - only 15 min to Stockholm City,266897378,1469411230997563553,Lisa,,Bromma,59.32153521247849,17.964209406993984,Entire home/apt,4993,1,29,2025-08-10,0.79,1,75,10,
887342731238374065,Apartment 15minutes FROM CITY,67347624,1466832168422046502,Juli,,Bromma,59.33268,17.94725,Private room,899,8,2,2023-08-15,0.06,1,165,0,
887579878570679331,Odenplan hemtrevligt.,87883074,1467055781103902593,Björn,,Norrmalms,59.34255,18.04513,Private room,776,3,56,2026-06-16,1.50,1,181,19,
887628066852889920,Crib in a quiet green neighborhood,7397848,1462730881692789314,Oscar,,Skarpnäcks,59.296605229084484,18.092263737721332,Entire home/apt,1521,1,21,2026-06-24,0.56,1,60,11,
887654782450869056,B&B close to Stockholm city,109484367,1467325289277374097,Helene,,Spånga-Tensta,59.382223573622475,17.875863061502535,Private room,2214,1,2,2026-06-14,0.08,2,356,1,
888142589955176384,Peaceful architect garden house/central Stockholm,456742951,1470056076063295004,Jessica,,Hägersten-Liljeholmens,59.29461620000001,17.9471113,Entire home/apt,,4,10,2026-06-22,0.27,1,3,5,
889269789275368371,Room for rent in great location,28630712,1465422551601418925,Patrik,,Hägersten-Liljeholmens,59.312986,18.0253275,Private room,742,3,15,2025-10-26,0.40,2,74,7,
890402447708130953,Funkispärla i naturskön miljö,93317156,1467126877978777089,Gösta,,Bromma,59.34015190659367,17.905707752465013,Entire home/apt,3646,5,2,2026-06-11,0.08,1,340,1,
890595790512941515,Guldläge med fantastisk utsikt,3501702,1462631097338802701,Karin,,Hägersten-Liljeholmens,59.306077440972444,18.035987801849842,Entire home/apt,2167,3,20,2026-06-26,0.56,1,261,7,
890975564049716136,Cozy Kungsholmen Retreat,130288084,1468305718802183572,Nicholas,,Kungsholmens,59.33909,18.01004,Entire home/apt,,5,8,2026-01-06,0.22,1,1,5,
890986553011380356,Lovely apartment close to everything,185711287,1468960560112615612,Elise,,Kungsholmens,59.33241,18.03085,Entire home/apt,,2,5,2023-08-07,0.14,2,0,0,
891099345126603033,Villa in charming Bromma,185531997,1468959504497915608,Craig,,Bromma,59.3319,17.91686,Entire home/apt,2780,5,8,2025-08-08,0.22,1,16,2,
891232165483550837,Lägenhet i Gröndal,9739651,1462822103372109351,Philip,,Hägersten-Liljeholmens,59.3165829,17.9974035,Entire home/apt,,14,1,2023-08-05,0.03,1,0,0,
891354900588286841,Vacker 2a vid Nytorget,304043020,1469557515051095079,Hanna,,Södermalms,59.3127858,18.0810778,Entire home/apt,,5,6,2023-08-17,0.16,1,0,0,
891950002951409554,Stockholm by the water!,514856121,1470315884341239791,Isabelle,,Kungsholmens,59.32458,18.0047,Entire home/apt,1853,6,2,2024-07-26,0.06,1,142,0,
892061240997267005,Perfect location! Charming & fully equipped.,52030134,1465821327410378148,Edon,,Norrmalms,59.3444540835284,18.0514482365942,Entire home/apt,2708,3,0,,,1,165,0,
892064856887766735,Pequeña Isla-Central y acogedor,79450036,1466970784590179793,Mauricio,,Kungsholmens,59.32494714062625,18.00698809325695,Entire home/apt,1448,3,20,2025-08-12,0.55,1,83,1,
892598152738012494,Stor villa med pool och jacuzzi nära till city,505981668,1470274410691185263,Erika,,Enskede-Årsta-Vantörs,59.26883549363212,18.03081761534424,Entire home/apt,4850,2,13,2025-07-26,0.36,1,15,3,
892815716185873716,Family friendly stylish apartment in SOFO,11127512,1462857711979406806,Erik,,Södermalms,59.31339359999999,18.0919636,Entire home/apt,7047,1,20,2025-08-17,0.56,1,13,1,
892873835080735200,Central Stockholm Apartment With Cozy Balcony,40316427,1465601068282070910,Chero,,Bromma,59.33809,17.93985,Entire home/apt,1141,4,0,,,1,24,0,
893145835961022277,Quiet apartment with terrace in vibrant SoFo!,27602944,1465407646574323588,Anna,,Södermalms,59.31199309999999,18.0797121,Entire home/apt,,3,4,2024-07-27,0.11,1,0,0,
893179485772866019,The Petite Oasis,9424815,1462813813320452964,Ludwig,,Södermalms,59.30959779917962,18.08815412727008,Entire home/apt,2055,1,11,2026-06-03,0.82,1,356,8,
893496921871211196,"Charmig villa med mysig trädgård, nära stan",515231715,1470317679204685326,Maria,,Älvsjö,59.28448710000001,18.0319266,Entire home/apt,,3,2,2025-07-12,0.06,1,0,1,
893505963679264845,"Enkelrum i Rågsved, Stockholm",515232678,1470317683584541325,Buba,,Enskede-Årsta-Vantörs,59.2554607679311,18.025424256920815,Private room,405,1,59,2025-03-30,1.58,1,344,0,
893860232825093833,Creative Place (gärna gäster med barn),85086224,1467026556253837716,Josefin,,Östermalms,59.34749,18.10524,Private room,984,1,101,2026-06-23,2.69,1,76,26,
894045096706096831,A room in a Catsel,45589939,1465677282743348144,Enrique,,Kungsholmens,59.3369416,18.0255415,Private room,1085,1,23,2024-10-01,0.61,2,46,0,
894190394851149059,Lägenhet centralt Stockholm,398778056,1469833332765359653,Andreas,,Kungsholmens,59.33031,18.04475,Entire home/apt,,1,1,2023-07-30,0.03,1,0,0,
894238427201758426,Familjevänlig i Älvsjö,276511432,1469458057636138607,Sabina,,Älvsjö,59.2626,17.98371,Entire home/apt,2796,4,8,2025-08-10,0.22,1,8,3,
894261063051234591,"Radhus, nära t-bana. Barnvänligt. Parkering.",89798634,1467087501542924205,Helena,,Skarpnäcks,59.268332325591224,18.140611310711108,Entire home/apt,,2,17,2026-06-28,0.46,1,4,5,
894670580023867676,Östermalmslägenhet,515481870,1470318830086254687,Gunnar,,Östermalms,59.34093,18.08974,Entire home/apt,,14,7,2023-12-03,0.19,1,0,0,
894928390819515357,Stadsnära hus med trädgård.,294279203,1469520387091539955,Ida,,Farsta,59.27124,18.0856,Entire home/apt,,3,4,2023-07-24,0.11,1,0,0,
895550047844703901,Loft appartement in Stockholm (Hökarängen),171641244,1468667005275773925,Mina,,Farsta,59.25724469999999,18.0870425,Entire home/apt,,1,3,2023-07-18,0.08,1,0,0,
895716796297762933,Family home close to nature&city,17005471,1462999990676087001,Benjamin,,Skarpnäcks,59.29219,18.10406,Entire home/apt,130,14,0,,,1,186,0,
896122928407055041,Lägenhet i toppskick med balkong,97945581,1467179532923264822,Ellen,,Norrmalms,59.34246,18.05918,Entire home/apt,,2,0,,,1,0,0,
896141454452953673,Charming townhouse on Södermalm – quiet & central,65235856,1466806538891792107,Magnus,,Södermalms,59.31969786390828,18.072382154108652,Entire home/apt,5706,3,36,2026-06-28,1.00,1,156,11,
896210932735051762,"Modern house, Stockholm, 21 June- 16 July",51243831,1465796798474851524,Fredrik,,Farsta,59.2563,18.1272,Entire home/apt,,14,0,,,1,0,0,
896271400164083738,Cozy house near the city center,250796814,1469329344147550192,Sebastian,,Enskede-Årsta-Vantörs,59.27859220000001,18.0617636,Entire home/apt,,2,14,2025-08-24,0.42,1,3,2,
896414174933299385,Bodegan,17089212,1463001877583942595,Oskar,,Skarpnäcks,59.2953,18.11759,Entire home/apt,,1,0,,,1,284,0,
896463025701668947,Mysigt radhus,31956469,1465469576563204701,Sara,,Enskede-Årsta-Vantörs,59.26421762292777,18.03129501445243,Entire home/apt,1255,1,2,2023-10-07,0.06,1,186,0,
896788168557136537,Ljus 2a med balkong i SoFo,56005485,1465917387260114067,Carina,,Södermalms,59.3133,18.08164,Entire home/apt,2739,1,20,2026-06-27,0.54,2,81,10,
896878624311486769,Villa nära city och grönområden,139696764,1468383929471597728,Lotta,,Skarpnäcks,59.2835408,18.1089392,Entire home/apt,2996,3,6,2025-08-01,0.17,1,65,2,
897731843717309248,"Cosy Studio in Stockholm City Center, Kungsholmen",30786360,1465453265367737623,Cameron,,Kungsholmens,59.33282426367649,18.032110281952892,Entire home/apt,1689,3,59,2025-10-29,1.64,2,270,9,
898373580750925040,Nice house close to city centre & Stockholmsmässan,32074564,1465471240349043120,Ylva,,Enskede-Årsta-Vantörs,59.2776435716852,18.05179350439834,Entire home/apt,,1,12,2025-08-01,0.33,1,0,4,
898575078646725993,"Great location, one bedroom",516372301,1470322970845182948,Karl,,Östermalms,59.3383,18.0815,Entire home/apt,2144,2,6,2026-06-14,0.16,1,8,3,
899024270743312358,Coporate Stay i Gamla Stan,516464596,1470323352709612412,Dag,,Södermalms,59.3245849,18.0693949,Entire home/apt,1370,1,0,,,1,126,0,
900344988545218580,House with garden in Stockholm,6290283,1462702694806155380,Lina,,Farsta,59.278,18.07083,Entire home/apt,,1,0,,,1,2,0,
900373598133148159,Njut av terrass på 46 kvm!,220692840,1469165475555224049,Lisa,,Östermalms,59.34568,18.10142,Entire home/apt,,2,0,,,1,0,0,
900393441213670500,Stadsradhus med egen uteplats,27586665,1465407492981240605,Siri,,Enskede-Årsta-Vantörs,59.3024,18.0388,Entire home/apt,2511,1,26,2025-08-17,0.73,1,6,6,
900609660179469229,Sekelskifteshem i Gamla Enskede,182346928,1468759412910800699,Mathilda,,Enskede-Årsta-Vantörs,59.28535691822972,18.087536841630936,Entire home/apt,,3,0,,,1,0,0,
900698880444637357,Ullerudsbacken,273092452,1469441244654206107,Abdulwahab,,Farsta,59.23304,18.09837,Private room,,1,0,,,1,0,0,
901117841804009700,Etta på Skånegatan,46078276,1465688243126755117,Tanja,,Södermalms,59.31251,18.07937,Entire home/apt,,2,12,2026-01-01,0.32,1,0,5,
901176673292369931,1920-talshus i toppskick nära city!,45072092,1465669050732320015,Ludvig,,Skarpnäcks,59.28098619999999,18.1048324,Entire home/apt,3909,4,5,2025-07-14,0.14,1,47,1,
901350874191837793,2 room apartment south of south,38975016,1465582179896860622,Julia,,Enskede-Årsta-Vantörs,59.28187,18.04438,Entire home/apt,,2,4,2023-08-22,0.11,1,0,0,
901411732945108484,"Creative, arty & colorful home. Feel like home!",7513873,1462733990147560257,Christian,,Norrmalms,59.34092,18.03974,Private room,925,3,85,2026-06-29,2.35,1,23,37,
901470325132659497,Hus i Stureby,13274094,1462907510783529952,Gisela,,Enskede-Årsta-Vantörs,59.2705944,18.0624233,Entire home/apt,2169,4,10,2025-07-28,0.28,1,5,2,
901474341010849256,Radhus med utsikt,514306181,1470313315390398652,Kalle,,Hägersten-Liljeholmens,59.30816615908873,18.00699982792139,Entire home/apt,3348,3,12,2025-08-02,0.33,1,9,3,
901822385918474959,2 rum och kök i Fruängen,200098786,1469043857012343471,Peter,,Hägersten-Liljeholmens,59.284,17.9663,Private room,,3,6,2025-07-22,0.17,2,0,1,
901906845414374044,"Lovely kids friendly row-house, close to city",3517241,1462631475392243841,Sophie,,Skarpnäcks,59.27454940000001,18.1113938,Entire home/apt,3043,3,3,2024-08-18,0.08,1,351,0,
902454881052927898,Bedroom with a stunning seaview!,468703354,1470113245273582976,Alli,,Skärholmens,59.29996366770268,17.928968861769427,Private room,771,1,3,2025-08-24,0.08,1,358,1,
902552250343574389,Flat with big balcony,157784191,1468537972702857230,Lovisa,,Hägersten-Liljeholmens,59.29362120170576,17.982933066262877,Entire home/apt,1042,3,11,2025-09-01,0.29,1,23,6,
902692606243781244,Cozy 1 room apartment in SoFo.,12855677,1462897196905032475,Otto,,Södermalms,59.3144481,18.0796996,Entire home/apt,2112,1,5,2026-06-15,0.14,1,348,2,
902768877820727543,Ett centralt boende i Liljeholm,417146694,1469523158248044453,Mantas,,Hägersten-Liljeholmens,59.3054429,18.0226408,Entire home/apt,,5,7,2023-08-23,0.19,1,0,0,
902987780537789292,Cozy Green apartment 12 min from city,48985607,1462711567990991395,Faisal Yowe,,Hägersten-Liljeholmens,59.301972010295366,18.006301214294442,Private room,,6,1,2023-06-09,0.03,1,0,0,
903466506400274158,Whole floor apartment / Villa-lägenhet,10933190,1462853037128475606,Björn,,Bromma,59.33709,17.97538,Entire home/apt,4582,3,8,2025-08-17,0.22,1,18,1,
903479813739898881,Parhus i Bromma,6584358,1462710149479663671,Lena,,Bromma,59.33470803492994,17.966344212334473,Entire home/apt,3104,2,14,2026-06-21,0.39,1,32,3,
903526286852964064,Bright Studio Apartment in Spånga,343315431,1469676326008698231,Milad,,Spånga-Tensta,59.37721,17.91185,Entire home/apt,593,5,2,2026-01-11,0.07,6,59,1,
903675304302277840,Cosy flat with balcony,236490170,1469258555327049254,Anika,,Hägersten-Liljeholmens,59.29960267470753,18.00243604928255,Entire home/apt,,1,1,2023-07-18,0.03,1,0,0,
904202856592208172,House with 6 beds for the family. Close to subway.,133394944,1468332592578909292,Niklas,,Enskede-Årsta-Vantörs,59.26316,18.0314,Entire home/apt,,2,13,2025-07-31,0.36,1,0,2,
904297780561281682,En underbar lägenhet som man känner sig hemma,517556326,1470328503911287605,Magdalena,,Enskede-Årsta-Vantörs,59.28994540000001,18.0329261,Entire home/apt,,1,29,2023-12-10,0.78,1,0,0,
904647168387389746,Beautiful 3BR in Vasastan,311330393,1469583123121125799,Diep,,Norrmalms,59.34136813813711,18.038203986853606,Entire home/apt,4434,7,1,2025-07-24,0.09,1,18,1,
904872251319878399,Lägenhet markplan m egen terass,19372647,1463077225741406883,Ulrika,,Enskede-Årsta-Vantörs,59.28659,18.09469,Entire home/apt,,6,10,2024-08-15,0.27,1,0,0,
905090411397183271,Stor fint rum city/Södermalm för solo resenärer.,7415806,1462731367672024960,Irina,,Södermalms,59.31032,18.08408,Private room,710,4,25,2026-06-26,1.82,1,135,18,
905645577164406610,Spacious haven in Rödabergen,6088326,1462697622521784811,Issraa,,Norrmalms,59.3447141,18.0332982,Entire home/apt,,5,3,2023-08-06,0.08,1,0,0,
905754368197363291,Cozy family townhouse w/garden & cat,12914744,1462898633460908862,Helena,,Hässelby-Vällingby,59.37497795324664,17.883067690003003,Entire home/apt,,1,1,2023-08-02,0.03,1,3,0,
906457975777141717,Fridfullt boende nära stadens puls,36063146,1465535646219276747,Johanna,,Skarpnäcks,59.292078188263254,18.097642823833866,Entire home/apt,1762,2,13,2026-06-14,0.36,1,22,5,
906577085972491811,Vacker och rymlig 3-rumslägenhet i perfekt läge,27788197,1465410165741279677,Peter,,Södermalms,59.31167,18.081,Entire home/apt,,3,5,2024-05-12,0.14,1,0,0,
906639033880870626,Charming rooms close to the lake,405816275,1469856691370213624,Annelie,,Hägersten-Liljeholmens,59.30872,17.97992,Private room,,1,0,,,3,0,0,
906936230672813062,Flora,172208731,1468671857371398000,Stefan,,Östermalms,59.34322101904459,18.075518533587456,Entire home/apt,,5,4,2023-08-20,0.11,1,0,0,
907179740231950205,Charming room by the lake,405816275,1469856691370213624,Annelie,,Hägersten-Liljeholmens,59.30886,17.98164,Private room,,1,1,2023-06-12,0.03,3,0,0,
907190576187660985,Room with a fantastic sea view,405816275,1469856691370213624,Annelie,,Hägersten-Liljeholmens,59.30933,17.98191,Private room,,1,1,2023-06-13,0.03,3,0,0,
907303317843635259,Mysigt lägenhet med utsikt mot Mälarsjö,518420949,1470332498342330354,Nonthaya,,Bromma,59.3351173,17.9905156,Entire home/apt,1340,7,5,2024-07-24,0.14,1,73,0,
907930817665783238,Apartment in villa with pool,194452573,1469013252959116289,Mattias,,Älvsjö,59.275390743068286,18.006557118260478,Entire home/apt,3340,3,13,2026-05-23,0.37,3,320,4,
908007338524586973,Stylish and cosy home,32414785,1465475918969794020,Hans,,Kungsholmens,59.33292,18.02424,Entire home/apt,3283,3,9,2025-08-24,0.25,1,221,1,
908575011193104868,Beautiful 4 bedroom villa in Mälarhöjden,22876006,1462623004876155870,Bella,,Hägersten-Liljeholmens,59.30051,17.96204,Entire home/apt,3706,4,11,2025-08-09,0.30,44,14,4,
908590964201154768,Charming spacious 3-room apartment,36055360,1465535539914055284,Rickard,,Hägersten-Liljeholmens,59.312818362266505,18.02806965767211,Entire home/apt,,6,3,2023-08-18,0.08,1,0,0,
909164976200394199,Light apartment with great communications!,12399151,1462886910191616982,Nicolina,,Hägersten-Liljeholmens,59.29986,18.0127,Entire home/apt,,2,1,2023-07-22,0.03,1,0,0,
909453666733085412,eget rum i delat boende med mig,497861352,1470239629994824711,Nathalie,,Bromma,59.34724,17.97114,Private room,,1,0,,,2,0,0,
909459379807581191,"Vacker lägenhet, balkong mot park, Södermalm",26831560,1462638816605149427,Linda,,Södermalms,59.3124221,18.0629005,Entire home/apt,,2,20,2025-08-01,0.55,1,0,6,
910312801372446348,Rum med sjöutsikt ca 30 min från City,519143541,1470335997537722556,Elin,,Bromma,59.34068575687659,17.990085531661805,Private room,640,1,16,2025-09-02,0.46,1,67,5,
910539649781872087,Nockebyhovhuset,107340577,1467300965067935520,Mia,,Bromma,59.33126,17.91849,Entire home/apt,,5,0,,,1,0,0,
910937991336359841,Extraordinary view on Södermalm,62825696,1466775356398362785,Jakob,,Södermalms,59.3168361,18.0878759,Entire home/apt,6066,5,20,2025-12-29,0.55,1,82,7,
911334288679199744,"Beautiful, central studio apartment",270713497,1469429804974040126,Leah,,Östermalms,59.3464,18.07021,Entire home/apt,,10,2,2023-08-20,0.05,1,0,0,
911342250896753183,"Rare opportunity, stunning view",30590921,1465450144390621400,Linda,,Södermalms,59.31743611836065,18.08690226025689,Entire home/apt,7092,1,8,2026-06-27,0.22,1,219,4,
911425130608084017,Studio in Old Town /Gamla Stan Stockholm,128075662,1468286575856545406,Charlotta,,Södermalms,59.32522,18.06991,Entire home/apt,2252,2,178,2026-06-27,4.85,4,292,59,
911458781021310198,Lägenhet i centrala Södermalm,406043346,1469857428165674366,Bella,,Södermalms,59.317431892628605,18.08794393988022,Entire home/apt,3766,3,13,2026-05-31,0.36,1,78,8,
911579639254013663,Lägenhet mitt i stan!,120847261,1468228789058829730,Pilar,,Kungsholmens,59.33585092239139,18.027171698227548,Entire home/apt,,7,2,2025-07-10,0.08,1,5,1,
912031697149751448,Lägenhet i City Kungsholmen,519531680,1470337691228700366,Lars,,Kungsholmens,59.33515,18.03106,Entire home/apt,,3,24,2024-07-17,0.65,1,0,0,
912059209363271888,Colorful nest in Hornstull,159931920,1468556125926813312,Katilina,,Södermalms,59.31802,18.03572,Entire home/apt,1598,1,15,2025-08-23,0.56,1,12,5,
912235078232879355,Charming Gamla Stan apartment,42582201,1465632712613104243,Katie,,Södermalms,59.3234,18.0706,Entire home/apt,,200,9,2025-08-01,0.25,1,269,3,
912289335828456926,Charming home with warmth,483815370,1463810196779889057,Hanna,,Kungsholmens,59.332861337260155,18.04296575375029,Entire home/apt,4565,4,12,2026-06-22,0.33,1,345,1,
912374857312868803,Quiet top floor near city&sights,4017310,1462645116168042652,Josefine,,Kungsholmens,59.33284897697301,18.029093818242607,Entire home/apt,3985,2,28,2026-06-15,0.77,1,306,9,
912411723981696103,Lägenhet med balkong (Centralt),422007912,1469915280334342257,Maria,,Norrmalms,59.3309,18.05178,Entire home/apt,,3,7,2024-07-26,0.19,1,0,0,
912691649090107800,Family home with a gorgeous view,519725749,1470338484220214934,Daniel,,Hässelby-Vällingby,59.37332,17.86437,Entire home/apt,,1,0,,,1,0,0,
912751676151011419,Beautiful apartment by garden,34846105,1465514147277523272,Ida,,Enskede-Årsta-Vantörs,59.27995,18.05516,Entire home/apt,,1,2,2023-07-22,0.05,1,0,0,
912777088146920138,Familjelägenhet med plaskdamm,18401916,1463053509671116264,Veronica,,Bromma,59.359626032069976,17.954180762171745,Entire home/apt,,5,0,,,1,0,0,
913100397809848639,Radhusidyll med retrokänsla,161554649,1468572352712902061,Amelie,,Hässelby-Vällingby,59.36052,17.88362,Entire home/apt,1998,2,11,2026-06-01,0.31,1,345,4,
913544242462531032,Cozy gem on a cliff,519947270,1470339482838723802,Eric,,Kungsholmens,59.32868600558842,18.005541574637935,Entire home/apt,1484,2,13,2025-08-09,0.36,1,15,1,
914252854526326902,Duplex apartment in serene area,16918384,1462998000040326353,Pia,,Kungsholmens,59.320371826291726,17.98623052190115,Entire home/apt,4080,4,9,2026-04-12,0.26,1,286,5,
914587524680107603,Room with access to the entire house,428781867,1469942858214013434,Mira,,Rinkeby-Tensta,59.41413,17.93485,Shared room,,7,1,2023-07-05,0.03,2,0,0,
914829522532461440,Beautiful authentic apartment for the family,9047569,1462793556800614124,Jenny Maria,,Norrmalms,59.34493,18.0504,Entire home/apt,4343,1,15,2025-08-19,0.41,1,108,5,
915030200699057682,Mysigt radhus vid naturreservat,5509076,1462682513957536628,Therese,,Skarpnäcks,59.27417882675981,18.146742815344247,Entire home/apt,,7,6,2025-12-28,0.45,1,9,4,
915068699258392993,The deer nest,428474023,1469941605235901918,Arvid,,Östermalms,59.35381,18.09695,Entire home/apt,964,15,0,,,1,364,0,
915234783762526186,Very cozy apartment/Kista Mall,83325601,1467009126250473523,Liam,,Rinkeby-Tensta,59.400260668848055,17.941888850792843,Entire home/apt,528,7,8,2024-01-06,0.22,1,10,0,
915864328067535304,Hotel-style modern apartment on central Södermalm,401146137,1469840867202355215,Therese,,Södermalms,59.3159104,18.0762553,Entire home/apt,,99,1,2023-08-26,0.03,1,0,0,
916323101219927752,Villa Mälarhöjden Stockholm,520595727,1470342460136362150,Sebastian,,Hägersten-Liljeholmens,59.296189666457764,17.951463849805673,Entire home/apt,2967,1,1,2023-08-10,0.03,1,8,0,
916336637241602678,Lägenhet Södermalm,29159393,1462647156647494711,Bea,,Södermalms,59.31475829999999,18.0768338,Entire home/apt,,3,6,2023-11-19,0.17,1,0,0,
916361225905750884,Charmig lägenhet i hjärtat av Södermalm,49318037,1465751048724430402,Calle,,Södermalms,59.31127,18.06995,Entire home/apt,,3,8,2024-07-28,0.22,1,0,0,
916390324387038825,Lägenhet i Skärmarbrink,260974032,1469379250950242091,Billie,,Enskede-Årsta-Vantörs,59.29351,18.08546,Entire home/apt,,2,19,2025-08-24,0.53,1,0,4,
916480997959071071,Etagelägenhet  nära skog & stan,4218566,1462650676888234725,Catharina,,Skarpnäcks,59.27841439776886,18.114905431866646,Entire home/apt,,4,3,2025-07-30,0.26,2,0,3,
916564850535406093,Villa i Älvsjö,140748136,1468391945207053225,Daniel,,Älvsjö,59.26544,17.98523,Entire home/apt,,5,3,2023-07-19,0.08,1,0,0,
916570819478434788,Apartment in the center.,520653042,1470342700077371429,Boris,,Norrmalms,59.34745,18.04767,Entire home/apt,1402,1,63,2026-06-27,1.76,1,186,8,
916576779089359835,1-3 rum i mysigt hus,79237188,1466968758636573846,Kerstin,,Enskede-Årsta-Vantörs,59.2727438821781,18.024145324510947,Private room,742,1,32,2026-06-14,0.91,2,332,11,
917371407525103803,Stjärnhovsvillan,90159350,1467091193440502924,Sanna,,Enskede-Årsta-Vantörs,59.27352,18.02461,Entire home/apt,6544,1,17,2026-01-04,0.47,1,5,7,
917438275771656970,Radhus i Stockholm,16036303,1462976676934047870,Magnus,,Skarpnäcks,59.27249,18.11279,Entire home/apt,,5,2,2024-08-10,0.06,1,0,0,
917445928640458777,Apartment in Södermalm,60734560,1466748120307439900,Susanna,,Södermalms,59.3166362,18.0877135,Entire home/apt,,2,23,2024-05-27,0.64,1,0,0,
917456146697832584,"Townhouse close to city centre, room for 8!",520898648,1470343873514321463,Johan,,Skarpnäcks,59.28330960211844,18.10260547067356,Entire home/apt,5706,1,33,2026-05-30,0.90,1,4,7,
917751597258568985,Solhemsvillan,520882833,1470343806322737820,Emelie,,Spånga-Tensta,59.3779325,17.8946131,Entire home/apt,3995,1,8,2025-07-29,0.23,1,249,2,
917766925387061797,Spacious home with 2 balconies,47209235,1465711178326135828,Soolmaz,,Enskede-Årsta-Vantörs,59.28996,18.09472,Entire home/apt,,7,2,2023-10-20,0.06,1,0,0,
917866804574816925,Lägenhet i Kungsholmen,114517213,1468179725614780921,Philip,,Kungsholmens,59.33455108321943,17.9987232382651,Entire home/apt,2134,2,16,2026-05-31,0.45,1,359,2,
918087512138478518,Perfect location in Södermalm!,15002849,1462951904239669716,Linnéa,,Södermalms,59.31890674110382,18.03391344845295,Entire home/apt,,6,6,2026-06-01,0.17,1,7,4,
918860240895382713,"""Townhouse"" vid Mariatorget",518592411,1470333340948701807,Maja,,Södermalms,59.31482744942977,18.066996150125735,Entire home/apt,7418,2,7,2024-07-24,0.19,1,3,0,
919361055405293032,Lovely room in spacious apartment,191170517,1468993057739305594,Nicole,,Skärholmens,59.29573323883046,17.94297970810324,Private room,568,2,10,2026-05-31,0.29,1,46,5,
919466356272668175,Spacious & Quiet Södermalm Apt by Park,45059659,1465668900743078313,Sadde,,Södermalms,59.3188166,18.0472285,Entire home/apt,1369,1,30,2026-06-17,0.84,1,166,20,
919481628568422032,Naturnära & barnvänlig lägenhet,182652942,1468762199509293016,Pieter,,Skarpnäcks,59.29462,18.10226,Entire home/apt,,3,6,2024-07-18,0.17,1,0,0,
919578454445640334,Drömhus för hela familjen,50102020,1465765757940718842,Jonathan,,Hässelby-Vällingby,59.37848121058249,17.80404545366764,Entire home/apt,4401,7,1,2023-07-20,0.03,1,358,0,
919649526895860980,Hel lägenhet i mysiga Sköndal,12724437,1462894188677325996,Britta,,Farsta,59.25848,18.11154,Entire home/apt,,2,0,,,3,0,0,
919652449687653020,2 sovrum och eget badrum i mysiga Sköndal,12724437,1462894188677325996,Britta,,Farsta,59.2581613,18.1125214,Private room,,1,2,2024-05-20,0.06,3,0,0,
919662399785322136,Lägenhet med balkong på Lilla Essingen,521376962,1470346070183836201,Niclas,,Kungsholmens,59.32505,18.00955,Entire home/apt,,2,5,2024-02-05,0.14,1,0,0,
919665203541980900,Sovrum med eget badrum i mysiga Sköndal,12724437,1462894188677325996,Britta,,Farsta,59.25932,18.11158,Private room,,1,5,2023-09-01,0.14,3,0,0,
919928425117459217,SoFo Hideaway – Peaceful & Perfect for Families,22057131,1463170520329054612,Karin,,Södermalms,59.3133992094519,18.078340334976293,Entire home/apt,3487,3,13,2025-08-18,0.36,1,20,4,
919962816734553244,Cozy own apartment @ Kungsholmen,47494779,1465716566138118883,Anna,,Kungsholmens,59.3325953,18.014689,Entire home/apt,,1,18,2023-10-30,0.49,1,0,0,
920834772018205322,Dream house with pool Stockholm,10108530,1462831825838922553,Johannes,,Skärholmens,59.27773,17.87591,Entire home/apt,,6,1,2023-07-20,0.03,1,0,0,
920900355178934780,VYN 2.0 - Penthouse Suite Deluxe,361529221,1469725475544260882,Martin,,Östermalms,59.33292,18.08144,Entire home/apt,40000,7,0,,,5,269,0,
920967862953877552,Soliga rummet i ett mycket vackert hus,24148613,1462628194555035374,Caisa,,Hägersten-Liljeholmens,59.30295,17.96413,Private room,,1,22,2025-01-01,0.60,4,0,0,
921400335472162125,Bondegatan,521873968,1470348159884137747,Sofia,,Södermalms,59.31399,18.0765,Entire home/apt,2819,5,4,2025-07-31,0.33,1,23,3,
921712285487213879,Newly renovated apartment,148022754,1468450417701223132,HannahClara,,Norrmalms,59.34024,18.02881,Entire home/apt,,1,2,2024-08-29,0.06,1,0,0,
921776046136216251,Familjevänlig lägenhet på Söder,520981948,1470344198059444880,Marie,,Södermalms,59.3132801,18.0919052,Entire home/apt,4222,4,9,2025-07-25,0.25,1,15,1,
922279553612648316,Bamboo Residence Stockholm,39433114,1465589151082050507,Kaloyan,,Hägersten-Liljeholmens,59.30068,18.03006,Entire home/apt,624,1,5,2026-02-08,0.21,1,12,3,
922352506501852363,Modern apartment with terrace,75951040,1466932338883787360,Oscar,,Skarpnäcks,59.29593,18.09848,Entire home/apt,,3,3,2024-05-26,0.11,1,0,0,
922375773916324158,Söders pärla,3997499,1462644593266128995,Saman,,Södermalms,59.31869,18.05798,Entire home/apt,,2,15,2024-07-16,0.43,1,0,0,
922383751973075783,The real Stockholm,265475061,1469404199006322111,Johan,,Södermalms,59.31394,18.08373,Entire home/apt,2853,2,34,2026-06-14,1.07,1,232,13,
922409102656346240,Charmig villa i Bromma,522145962,1470349379076691486,Emma,,Bromma,59.34856,17.90159,Entire home/apt,3956,1,5,2025-08-11,0.14,1,78,2,
922453605279355604,Unique colorful and spacious apartment in Old Town,12054890,1462879167348340326,Peter,,Södermalms,59.3233328,18.0685136,Entire home/apt,7277,3,24,2026-05-30,0.66,1,161,6,
922961807547796328,Modern Studio 20 sqm - stay longer,428239101,1469940597170849932,Unity,,Södermalms,59.3027348,18.094187015344243,Private room,900,28,2,2024-05-02,0.06,8,358,0,
922979571285623648,Modern Studio Apartment 27 sqm - stay longer,428239101,1469940597170849932,Unity,,Södermalms,59.3027348,18.0941441,Private room,,28,1,2023-08-13,0.03,8,356,0,
923030710185804842,Modern Loft Apartment in Hammarby Sjöstad - 30 sqm,428239101,1469940597170849932,Unity,,Södermalms,59.3027348,18.0941441,Private room,909,28,2,2023-11-12,0.06,8,355,0,
923165373845984644,Elliotska villan next to lake Magelungen,521059148,1470344581890087447,Gabriella,,Farsta,59.235486662465135,18.086584992706776,Entire home/apt,5784,1,4,2026-06-14,0.16,1,252,2,
923249542639129291,Big 2 bedroom appartement near SOFO,9056129,1462793795624144997,Lisa,,Södermalms,59.31248,18.09553,Entire home/apt,3188,1,23,2026-06-22,0.64,1,26,6,
923974750613266634,"Ljust härligt hus, stor trädgård och uppvärmd pool",18086,1462506857128602412,Sara,,Älvsjö,59.26987,17.97808,Entire home/apt,3424,3,22,2025-08-28,0.61,1,130,8,
924334202876297805,Mysig lägenhet i mitt i Vasastan,522548746,1470351163544749090,Johanna,,Norrmalms,59.34489,18.04899,Entire home/apt,4375,3,7,2024-08-05,0.20,1,333,0,
924342508269843560,Kristineberg,522673693,1470351696830299471,Christin,,Kungsholmens,59.3346215,18.0002376,Entire home/apt,,2,4,2023-09-24,0.11,1,0,0,
924640869030274124,Spacious apartment in Stockholm,225442725,1469197922548212428,Patrick,,Enskede-Årsta-Vantörs,59.26107,18.04774,Entire home/apt,,6,2,2023-09-01,0.06,1,0,0,
925008949073269342,2:a i centrala Stockholm,268978905,1469421524104793066,Sabina,,Kungsholmens,59.33308,18.02943,Entire home/apt,,7,3,2023-10-22,0.08,1,0,0,
925483517876552964,Top studio w. balcony in the heart of Stockholm,499676075,1470247311324139539,Tomas,,Östermalms,59.34253036164194,18.066506646573544,Entire home/apt,158,150,1,2024-04-15,0.04,1,364,0,
925855118188368821,The White House,493371412,1470221355345167002,Christopher,,Bromma,59.357851137906955,17.91144646704197,Entire home/apt,,3,2,2024-07-19,0.06,1,2,0,
926109085447535886,Lovely apartment - central and newly renovated,523109318,1470353648433567614,Varg,,Södermalms,59.3196722,18.0612631,Entire home/apt,,3,52,2024-09-29,1.44,1,0,0,
926830892933715421,Rymlig och mysig lägenhet på Södermalm,56819075,1465929160092904587,Louise,,Södermalms,59.316414221322376,18.08774773031473,Entire home/apt,,3,6,2024-05-19,0.17,1,0,0,
926840169845195768,Retro room  9000kr/month,463406298,1470088175003077062,Tony,,Enskede-Årsta-Vantörs,59.27917887873086,18.03474238936937,Private room,,30,24,2025-07-28,0.66,2,118,2,
926852615574479529,Rum i lägenhet i Vasastan,10349554,1462838211464027536,Georg,,Norrmalms,59.33919,18.03482,Private room,,4,23,2026-05-18,0.67,1,0,4,
926882531834540393,Södermalm with a view,321731870,1469609974339967513,Douglas,,Södermalms,59.31277836067987,18.080923855304718,Entire home/apt,,2,23,2026-04-09,0.64,1,3,5,
927183885292867892,Cozy apartment close to lakes,17459154,1463010694166386164,Isabella,,Hägersten-Liljeholmens,59.31045,18.001,Entire home/apt,,2,5,2023-10-07,0.14,1,0,0,
927370688600918332,2 Private Bedroom & 1 Bathroom in a Villa,523441772,1470355000404898218,Krishna,,Hässelby-Vällingby,59.3735305,17.823106,Private room,818,1,13,2026-06-19,0.37,1,354,3,
927472340797160300,Mysig lägenhet i Sjöstaden,26493722,1465367717118414921,Johan,,Södermalms,59.304676432304475,18.105708472430706,Entire home/apt,1738,2,4,2026-06-05,0.22,1,255,2,
927496844926114419,Modernt familjehus,3246548,1462623830998380049,Max,,Hässelby-Vällingby,59.3933,17.80874,Entire home/apt,2133,7,9,2025-08-12,0.26,1,19,2,
927521757991964362,Brand new flat near Södermalm,243660964,1469293177644583637,Natalia,,Hägersten-Liljeholmens,59.30201,18.02681,Entire home/apt,,3,2,2026-06-22,0.67,1,6,2,
928007851279210278,"Hus med pool i Gamla Enskede, nära Stockholm city",9516576,1462816199150974514,Jonas,,Enskede-Årsta-Vantörs,59.281891739696945,18.089253455400467,Entire home/apt,7076,2,3,2024-06-16,0.08,1,18,0,
928040058700629435,Large house with pool,194452573,1469013252959116289,Mattias,,Älvsjö,59.276906564653395,18.006551067672376,Entire home/apt,10848,1,8,2026-06-22,0.22,3,315,3,
928155389777217311,SOFO Södermalm ”The SOFO Garden” Stockholm city,4434939,1462657412130871150,Fredrik,,Södermalms,59.31389,18.07724,Entire home/apt,,5,12,2026-06-08,0.33,1,1,6,
928206718310309348,House on 18th century mansion,14364442,1462936932661726802,Andreas & Jana,,Hägersten-Liljeholmens,59.31516,18.01381,Entire home/apt,,4,25,2026-04-10,0.70,1,4,7,
928327105543270087,Lägenhet i centrala Stockholm,960364,1462534357421218979,Mariela,,Norrmalms,59.3465795,18.04652,Entire home/apt,,1,12,2026-05-30,0.34,1,0,2,
928411283333119939,Eget hus i södra Stockholm,79735175,1466973562859070699,Gunnar,,Farsta,59.26919,18.08518,Entire home/apt,,3,6,2025-08-07,0.17,2,0,3,
928866047177538792,"Luxury 2 room apt, central Sthlm",301919155,1469548111126332882,Adam,,Kungsholmens,59.33664,18.02494,Entire home/apt,3894,2,26,2026-03-01,0.74,1,10,6,
928886020128700544,Mysig 3a med topp läge på Söder,57189319,1465934818896956786,Lisa,,Södermalms,59.30688,18.07843,Entire home/apt,3024,4,0,,,1,61,0,
929521608870897952,Vackert boende med trädgård,16337520,1462984319000023166,Siri,,Enskede-Årsta-Vantörs,59.29029412034796,18.09911761432886,Entire home/apt,,5,7,2025-07-23,0.19,1,0,2,
929552478933015086,Radhus med härlig trädgård,12390900,1462886686498183968,Jenny,,Älvsjö,59.28685010681108,18.0279438961607,Entire home/apt,,4,10,2025-08-11,0.28,1,0,5,
929562748638741282,Unikt designhem,524060734,1470357699426587861,Marcus,,Hägersten-Liljeholmens,59.3077000716993,17.997682502153545,Entire home/apt,1370,4,13,2026-06-24,0.37,1,257,5,
930076298701586699,Newly renovated 3 bedroom topfloor apartment,476635035,1470148365214731883,Bella,,Södermalms,59.32439,18.07087,Entire home/apt,5197,2,162,2026-06-23,4.52,11,306,54,
930176013243382970,Eget boende,268083486,1469417144089690108,Vehin,,Rinkeby-Tensta,59.403025649638195,17.93117995545325,Entire home/apt,,1,0,,,1,269,0,
930369934830157251,Lägenhet nära natur och badplats,326960150,1469624498965000503,Elise,,Skarpnäcks,59.26689,18.1407,Entire home/apt,,1,0,,,1,49,0,
930823368975786598,"Hus i Gamla Enskede, nära Avicii arena& Gamla stan",141112779,1468394814915531573,Kristin,,Enskede-Årsta-Vantörs,59.28535216648344,18.08822703205475,Entire home/apt,1826,1,97,2026-06-29,2.92,1,291,42,
930919946042745597,Familjärt hus med pool,395198184,1469822408265171719,Rebecca,,Enskede-Årsta-Vantörs,59.28529,18.05653,Entire home/apt,,1,0,,,1,0,0,
931267911199433967,Charmig fyra i Gamla Enskede,353025611,1469705592853404731,Andreas,,Enskede-Årsta-Vantörs,59.28354,18.08034,Entire home/apt,,3,16,2026-06-22,0.44,1,4,5,
931590727417026489,"Charming flat w outdoor patio, central Södermalm",17592327,1463013785593013467,Nicolas,,Södermalms,59.31593,18.04931,Entire home/apt,,10,5,2024-08-20,0.16,1,4,0,
932030940650994430,"City/Södermalm nära, fin ljus lägenhet",212869452,1469112219830974039,Ida,,Enskede-Årsta-Vantörs,59.29688,18.05677,Entire home/apt,,2,5,2023-08-13,0.14,1,0,0,
932331581302832079,Quite Studio in the city-core,524795148,1470360737196799279,Dimen,,Östermalms,59.34285,18.0828,Entire home/apt,,1,4,2024-02-12,0.12,1,0,0,
932449369498917795,Cozy apartment in Södermalm,19968436,1463095835487493084,Ayse,,Södermalms,59.309282653207326,18.0816305249609,Entire home/apt,1271,4,8,2026-06-21,0.23,2,12,3,
932475396725695940,Cozy Apartment in Årsta,11205193,1462859472157171590,Patricia,,Enskede-Årsta-Vantörs,59.29749,18.03279,Entire home/apt,1473,3,54,2026-06-25,1.53,1,85,19,
933472141576310963,"Cozy, eclectic, and vibrant.",525133206,1470362255848806403,Abel,,Skärholmens,59.29345600514089,17.940886032248677,Entire home/apt,1130,5,2,2023-09-29,0.06,1,253,0,
933900718860168262,Private and central urban retreat by the water,51335267,1465801604042277229,Mattias,,Kungsholmens,59.317723097447434,17.986733442327875,Entire home/apt,4208,2,119,2026-06-25,3.46,1,62,41,
934043192174667746,"Mysig 4-rumslägenhet i hjärtat av Vasastan, 100 m2",520905801,1470343902321242211,Frida,,Norrmalms,59.3440934915735,18.04124351163942,Entire home/apt,3588,1,7,2026-01-03,0.38,1,6,6,
934061279180326779,Apartment 6min to T-Centralen,36031761,1465535162497968475,Feri,,Södermalms,59.31806,18.05771,Entire home/apt,,2,4,2025-06-14,0.11,1,0,0,
934537042515803756,Creative apartment in trendy Mariatorget Södermalm,185887928,1468961559888318998,Peter,,Södermalms,59.31551,18.06636,Entire home/apt,,4,10,2026-06-18,0.28,1,2,2,
934658641295635294,Charming 60 m2 at Mariatorget,76630204,1466939567490664176,Wilhelm,,Södermalms,59.31922,18.06002,Entire home/apt,,4,6,2026-03-30,0.33,1,0,5,
934904879138663957,Long Stay: Ljus lägenhet nära stan & naturreservat,36982684,1465550832409703222,Markus,,Skarpnäcks,59.29631,18.09132,Entire home/apt,,25,2,2025-08-05,0.14,1,0,1,
935216967715433333,Cozy 4 room apt. + private patio,1477107,1462546887108714071,Love,,Norrmalms,59.341367,18.0285284,Entire home/apt,,4,0,,,1,0,0,
935293395471468743,"Rymlig 2:a, Gamla Enskede, tillgång till trädgård",54711,1462507795982234736,Lisa,,Enskede-Årsta-Vantörs,59.28266,18.09002,Entire home/apt,,2,16,2024-08-11,0.45,1,0,0,
935359128193251817,Nice studio at Telefonplan,271346174,1463352607514495320,StayPlus,,Hägersten-Liljeholmens,59.2989731,17.9970139,Entire home/apt,851,1,53,2026-06-24,1.59,50,197,26,
935552177431816539,Studio med klädkammare i Vällingby,38948279,1465581829247501005,Susanne,,Hässelby-Vällingby,59.37960709999999,17.8620145,Entire home/apt,577,3,8,2024-10-02,0.30,1,320,0,
936159485148203948,departamento amplio para familia,525852819,1470365203077009237,Javier,,Skärholmens,59.27893,17.90687,Entire home/apt,514,2,0,,,1,347,0,
936660208628162338,Bright flat close to the city,512068294,1470302867711607863,Nikita,,Hägersten-Liljeholmens,59.30381879999999,18.0116648,Entire home/apt,,1,18,2024-08-05,0.50,1,0,0,
936716591921818031,Apartment with own entrance,2726204,1462606286865384901,Christian,,Bromma,59.33361,17.92676,Entire home/apt,1712,1,25,2026-06-14,0.73,1,320,6,
936806343574973947,Lägenhet i centrala Södermalm,81104901,1466986885535529961,Emelie,,Södermalms,59.3090529,18.0671263,Entire home/apt,2853,3,20,2025-09-20,0.57,1,275,8,
937380079417616946,Mysig och central lägenhet,169545634,1468639602869674792,Frida,,Skarpnäcks,59.296249203152314,18.08954481035471,Entire home/apt,1712,2,18,2025-08-29,0.51,1,147,1,
938208671614604536,Cozy townhouse close to city center,414104523,1469885370354237266,Henrik,,Enskede-Årsta-Vantörs,59.283490964960485,18.088163807988167,Entire home/apt,2762,3,2,2025-07-31,0.09,1,17,1,
938893049081539632,Mysig och citynära 20-talsvilla,63524032,1466784144334086795,Sanna,,Hägersten-Liljeholmens,59.30119,17.96725,Entire home/apt,4049,4,8,2026-01-03,0.23,1,6,4,
939567156571999433,Holiday home in Älvsjö near Stockholm | Se13028,410966513,1469874796771756389,StayNordic,,Älvsjö,59.2748,17.97652,Entire home/apt,,1,1,2023-08-04,0.03,1,365,0,
939864175562276103,ett mysigt rum hyrs ut,261364172,1469381493034583566,Carlos,,Enskede-Årsta-Vantörs,59.25835400397629,18.016839176416397,Private room,,4,1,2023-08-13,0.03,1,0,0,
940216754119412383,Modern Studio Apartment,70881371,1466877164829222562,Simon,,Farsta,59.25101341230162,18.075259029865265,Entire home/apt,,2,16,2025-09-07,0.46,1,0,1,
940325055840631484,Eget gästhus nära Mälaren,5205451,1462675303232723191,Henrik,,Hägersten-Liljeholmens,59.3036918,17.9545311,Entire home/apt,1712,1,86,2026-03-12,2.46,1,256,19,
940469055430755039,Gröna villan,277112346,1469460862142974058,Ola,,Enskede-Årsta-Vantörs,59.27969,18.08649,Entire home/apt,3424,2,11,2025-08-08,0.31,1,165,2,
940590089956848608,Hemtrevlig 3a i hjärtat av Söder,242451833,1469287186728956932,Jennie,,Södermalms,59.31271,18.07781,Entire home/apt,,1,7,2023-10-23,0.20,1,0,0,
940609625184538408,Mysigt boende m. balkong - Söder,58890531,1466707437084772861,Anna,,Södermalms,59.30863,18.07933,Entire home/apt,,1,12,2024-08-18,0.34,1,0,0,
941225108063108381,Rymligt hus nära city.,43879973,1465651798926396450,Erik,,Hässelby-Vällingby,59.377157817151776,17.84174326931151,Entire home/apt,2179,4,1,2024-07-29,0.04,1,7,0,
941339443926162666,"Near citycenter, nature &the sea",5458562,1462681323819212043,Janna,,Östermalms,59.35363966237347,18.087431900203228,Entire home/apt,,4,6,2025-07-28,0.17,1,0,2,
942072952319968122,Fully equipped kitchen apartment,7135402,1462724325476183656,Senad,,Rinkeby-Tensta,59.39947,17.94704,Entire home/apt,,1,0,,,1,0,0,
942370096012628636,"Superläge i Globen, Gullmarsplan Stockholm",13296671,1462907991767846620,Joe,,Enskede-Årsta-Vantörs,59.29120648587171,18.079070977313275,Entire home/apt,3127,1,10,2026-06-14,0.39,1,165,1,
942432993589213570,Double room Mosebacke Södermalm,1793574,1462578560323542673,Nathalie,,Södermalms,59.31809,18.07618,Private room,1141,3,7,2026-06-15,0.20,1,347,2,
942800868697888976,Lyxig 4:a med stor takterrass,527680573,1470372536211582925,Stefan,,Södermalms,59.30354648694227,18.089409358799458,Entire home/apt,9272,4,9,2026-06-24,0.29,1,90,2,
942867350134784857,Litet fint läge i Fredhäll,34245919,1465501952639506346,Matilde,,Kungsholmens,59.33155429877019,18.000612050843284,Entire home/apt,1850,1,1,2023-08-01,0.03,1,362,0,
943201747764415000,Nyrenoverad lägenhet med utsikt över vattnet,125124311,1468261863919042599,Benjamin,,Kungsholmens,59.33703,18.02852,Entire home/apt,2277,5,23,2025-12-22,0.65,1,305,4,
943419535776087068,The Green House Stockholm,191900210,1468997448587086324,Johan,,Hägersten-Liljeholmens,59.29293,17.95297,Entire home/apt,2345,2,120,2026-06-21,3.40,1,115,43,
944949562478227491,Charmig lägenhet mitt i stan!,87114606,1467047997255341873,Martin,,Kungsholmens,59.3335873,18.0356031,Entire home/apt,1750,1,22,2026-06-14,0.86,1,158,14,
945791452720754064,Cosy house with garden,100785258,1467209994937737424,Henrik,,Enskede-Årsta-Vantörs,59.29169,18.06844,Entire home/apt,,5,9,2025-08-13,0.37,1,13,5,
946113323867747060,Stora o fridfulla radhuset,528565922,1470376081481687014,Niklas,,Hässelby-Vällingby,59.38068760000001,17.86523987301634,Entire home/apt,,1,6,2023-08-20,0.17,1,0,0,
946304390943258545,En bohemisk idyll,10576243,1462844282319626497,Stephanie,,Hägersten-Liljeholmens,59.30287,17.98884,Entire home/apt,,1,0,,,1,0,0,
946922844780183354,Lägenhet,336916804,1469653685322762626,Nassnet,,Skärholmens,59.26971,17.89085,Entire home/apt,970,1,1,2025-08-27,0.10,2,356,1,
946999793111375782,Nice apartment with one room,527377844,1470371311475748780,Farzaneh,,Södermalms,59.305335740051014,18.099938369230767,Entire home/apt,1369,5,0,,,1,348,0,
947894038002719822,Mysig lyxlägenhet i centrala Stockholm,7711294,1462739189868272918,Sofia,,Kungsholmens,59.33013100920546,18.039996698498726,Entire home/apt,,6,4,2026-06-01,0.11,1,0,1,
948342566910601821,Taktält Thule (bara tältet) ej bilen,240136322,1469277214640506465,Mikaela,,Södermalms,59.30947,18.07809,Entire home/apt,,7,0,,,1,0,0,
949138947534191946,Cozy apartment in a calm and central area,529420501,1470379378370617010,Miranda,,Södermalms,59.30731,18.08592,Entire home/apt,,1,8,2026-02-01,0.34,1,2,4,
949162010875095617,Etagevåning i Högdalen,17907555,1463031730718907176,Henrik,,Enskede-Årsta-Vantörs,59.26212829573545,18.044406747360192,Entire home/apt,2283,1,0,,,1,260,0,
949355641224149602,3 bedroom apartment in downtown,66542021,1466822170203178073,Rana,,Norrmalms,59.34059,18.03331,Entire home/apt,,7,0,,,1,0,0,
949851726916714366,Villa nära tunnelbana till city,71091427,1462794140897905777,Christine,,Bromma,59.346819950976396,17.89707887917757,Entire home/apt,4748,3,1,2024-05-18,0.04,1,173,0,
949857381442648033,Mysig lägenhet med toppenläge,179825440,1468736432645141628,Christina,,Södermalms,59.31497,18.08674,Entire home/apt,,4,23,2026-06-14,0.65,1,0,9,
950050121018759685,Cozy apartment in Stockholm,529677457,1470380379915826301,Natalia,,Enskede-Årsta-Vantörs,59.29683,18.0527842,Entire home/apt,,1,11,2024-01-18,0.34,1,0,0,
950056250288111337,Luxury 1 bed century flat in Kungsholmen,529704789,1470380484687694930,Nevzat,,Kungsholmens,59.33538,18.03281,Private room,2169,2,0,,,1,262,0,
950778414961650200,Rum uthyres i Stockholm,529901255,1470381242148971201,Ana,,Skärholmens,59.278197994534665,17.889629565369088,Private room,742,1,4,2024-07-15,0.11,2,262,0,
951123574377355780,Rum uthyres i Stockholm,529901255,1470381242148971201,Ana,,Skärholmens,59.27741,17.8896,Private room,737,1,1,2025-07-13,0.08,2,266,1,
951918817437331388,House in Bromma,430125669,1469948308383663348,Fantine,,Bromma,59.345325789484995,17.905882958151867,Private room,410,1,0,,,1,265,0,
952183263742372192,Room for 1 or 2,530283758,1470382515161132403,Charlotte,,Kungsholmens,59.31989959999999,17.9878916,Private room,856,3,30,2026-06-27,0.88,1,13,12,
953431679029918668,2 Room Apartment in Hammerby Sjöstad,17568635,1463013221336373981,Johannes,,Södermalms,59.3097963,18.1042963,Entire home/apt,,2,4,2023-10-29,0.12,1,0,0,
954203009015928612,Charming home in up-and-coming suburb,135323554,1468348755002125383,Andreas,,Skarpnäcks,59.27923,18.131,Entire home/apt,1222,1,93,2026-05-28,2.66,22,340,24,
954246084291762896,Quiet one bedroom apartment Älvsjö,274474494,1469448104786825324,ApartDirect,,Enskede-Årsta-Vantörs,59.2761,18.02947,Entire home/apt,,30,0,,,14,0,0,
954884376005463298,Spacious loft apartment 63 sqm,428239101,1469940597170849932,Unity,,Södermalms,59.3027348,18.0941441,Private room,1201,28,0,,,8,279,0,
955133241085252469,Cozy with a view • 30 sq m,2997728,1462614529454586492,Scott,,Enskede-Årsta-Vantörs,59.294628861524096,18.08619054540254,Entire home/apt,1564,14,0,,,1,56,0,
956399043077133316,The Nordic Nook - Cozy Gem in Stockholm City,248630112,1469318306124290779,Majed,,Norrmalms,59.3489488,18.0392592,Entire home/apt,1694,3,62,2026-06-25,1.78,1,142,24,
957649790415795258,2-Bedroom Central Excl.Apartment,48390274,1465731601811995302,Farzad,,Norrmalms,59.34334,18.05731,Entire home/apt,,1,30,2024-07-03,0.87,1,0,0,
957681545141988296,Cozy apartment in Stockholm City,531748762,1470388124419835960,Deniece,,Södermalms,59.31802,18.03029,Entire home/apt,1244,1,1,2023-08-22,0.03,1,246,0,
958331032266208500,Ljus och fin lägenhet,109293657,1467323212387482531,Kristina,,Hägersten-Liljeholmens,59.30553,17.97964,Entire home/apt,,14,1,2024-11-30,0.05,1,0,0,
958682619428960674,Unikt läge på Kungsholmen.,45962909,1465686518657074002,Ninna,,Kungsholmens,59.3317719,18.0461857,Entire home/apt,,2,2,2023-10-08,0.06,1,0,0,
959159283067332477,Charming townhouse,59613794,1466721541748940681,Tarek,,Rinkeby-Tensta,59.39685,17.93943,Entire home/apt,1967,2,18,2026-04-16,0.54,1,63,3,
959249508423960457,Spacious apartment with view of waterfront,501170996,1470253867661826624,Bella,,Kungsholmens,59.33734,18.02552,Entire home/apt,2197,2,55,2026-06-16,1.61,4,306,44,
959416065269213398,Private room,55433359,1465908469812894512,Anna,,Skarpnäcks,59.28532900334062,18.100232407450676,Private room,,1,0,,,2,0,0,
959416906856988521,Charmig vindslägenhet,24200792,1465284557810897015,Anastasia,,Södermalms,59.31716,18.03377,Entire home/apt,,30,0,,,1,0,0,
960249012765538424,Stunning family villa with pool,508725811,1470286897950611411,Peter,,Bromma,59.31969,17.96644,Entire home/apt,6086,3,5,2025-08-30,0.20,1,195,2,
960633564448404055,Lake View Penthouse by marina with Piano & vinyls.,7159554,1462724945138724149,Walter,,Bromma,59.32135,17.94149,Entire home/apt,2150,1,98,2026-06-14,2.83,2,238,24,
960777649024714268,Seaside Serenity: Stylish Apartment by the Water',360663867,1469723198732771507,Andressa,,Södermalms,59.30345,18.10692,Entire home/apt,,3,1,2023-12-27,0.03,1,0,0,
960949090778116381,"1,5 room apartment in Södermalm",495506813,1470230166249756867,Ida,,Södermalms,59.30075,18.09417,Entire home/apt,,2,7,2024-05-24,0.20,1,0,0,
962192840795619506,Room in a Brazilian retreat,387886610,1469799866904817105,Tali Escher,,Norrmalms,59.34796952280571,18.058168557672136,Private room,856,1,26,2026-06-13,0.75,1,43,25,
962378145779878107,The cozy corner,492721802,1470218571108151399,Salim,,Enskede-Årsta-Vantörs,59.26237670040436,18.02926757778926,Private room,457,1,0,,,1,252,0,
962802345364098768,Studio apartment on Södermalm,162536727,1468581741031523045,Akif,,Södermalms,59.31576,18.05204,Entire home/apt,630,1,12,2025-09-30,0.36,1,53,1,
962831948146440716,Classic Old Town Apartment,140912731,1468393214866272898,Familjen Svensson,,Södermalms,59.32331,18.0711,Entire home/apt,4542,1,185,2026-05-31,5.38,2,247,43,
963644492846053563,Petite studio in popular Södermalm,60382478,1466742370835977491,Elias,,Södermalms,59.31783,18.06528,Entire home/apt,1501,1,363,2026-06-26,10.77,30,358,171,
964333717986819771,Top floor apartment with balcony,529212816,1470378410895568493,AnaMaria,,Östermalms,59.34689,18.06771,Entire home/apt,3386,1,65,2026-06-24,2.08,2,43,23,
965057532185049630,40 sqm Corner Studio with large windows,428239101,1469940597170849932,Unity,,Södermalms,59.3027348,18.0941441,Private room,,28,0,,,8,319,0,
965224664237208346,Nice big apartment,26906292,1465384606215367625,Fredrik,,Östermalms,59.3512,18.06208,Entire home/apt,2397,1,2,2025-06-01,0.09,1,255,0,
965707645648617166,2 Bedroom Apartment Gamla Stan,362541894,1469727868135391449,ApartDirect,,Södermalms,59.324915,18.0734227,Entire home/apt,4966,2,100,2026-06-18,2.90,22,274,27,
965862681498810227,Centralt belägen villa i Stockholm,455358293,1470048930014430839,Johan,,Hägersten-Liljeholmens,59.29574,17.96231,Entire home/apt,4359,4,4,2025-08-19,0.12,1,321,1,
966392518134569761,Room in a flat in Bandhagen,64510365,1466796954420781887,Paola,,Enskede-Årsta-Vantörs,59.27134,18.04552,Private room,,3,0,,,1,0,0,
967402552409351027,mysig lägenhet på Södermalm,149604448,1468462497378738141,Nils,,Södermalms,59.314315901836906,18.081033157672113,Entire home/apt,,2,22,2025-10-12,0.67,1,0,6,
967519199851323214,Cosy bright room with large desktop & golf theme,23541339,1465274653181823173,Christian,,Bromma,59.334911363873445,17.953466014059906,Private room,913,1,13,2026-06-01,0.38,4,308,6,
968009160134363762,Södermalm with a fantastic view,22124152,1463172159544358700,Sandra,,Södermalms,59.30642,18.08199,Entire home/apt,,7,16,2024-08-11,0.46,1,0,0,
968538377278727142,Hotel at old town Queen room,534441719,1470398605631743540,Hotel,,Södermalms,59.32624,18.07044,Entire home/apt,2000,1,5,2026-06-07,0.15,4,244,1,
968554740368817232,Hotel at old town Lägenhet Standard Queen room,534441719,1470398605631743540,Hotel,,Södermalms,59.3251604,18.0700038,Entire home/apt,3200,1,32,2025-12-29,0.96,4,277,7,
970365950446471302,Comfy Private Room 10 min from Downtown Stockholm,534876434,1470400319530973781,Nadia,,Älvsjö,59.28657,18.01406,Private room,697,2,113,2026-06-20,3.58,1,11,53,
970407165999860276,Modern villa nära city och bad,12579318,1462890984967051770,Niklas,,Hägersten-Liljeholmens,59.300557329078195,17.94617237572905,Entire home/apt,4565,2,6,2026-04-11,0.20,1,25,2,
970671242845836213,Mysig lägenhet i Hornstull,15524385,1462964384787980076,Adam,,Södermalms,59.31627069242139,18.029448021137103,Entire home/apt,,1,7,2024-07-16,0.21,1,0,0,
971049012659631886,Guest house in a quite neighborhood,106474639,1467291138325054826,Ngan,,Älvsjö,59.282500575077165,18.039367385208607,Entire home/apt,791,2,87,2026-06-24,2.54,1,133,45,
972243335433743038,Stockholm Kungsholmen rum natt,535254372,1470401853528025579,Anne,,Kungsholmens,59.33423962973467,18.028847800766282,Private room,731,1,152,2026-06-25,4.45,1,22,46,
972806777445294691,Skön och mysig 60'tals pärla,7003366,1462720995570646898,Marc,,Hägersten-Liljeholmens,59.30761,18.0183,Entire home/apt,2126,2,18,2026-01-04,0.57,1,56,3,
973051219632826622,Tiny studio 20 min from city centre,135323554,1468348755002125383,Andreas,,Enskede-Årsta-Vantörs,59.26896,18.04391,Entire home/apt,1148,2,75,2026-06-24,2.20,22,345,22,
973153908650202547,Enskedevilla med bubbelpool nära Södermalm,5256151,1462676528509110933,Daniel,,Enskede-Årsta-Vantörs,59.2836178,18.0673311,Entire home/apt,,3,6,2025-08-16,0.25,1,3,3,
973249617409148157,A beautiful view!,80793517,1466983800595454875,Afrang,,Farsta,59.2385,18.10461,Entire home/apt,,7,0,,,1,0,0,
973818441759426857,Ett hem i Vasastan,36998793,1465550997163771396,Daniel,,Norrmalms,59.35024,18.05714,Entire home/apt,,4,10,2024-04-12,0.29,1,0,0,
974309659015226614,Radhuslägenhet med Takterrass,18128997,1463036866383950398,Christoffer,,Enskede-Årsta-Vantörs,59.28750942041349,18.09239700436592,Entire home/apt,2093,12,0,,,1,263,0,
974480018742616608,A Taste of Paris Chic in STO,45589939,1465677282743348144,Enrique,,Kungsholmens,59.3369416,18.0255415,Entire home/apt,2412,20,2,2025-08-26,0.06,2,321,1,
974548811545865927,Modern top floor apartment in Kungsholmen,535802771,1470404191012367337,Lukas,,Kungsholmens,59.32881,18.04288,Entire home/apt,4221,2,134,2026-06-22,4.03,52,321,47,
974550048996042148,Bright top-floor apartment in a great location,535802771,1470404191012367337,Lukas,,Kungsholmens,59.33024,18.04489,Entire home/apt,2602,2,135,2026-06-27,3.98,52,310,53,
975243323101831636,Convenient studio in residential area,135323554,1468348755002125383,Andreas,,Kungsholmens,59.32387,17.98726,Entire home/apt,1660,1,86,2026-06-15,2.53,22,333,35,
975845283138943695,Small studio Hagsätra,274474494,1469448104786825324,ApartDirect,,Enskede-Årsta-Vantörs,59.2652,18.01011,Entire home/apt,,30,7,2025-05-24,0.22,14,0,0,
976128243846387657,Feel at home in Vasastan,3135590,1462619949554907564,Mikael,,Norrmalms,59.34483,18.0429,Entire home/apt,,12,0,,,1,0,0,
976134508905941547,cozy room with wonderful view,236366108,1469257806149328338,Lidia,,Hässelby-Vällingby,59.36258,17.87128,Private room,,2,23,2024-05-17,0.68,1,0,0,
977389814503060649,Komfortables Studio mit privatem Eingang,528945813,1470377473927474932,Carola,,Enskede-Årsta-Vantörs,59.29422649999999,18.0535342,Entire home/apt,,2,18,2023-12-17,0.53,1,0,0,
977543544484251233,Mysig lägenhet vid Älvsjö station,83459679,1467010296818481850,Kristine,,Älvsjö,59.28053,18.01132,Entire home/apt,,1,25,2024-08-12,0.76,1,0,0,
978035633783708533,Modern Studio,245999299,1469305071990221539,Maria,,Södermalms,59.32327941888848,18.069511724494365,Entire home/apt,2275,1,212,2026-06-12,6.27,3,320,71,
978076770598181816,Room in duplex apartment,244325,1462513606511208992,Hanna,,Enskede-Årsta-Vantörs,59.2874,18.09575,Private room,,1,30,2024-06-27,0.90,1,0,0,
978211345189715986,"Lägenhet Nytorget, Södermalm.",520796205,1470343329672917931,Ellen,,Södermalms,59.31552156658103,18.084427551570464,Entire home/apt,4922,2,1,2023-10-20,0.03,1,88,0,
978372307393855658,Fräscht och modern radhus.,536666382,1470407645022964782,Diana,,Skärholmens,59.292270043371516,17.945548010567133,Entire home/apt,,5,2,2024-03-04,0.07,1,77,0,
979084698555189700,Stylish Urban Home in Stockholm,220860397,1469166418597195468,Sofia,,Älvsjö,59.28026618690606,18.00185281222086,Entire home/apt,2071,1,63,2026-06-15,1.88,21,115,22,
979494998346069076,Apartment Double,186220121,1468963444505346663,Mornington Longstay,,Bromma,59.34580838545907,17.968038169100545,Entire home/apt,937,14,0,,,15,360,0,
979500018197122179,Apartment Double,186220121,1468963444505346663,Mornington Longstay,,Bromma,59.34793,17.96559,Entire home/apt,627,28,2,2025-10-10,0.14,15,316,1,
980142726598880857,Newly renovated top floor apartment on Kungsholmen,535802771,1470404191012367337,Lukas,,Kungsholmens,59.3294,18.03584,Entire home/apt,3731,2,159,2026-06-22,4.72,52,294,62,
980290846589023103,Farsta sjöutsikt!,447907807,1470016854504303515,Per Anton Tomas,,Farsta,59.24364,18.11485,Entire home/apt,2247,1,0,,,1,267,0,
981647690943218156,"Naturnära, 14 min till Centrum via Tunellbanan.",537367816,1470410489210522798,Cristina,,Skarpnäcks,59.28968440000001,18.1204193,Private room,616,2,68,2026-06-18,2.06,1,111,30,
982974081821417778,Lägenhet i Vasastan,468030006,1470110195695516201,Amanda,,Norrmalms,59.34268,18.03638,Entire home/apt,,1,3,2024-05-19,0.09,1,0,0,
983143964821507098,Vackert boende i södra Stockholm,33757140,1465493532327826832,Charlotte,,Farsta,59.2677564,18.0907251,Entire home/apt,,1,0,,,1,0,0,
983422912425954004,Cozy room in central Stockholm,406014037,1469857330023433834,Jo,,Kungsholmens,59.334051790097284,18.01791340112686,Private room,,2,14,2024-05-20,0.42,1,0,0,
983990381997525555,Odengatan,29080945,1465428621505833897,Tilde,,Norrmalms,59.345123458703995,18.06332445237807,Entire home/apt,2739,5,2,2026-04-25,0.07,1,154,1,
984127665856382672,Calm and cozy in popular area,108021892,1467308985754581845,Sixten,,Södermalms,59.316218666290894,18.029318153858185,Entire home/apt,,15,2,2024-05-19,0.06,1,0,0,
984480211845032548,Mysig fristad i den bästa delen av Stockholm,70666382,1466874785583049535,Elisabet,,Södermalms,59.31685816893141,18.0391293354905,Entire home/apt,1478,2,20,2026-06-13,0.71,1,15,13,
984584358099094100,Standardrum - 2 enkelsängar – pentry,445475765,1470007578340713560,Bromma,,Bromma,59.35758016028728,17.920190322999588,Entire home/apt,1295,1,3,2025-08-24,0.12,6,362,1,
984654599940847443,"Ljus och mysig, nära natur",486609821,1470190274562663227,Mira,,Enskede-Årsta-Vantörs,59.29742460000001,18.0447239,Entire home/apt,,3,4,2024-03-27,0.12,1,0,0,
984727783519132208,"Minihus i Stockholm, med tillgång till pool",127187334,1468279134042114194,Rikard,,Bromma,59.34766190000001,17.9130753,Entire home/apt,2020,1,4,2025-08-25,0.12,1,4,2,
985300656139169644,Standardrum - 2 enkelsängar- inga fönster,445475765,1470007578340713560,Bromma,,Bromma,59.359446635958186,17.920528955710026,Entire home/apt,995,1,3,2026-05-30,0.10,6,359,1,
985326768353373370,Familjerum - 3 enkelsängar – pentry,445475765,1470007578340713560,Bromma,,Bromma,59.35785,17.91905,Entire home/apt,1295,1,1,2024-05-18,0.04,6,360,0,
985439058608427971,Fräsch lägenhet med bra läge,167699851,1468622918731495387,Selim,,Skärholmens,59.281227029482594,17.904654121382194,Entire home/apt,1449,5,3,2023-10-22,0.09,1,352,0,
985492178054917423,House in near Stockholm suburb!,468343727,1470111645359837062,Fredric,,Bromma,59.32824,17.94132,Entire home/apt,,1,1,2024-01-07,0.03,1,0,0,
985591441370898333,Villa Roxstrom nära Stockholm C,32692986,1465479394427547050,Göran,,Skarpnäcks,59.27817409999999,18.1183976,Entire home/apt,3538,2,5,2025-05-17,0.19,1,242,0,
987629895452561860,3:a i mysigt Södermalmskvarter,538699800,1470415546277573814,Johan,,Södermalms,59.3135486,18.078075,Entire home/apt,3995,1,17,2026-06-23,0.66,1,182,8,
988290776772778390,Beautiful Home on Valhallavägen,12644479,1462892415934393635,Beatrice,,Norrmalms,59.34765369999999,18.064271,Entire home/apt,,25,12,2024-08-14,0.38,1,0,0,
988369796211743725,Unique house in Royal Djurgården,132508649,1468325122710700775,Robin,,Östermalms,59.33012057332433,18.134767216399645,Entire home/apt,2853,3,9,2026-06-28,0.35,1,255,3,
988782041904683506,Charmig lägenhet med öppen planlösning & balkong,68979026,1529319190680990899,Anna,,Kungsholmens,59.3371,18.02526,Entire home/apt,,2,2,2025-11-09,0.11,1,0,1,
989637133577551068,"Centralt, praktiskt & mysigt!",14393547,1462937561700977215,Maria,,Norrmalms,59.34465,18.05559,Entire home/apt,,4,4,2024-05-21,0.13,1,0,0,
989696047967436790,Penthouse with terrace in the heart of Södermalm,178288855,1463069830992036315,Charlotte,,Södermalms,59.31946,18.058,Entire home/apt,,1,31,2026-04-26,0.94,1,0,14,
989751115695625840,"Nära metro, skogen och stranden!",364397925,1469732668045807011,Magalys,,Hässelby-Vällingby,59.36293989999999,17.8466735,Entire home/apt,594,1,56,2026-06-28,1.70,8,288,26,
990297047730684852,Unik och vacker lägenhet,144987147,1468425858510237807,Lorentz,,Södermalms,59.31387,18.09082,Entire home/apt,,1,48,2025-08-01,1.44,1,0,8,
990381547047860939,Feeling like a home.,182141922,1468757553023792883,Shafiqul,,Rinkeby-Tensta,59.41507,17.91196,Entire home/apt,,7,0,,,2,0,0,
990663942560726018,Sunny and peaceful top floor in Hägersten,192861421,1469003267513727644,Angel,,Hägersten-Liljeholmens,59.30014643385872,17.988411247141414,Entire home/apt,1211,5,8,2025-11-20,0.24,1,13,2,
991015330336780580,Cosy Urban Home in Stockholm,220860397,1469166418597195468,Sofia,,Älvsjö,59.279606524395774,18.00035865769673,Entire home/apt,2133,1,42,2026-06-14,1.28,21,104,17,
991177991090022721,"Ny 3,5:a i Älvsjöstaden",100072332,1467202269437411623,Malin,,Älvsjö,59.28086589999999,18.0080986,Entire home/apt,,28,0,,,1,0,0,
992062452108168097,Fint hus med grönskande trädgård. Allergivänligt.,6084169,1462697507156493614,Christopher,,Enskede-Årsta-Vantörs,59.28565,18.05804,Entire home/apt,4594,6,0,,,1,364,0,
992174256038844821,"Modern Apartment, 19 min to CBD.",67523073,1466834325756705574,Emelie,,Hägersten-Liljeholmens,59.28488,17.95306,Entire home/apt,,60,0,,,1,0,0,
992531318568839258,Cozy flat in the heart of söder,41688939,1462688366863583238,Johanna,,Södermalms,59.3191,18.07347,Entire home/apt,,4,4,2025-10-13,0.12,1,0,1,
993379541054118099,Rymlig villa nära city med skogen runt hörnet,539985146,1470420450096767654,Lisa,,Farsta,59.26880120000001,18.0784224,Entire home/apt,2834,3,31,2026-06-14,0.94,1,285,2,
994049993648724784,Double room with Shared Bathroom at City Living,539472041,1470418576017201721,Hotel City Living,,Skarpnäcks,59.264053444567,18.13229666798402,Private room,,1,6,2024-07-01,0.18,9,0,0,
994059726371765567,Quiet 2-bedroom apartment Älvsjö,274474494,1469448104786825324,ApartDirect,,Enskede-Årsta-Vantörs,59.276222607193716,18.028689089567536,Entire home/apt,,30,2,2024-02-05,0.06,14,84,0,
994146462749771045,Fantastisk villa med pool nära Stockholm,395927059,1463604787110218948,Marcus,,Farsta,59.2661706,18.0835572,Entire home/apt,9015,3,11,2026-06-07,0.42,1,216,2,
994747769845613277,Small One Bedroom Apartment,274474494,1469448104786825324,ApartDirect,,Enskede-Årsta-Vantörs,59.2761,18.03045,Entire home/apt,,30,0,,,14,46,0,
994759898787059185,Small quiet studio Älvsjö,274474494,1469448104786825324,ApartDirect,,Enskede-Årsta-Vantörs,59.27746,18.02932,Entire home/apt,,30,2,2024-11-16,0.08,14,47,0,
994770292930976693,One bdrm with renovated kitchen,274474494,1469448104786825324,ApartDirect,,Enskede-Årsta-Vantörs,59.27621737366096,18.029586021623196,Entire home/apt,524,30,2,2025-11-01,0.17,14,39,2,
994783070608678720,Top floor 1 bedroom Älvsjö,274474494,1469448104786825324,ApartDirect,,Enskede-Årsta-Vantörs,59.277961769408535,18.03035029145458,Entire home/apt,,30,1,2026-05-31,1,14,88,1,
995354391533434165,Standardrum - 1 dubbelsäng,445475765,1470007578340713560,Bromma,,Bromma,59.35886,17.91859,Entire home/apt,1095,1,1,2023-12-17,0.03,6,360,0,
995359012913761477,Studio - pentry - utan fönster,445475765,1470007578340713560,Bromma,,Bromma,59.3596299485173,17.918615547991397,Entire home/apt,1095,1,1,2024-05-19,0.04,6,360,0,
995447698953534492,Villaidyll söder om Söder lummig trädgård med pool,56005485,1465917387260114067,Carina,,Skarpnäcks,59.27722619999999,18.1152722,Entire home/apt,,4,1,2024-06-30,0.04,2,0,0,
995505217512639124,Newly renovated 2-bedroom apt,274474494,1469448104786825324,ApartDirect,,Enskede-Årsta-Vantörs,59.27791,18.02934,Entire home/apt,,30,0,,,14,0,0,
995514733388803842,Newly renovated 1 bdrm topfloor,274474494,1469448104786825324,ApartDirect,,Enskede-Årsta-Vantörs,59.27802,18.0307,Entire home/apt,,30,1,2025-10-17,0.12,14,34,1,
995525536854384107,Nordic Cozy Metro & Bus | Free Parking | Fast Wifi,55987957,1462733234112934155,Monica,,Spånga-Tensta,59.37930997890543,17.89422409043473,Entire home/apt,989,3,70,2026-06-27,2.13,1,113,32,
996232867311404397,SoFo apartment,12906844,1462898359798671861,Axel,,Södermalms,59.31526,18.07884,Entire home/apt,1478,5,0,,,2,178,0,
997842623284173291,Long term - Scandinavian Design Apartment,3893746,1462642035848310780,Samer,,Skärholmens,59.27949,17.90323,Entire home/apt,,90,0,,,1,358,0,
998984633236469186,Own Exclusive Penthouse floor at the best location,541196712,1470425221215891969,Ted,,Östermalms,59.33921,18.09205,Private room,1623,3,17,2026-06-12,0.54,2,265,3,
999334430335004568,Exclusive room located in city center,541196712,1470425221215891969,Ted,,Östermalms,59.339166470753966,18.09251950630151,Private room,1814,4,12,2026-06-15,0.47,2,269,3,
999335828783767015,Trevligt rum på Södermalm!,15906943,1462973564924883641,Karl,,Södermalms,59.31375391196848,18.086128677246077,Private room,,3,1,2024-05-18,0.04,1,0,0,
999790679792070930,Cozy apartment close to city,46430892,1465695394889519951,Madeleine,,Hägersten-Liljeholmens,59.294718413773474,17.994796104377755,Entire home/apt,936,1,13,2026-06-03,0.41,1,71,1,
1000056802929658315,Remodeled 2-bedroom penthouse in Old Town,476635035,1470148365214731883,Bella,,Södermalms,59.32454,18.07119,Entire home/apt,7552,2,150,2026-06-27,4.58,11,307,55,
1000568200253234296,Newly build cozy upscale apartment,39907587,1465595695516266045,Linda-Marie,,Älvsjö,59.28047650000001,18.0012306,Entire home/apt,2130,2,39,2026-06-28,1.20,1,5,7,
1000731865050440394,Cozy quiet apartment in central Stockholm,50394571,1465772229442286341,Anders,,Norrmalms,59.34590249309568,18.03486014018186,Entire home/apt,1261,2,115,2026-06-17,3.66,1,69,40,
1001239087476732904,Vasastan city,515320013,1470318040863382319,Johan,,Norrmalms,59.34669163755909,18.05923380231224,Entire home/apt,1598,1,0,,,1,257,0,
1001663523106518794,Mysig 2:a som ger dig energi,411977420,1469878325971388221,Sempan,,Enskede-Årsta-Vantörs,59.2692,18.05312,Entire home/apt,,1,1,2023-11-09,0.03,1,0,0,
1002139279281739905,House with magic sunsets and view over the lake,6064572,1462697006230479113,Hanna,,Skärholmens,59.281939866786274,17.87822797894478,Entire home/apt,4474,5,0,,,2,358,0,
1002882248457690862,Stadsnära boende i Villaidyll,525302323,1470363019307529057,Lars Axel,,Bromma,59.32621547120945,17.965523772603362,Entire home/apt,1598,1,10,2026-06-24,0.42,1,53,5,
1003453820463200996,Hotel STHLM South,530625466,1470383844849514229,Ernesto,,Farsta,59.23978726609625,18.11244033121336,Private room,,60,0,,,1,0,0,
1004232730659095877,Small studio 29 sqm,274474494,1469448104786825324,ApartDirect,,Enskede-Årsta-Vantörs,59.27691,18.02918,Entire home/apt,,30,1,2025-10-04,0.11,14,44,1,
1004559235625090638,Luxury apartment in the heart of Södermalm,144865385,1468424912794801340,Jonas,,Södermalms,59.318573337382475,18.07105970442628,Entire home/apt,5900,2,2,2026-06-15,2,1,267,2,
1004773335785136740,Welcoming apartment in the city,122734596,1468243462498226258,Alexander,,Norrmalms,59.3415273,18.0513803,Entire home/apt,,1,10,2024-07-27,0.31,1,0,0,
1004847902320791829,Mysig lägenhet på Södermalm,17118261,1463002532948820405,Fanny,,Södermalms,59.31769,18.05217,Entire home/apt,,3,102,2025-09-10,3.10,1,0,12,
1004856042223518247,Apartment with amazing view,447671790,1470015794910594086,Patrik,,Kungsholmens,59.320809536781155,17.996529177916187,Entire home/apt,4930,1,15,2026-03-20,0.47,13,339,3,
1005498633296866026,"Modern, cozy studio apartment",366252494,1469737874615461051,Christian,,Kungsholmens,59.33577861776805,18.036841431024627,Entire home/apt,1467,2,15,2026-05-17,0.49,1,13,5,
1006234993101702499,Cosy-3 room-High Rise Apartment,486864034,1470191323838875926,Sunil,,Hässelby-Vällingby,59.35497,17.88433,Entire home/apt,,1,0,,,1,0,0,
1007086612462897937,Vindsvåning med utsikt,542807510,1470431662581710571,Maria,,Södermalms,59.3190488,18.0369337,Entire home/apt,2986,2,27,2026-06-21,1.04,1,197,13,
1007155910378653477,Härlig villa med centralt läge,57378475,1465938274691998386,Anna,,Hägersten-Liljeholmens,59.30855279999999,18.0020211,Entire home/apt,2853,5,6,2025-08-02,0.25,1,174,3,
1007546350401623841,Uthyres ett rum och kök,524412016,1470359080803156862,Sara,,Skärholmens,59.2786687,17.9009799,Private room,381,1,0,,,3,249,0,
1007717650748316843,Weekend in Stockholm,376114317,1469766433032418183,Adam,,Södermalms,59.31384881358026,18.089912936716285,Entire home/apt,2990,5,0,,,1,268,0,
1007843147699358188,Double room with Shared Bathroom at City Living,539472041,1470418576017201721,Hotel City Living,,Skarpnäcks,59.26441260000001,18.1330155,Private room,,1,1,2024-08-31,0.04,9,0,0,
1007861410356938434,211 Double with window · Double room with Shared B,539472041,1470418576017201721,Hotel City Living,,Skarpnäcks,59.26441260000001,18.1330155,Private room,,1,0,,,9,0,0,
1007892674228946023,Double room with Shared Bathroom at City Living,539472041,1470418576017201721,Hotel City Living,,Skarpnäcks,59.26441260000001,18.1330155,Private room,,1,0,,,9,0,0,
1007915853364202844,Single room with Shared Bathroom at City Living,539472041,1470418576017201721,Hotel City Living,,Skarpnäcks,59.26441260000001,18.1330155,Private room,,1,0,,,9,0,0,
1008034225789423438,Casa Soderstrom,149699708,1468463231478543320,David,,Södermalms,59.31735,18.07552,Entire home/apt,,6,0,,,1,0,0,
1008593188104177732,Fint rum i vacker lägenhet mycket nära Avici Arena,493326926,1470221184297333630,Clara Lee,,Enskede-Årsta-Vantörs,59.29825557711978,18.075248916394045,Private room,976,1,12,2025-10-16,0.41,1,229,3,
1008812127524079389,cozy room in Hammarby sjöstad,62884716,1466776056674981370,Pernilla,,Södermalms,59.30752825027321,18.109274104462425,Private room,1142,1,2,2025-09-21,0.19,10,269,2,
1009955599959087686,JUST FOR *WOMAN* - Lovely room,3596137,1462633660006356335,Lissandra,,Älvsjö,59.28028,18.00364,Private room,694,1,9,2026-05-31,0.29,2,213,4,
1010608359034677886,Cozy central apartment in Mariatorget in Södermalm,7271850,1462727730142916321,Migle,,Södermalms,59.318024691345926,18.062912715899643,Entire home/apt,,3,5,2025-04-22,0.16,1,0,0,
1010859442843641770,"Stockholm, Sweden",543579742,1470434732225015556,Christine,,Rinkeby-Tensta,59.4081581,17.9334763,Private room,514,1,5,2025-06-11,0.15,1,259,0,
1011708726422610878,Ett rum/boende i Stockholm,310129880,1469578707094598143,Delis,,Enskede-Årsta-Vantörs,59.2950432,18.0857716,Private room,731,2,3,2026-04-26,0.50,1,160,3,
1012044086091856545,Room for rent near the nature,443141940,1469998886979716112,Gianluca,,Hässelby-Vällingby,59.38176990628951,17.813729095106517,Private room,521,1,0,,,1,269,0,
1012867045915781166,"Charming, cosy, peaceful place!",3596137,1462633660006356335,Lissandra,,Älvsjö,59.27943639999999,18.004011,Entire home/apt,,1,1,2024-07-25,0.04,2,0,0,
1013027039313608109,1 room apartment,436277131,1469973017731777764,Pamela,,Bromma,59.34587,17.88141,Entire home/apt,,3,1,2024-05-21,0.04,1,0,0,
1013751677712335418,Mysig lägenhet på Telefonplan,226080968,1469202198537935816,Agnes,,Hägersten-Liljeholmens,59.30033669999999,17.9969492,Entire home/apt,,2,5,2025-06-05,0.18,1,0,0,
1014270682150482059,Sekelskiftesvåning med vacker stuckatur,33382759,1465488567390224751,Gustav,,Norrmalms,59.338982,18.05055,Entire home/apt,556,90,4,2025-04-15,0.16,1,223,0,
1014282611532268180,Beautiful top floor apartment in Södermalm,535802771,1470404191012367337,Lukas,,Södermalms,59.31426,18.08492,Entire home/apt,4596,2,139,2026-06-25,4.33,52,288,50,
1015240378690431538,"Cosy house near city, lake and nature",347891185,1469690280239146863,Maria,,Farsta,59.2347109,18.0897462,Entire home/apt,2853,2,12,2026-02-10,0.47,1,216,5,
1018024409572636778,Inspire!,375248849,1469763951026219574,Aizhan,,Spånga-Tensta,59.3963821,17.907015,Private room,424,2,15,2026-06-06,0.57,2,238,12,
1018059865960973011,Centralt på Södermalm,306841,1462515253098131261,Clas,,Södermalms,59.31186,18.07858,Entire home/apt,,1,18,2026-06-22,0.73,1,4,9,
1018202879272258700,Trevligt & centralt Etageboende!,349444762,1469695194790161341,Josefin,,Östermalms,59.33737,18.08251,Private room,945,1,141,2026-06-27,4.40,1,98,53,
1018721753775261505,Fin lägenhet väldigt centralt,325886610,1469621348754791169,Old Town Studio,,Södermalms,59.3233,18.06947,Entire home/apt,5041,1,145,2026-06-20,4.68,4,266,64,
1018796165595167792,Apartment - Hägersten/Liljeholmen,313104276,1469588752520615827,Dejan,,Hägersten-Liljeholmens,59.3025391,17.9450715,Entire home/apt,1701,3,18,2026-06-14,0.57,1,77,6,
1019029002369922023,Rum i Vällingby ej barn,520124858,1470340288128999310,Lena,,Hässelby-Vällingby,59.36433,17.8762,Private room,464,1,28,2026-05-31,0.91,1,241,9,
1019403390215336527,Mini lägenhet mycket centralt,140914167,1468393263783346770,Marianne,,Södermalms,59.32274,18.07022,Entire home/apt,1284,1,204,2026-06-12,8.35,2,223,97,
1019437944071781839,Suburban convenience w/ private balcony,135323554,1468348755002125383,Andreas,,Skarpnäcks,59.27841,18.12949,Entire home/apt,1570,1,75,2026-06-29,2.38,22,336,29,
1020020220046677525,3:a Norrmalm,212404964,1469109431638590359,Malin,,Norrmalms,59.33727213857617,18.062003579110275,Entire home/apt,,4,32,2025-09-01,1.05,1,0,11,
1020352446058646192,Cozy Apartment in Älvsjö,500898468,1470252477129386909,Olive Melissa,,Älvsjö,59.2814812,18.0022226,Entire home/apt,,1,8,2024-07-17,0.25,1,0,0,
1020361191276515099,Stay at the heart of Stockholm's cultural life,16087816,1462977988293485367,Mona,,Södermalms,59.31240739999999,18.081432,Entire home/apt,,1,4,2024-05-19,0.13,1,0,0,
1021597126017919449,Apartment in Kungsholmen,433290114,1469961326297721584,Filip,,Kungsholmens,59.334784,17.9999519,Entire home/apt,402,58,0,,,1,306,0,
1021766626181931262,Spacious flat for large group,140912731,1468393214866272898,Familjen Svensson,,Södermalms,59.324863537966436,18.070827276149785,Entire home/apt,4337,1,114,2026-06-07,3.81,2,294,46,
1023182600611463009,Luxurious city center flat,546162337,1470444588741140752,Robert,,Norrmalms,59.3355794,18.069558,Entire home/apt,1059,30,3,2026-05-10,0.11,1,253,1,
1023228240403943138,Mysig lägenhet på Gärdet!,546175529,1470444634292238498,John,,Östermalms,59.34660319955706,18.109252077526104,Entire home/apt,,14,0,,,1,0,0,
1023816180704345514,Spacious apartment in Kungsholmen,192686725,1469002149415515136,Jasmin,,Kungsholmens,59.33363,18.03366,Entire home/apt,,4,14,2025-02-05,0.46,1,0,0,
1024355492603806844,Sweet home,106018799,1467285967562718951,Andreas,,Enskede-Årsta-Vantörs,59.26313841293396,18.01331890228891,Private room,742,1,1,2024-05-19,0.04,3,267,0,
1025091974342122976,Urban Gem,92082327,1467112163994143207,Eva,,Södermalms,59.31387,18.07848,Entire home/apt,,4,3,2024-08-01,0.11,1,0,0,
1025916067980174797,Private bedroom near Älvsjö - Female/Couples only,175918815,1468705355454455218,Trang-Anh,,Älvsjö,59.28603219999999,18.0068431,Private room,,1,42,2026-06-15,1.34,1,0,20,
1025990805997760730,Cozy apartment 2 stops(15 mins) to city center,402649152,1469845888250948275,Fatima,,Älvsjö,59.2815,18.00151,Entire home/apt,5502,1,7,2024-05-26,0.25,1,58,0,
1026556479198746985,Modern Fully Equipped Family Home,220860397,1469166418597195468,Sofia,,Bromma,59.32080699999999,17.9502835,Entire home/apt,,2,8,2025-12-26,0.26,21,2,4,
1027458869537442395,Superflat 20m from main street,193473045,1469006902669790543,Jesper,,Norrmalms,59.33565340000001,18.0586503,Entire home/apt,1712,1,45,2026-06-23,1.44,1,42,14,
1027490046107084194,Cozy apartment between the forest and the lake,59606779,1466721481746236325,Dalia,,Älvsjö,59.26484,17.98671,Entire home/apt,1048,5,1,2026-06-06,1,1,180,1,
1027604491275469372,Wonderful apartment in Enskede,517977486,1470330470576831879,Diren,,Enskede-Årsta-Vantörs,59.28622050000001,18.0953511,Private room,,3,29,2025-06-06,0.92,1,0,0,
1028174892349617066,Modern Lovely apartment,480153257,1470162714008095984,Rodrigo,,Enskede-Årsta-Vantörs,59.28359559999999,18.0457609,Entire home/apt,1107,1,23,2024-09-26,0.73,1,259,0,
1028240431064246661,Stor 3-rums lägenhet i Stockholm,105995246,1467285679173667591,Robin,,Kungsholmens,59.33765,18.03153,Entire home/apt,,7,6,2025-07-17,0.21,1,0,1,
1028373341331105189,Apartment in Stockholm,60374037,1466742297778956894,Maysa,,Rinkeby-Tensta,59.41386,17.93914,Entire home/apt,799,3,41,2026-06-26,1.37,2,143,16,
1028739300274012228,Stock Home: Cozy hub in concert district,10301065,1462836875178060859,Tilden,,Skarpnäcks,59.295155809184166,18.095056582745684,Entire home/apt,,3,34,2026-06-21,1.12,1,8,17,
1028826284193331074,Radhus 4 Sovrum Vällingby/Stockholm,547348018,1470449041617754951,Levi,,Hässelby-Vällingby,59.37406085553782,17.882353886961937,Entire home/apt,2625,1,37,2026-06-09,1.21,4,286,16,
1028893520870729448,Lower-level studio in upscale area,135323554,1468348755002125383,Andreas,,Östermalms,59.34748,18.09548,Entire home/apt,1622,1,114,2026-05-29,3.61,22,221,43,
1029137066254735279,Charming home close to Stockholm city center.,9844140,1462824996516114086,Malin,,Enskede-Årsta-Vantörs,59.2842346,18.0828202,Entire home/apt,3745,6,4,2025-08-24,0.17,1,63,1,
1029448630572714398,4 person holiday home in bromma-by traum,274757237,1469449707456490246,Elsa - DANCENTER,,Bromma,59.344895260808286,17.92359168174717,Entire home/apt,,1,2,2026-03-31,0.15,1,365,1,
1029514698673147489,Scandi chic retreat in Mariatorget,713422,1462527037667979860,Menaf,,Södermalms,59.31655,18.05334,Entire home/apt,,2,28,2026-06-21,0.89,1,0,14,
1029743499675787992,Modernt Stadsboende i Hjärtat av Södermalm,36121479,1465536491646266358,Ifete,,Södermalms,59.31227,18.08827,Entire home/apt,,4,0,,,1,0,0,
1030174829102419810,Central apartment in Stockholm,9201156,1462808116399239756,Marwa,,Östermalms,59.3450796,18.1016612,Entire home/apt,967,7,4,2026-06-28,0.17,1,220,1,
1030908523394122409,Bright one bedroom apartment in Vasastan,535802771,1470404191012367337,Lukas,,Norrmalms,59.34693,18.05295,Entire home/apt,2197,2,262,2026-06-24,8.34,52,334,124,
1031201603264657038,"Mysigt, familjevänligt radhus - inga städavgifter",547852582,1470451155235815096,Karin,,Skarpnäcks,59.273475563711585,18.11162542551756,Entire home/apt,1969,4,7,2026-06-14,0.30,1,177,5,
1031250268924812576,Mysig 2:a i Midsommarkransen,207679237,1469083421204312699,Frida,,Hägersten-Liljeholmens,59.30292,18.01436,Entire home/apt,1256,1,37,2026-06-21,1.21,1,8,15,
1031813441612465565,Bright and spacious 1 bedroom apartment,316782764,1469598673104803159,Bella,,Norrmalms,59.3378002,18.0375492,Entire home/apt,,3,53,2025-06-28,1.70,11,0,0,
1031813502277748940,Beautiful spacious 1 bedroom apartment,316782764,1469598673104803159,Bella,,Norrmalms,59.3378002,18.0375492,Entire home/apt,,3,56,2025-06-15,1.79,11,0,0,
1032264966139826838,Uthyres 3 rum och kök,524412016,1470359080803156862,Sara,,Skärholmens,59.29913,17.94045,Entire home/apt,1437,1,0,,,3,266,0,
1032264977337795029,Uthyres 1 rum fullt möblerad,524412016,1470359080803156862,Sara,,Skärholmens,59.27960370413062,17.901536306075577,Private room,269,1,0,,,3,263,0,
1033912696472110205,High end studio appartment.,9843929,1462824992475857695,Mattias,,Södermalms,59.3155848,18.0680469,Entire home/apt,6416,5,2,2024-04-18,0.07,1,201,0,
1034029133902519333,Mysig & nyproducerad lägenhet,121527321,1468234195265573471,Amanch,,Södermalms,59.31543,18.05339,Entire home/apt,,3,6,2024-05-20,0.20,1,0,0,
1034283898491245692,Villa Snickevi,152483570,1468495861471048148,Dani,,Hässelby-Vällingby,59.36644,17.80787,Entire home/apt,,5,7,2024-11-09,0.29,1,0,0,
1034539968621673669,Modern Scandinavian Home in Stockholm,220860397,1469166418597195468,Sofia,,Älvsjö,59.28048,18.00123,Entire home/apt,1895,2,58,2026-06-08,1.85,21,194,25,
1034614170660913330,Enjoyable in old town,545168718,1470440893762816961,Christine,,Södermalms,59.32404,18.06974,Entire home/apt,2642,1,206,2026-06-15,6.59,2,296,79,
1034674944199732331,Sunny Flat in Center!,18817789,1463062315291310844,Wizer,,Kungsholmens,59.33762,18.02867,Entire home/apt,1902,3,0,,,1,256,0,
1035470002123355377,Rum på Kungsholmen,44678008,1465663208234042019,Per,,Kungsholmens,59.332775341797294,18.01312657301637,Private room,828,1,52,2026-06-14,1.80,1,109,14,
1035515827405390145,"Cool & light 2 room apartment in SoFo, 65sqm",240767680,1469279965044232022,Julius Apartment,,Södermalms,59.31491,18.08228,Entire home/apt,2016,1,137,2026-06-11,4.50,7,223,60,
1035530281383805555,Nära T-banan. Vacker och mysigt!,364397925,1469732668045807011,Magalys,,Hässelby-Vällingby,59.364694183228295,17.843880466551507,Entire home/apt,636,1,61,2026-06-25,1.96,8,265,41,
1035971018946255214,Lovely one bedroom apartment in Vasastan,501170996,1470253867661826624,Bella,,Norrmalms,59.34175,18.0369,Entire home/apt,2083,2,30,2026-02-23,0.98,4,18,5,
1035979114069891669,Rare opportunity!,46122434,1465688873905601488,Maria,,Södermalms,59.31441,18.09056,Entire home/apt,,3,0,,,1,0,0,
1036057995719184818,Cozy studio in central Stockholm,175418105,1468700987550561483,Ekman,,Norrmalms,59.34853499084296,18.039769692065434,Entire home/apt,,3,1,2024-02-29,0.04,1,0,0,
1036739796964661315,Top-floor modern apartment with amazing terrace,476635035,1470148365214731883,Bella,,Östermalms,59.34371,18.06514,Entire home/apt,5209,2,111,2026-06-15,3.63,11,301,52,
1037539553009534060,Rum i designboende tre kilometer från citycentrum,24119347,1465283380509780958,Henrika,,Östermalms,59.37103495345934,18.05292230052491,Private room,,1,24,2025-08-12,0.85,1,0,3,
1037595164416720205,Mysig lägenhet med perfekt läge,433275616,1469961253597797068,Jessica,,Hägersten-Liljeholmens,59.2883116640181,17.95272049990542,Entire home/apt,1845,3,11,2026-05-17,0.36,1,37,2,
1038309645260190648,Fin lägenhet på Kungsholmen,111080537,1467342896668270398,Hanna,,Kungsholmens,59.33806,18.0294,Entire home/apt,,8,13,2026-03-27,0.42,2,0,10,
1038405206084892050,"Mysig lägenhet i centrala Stockholm, Kungsholmen",295589840,1469524415564321801,Elin,,Kungsholmens,59.33454639756118,18.029119523686905,Entire home/apt,1826,1,14,2026-06-14,0.53,1,353,5,
1039140854909191168,Central Spacious Flat Vasastan,52276137,1465842506265576496,Philip,,Norrmalms,59.34022,18.03901,Entire home/apt,,1,0,,,1,0,0,
1039202736488252687,Nyrenoverad mysig lägenhet,137940821,1468370259912575872,Olof,,Bromma,59.3476,17.90631,Entire home/apt,1735,5,13,2026-03-21,0.43,1,357,4,
1040335833388379865,Super cozy studio,271346174,1463352607514495320,StayPlus,,Hägersten-Liljeholmens,59.29848,17.99589,Entire home/apt,1008,1,43,2026-06-18,1.39,50,337,17,
1040650629149181711,Charming stay in heart of Söder,154699000,1468513568441446182,Ulrika,,Södermalms,59.3168121,18.0553918,Entire home/apt,,1,1,2024-01-06,0.03,1,0,0,
1041862628342664261,Spacious Villa minutes from Central Stockholm,36964075,1465550537641752155,Johan,,Enskede-Årsta-Vantörs,59.2761861,18.0613536,Entire home/apt,,3,12,2026-02-27,0.47,1,8,7,
1043243346370283166,Entire apartment with ocean view,47357492,1465714050903941742,Natalia,,Kungsholmens,59.334324067134325,17.999938400382923,Entire home/apt,1214,5,10,2026-06-01,0.39,1,194,3,
1043564745064469561,Perfect place in Hornstull for families,1993171,1462583603438522311,Marianna&Cesare,,Södermalms,59.32044,18.03902,Entire home/apt,,14,1,2024-08-07,0.04,1,0,0,
1044159630769039303,Ostermalm Penthouse Apartment,489767,1462519722070940083,Saul,,Norrmalms,59.346452213658004,18.064040908667423,Private room,1370,2,11,2026-06-14,0.41,1,230,4,
1044721687535280010,Spacious apartment with waterfront view,316782764,1469598673104803159,Bella,,Kungsholmens,59.33778,18.02354,Entire home/apt,2260,2,78,2026-06-11,2.54,11,306,24,
1045013947881942654,Mysigt hus på höjden,156138545,1468523897002134456,Kim,,Hägersten-Liljeholmens,59.29538398000139,17.950501441955566,Entire home/apt,5051,1,3,2026-01-03,0.13,1,17,2,
1045707777990103793,Modern flat central Stockholm,550845493,1470462934974205563,Lilla,,Östermalms,59.3586495,18.0894192,Entire home/apt,,1,3,2025-07-05,0.23,1,0,1,
1046175928020885055,Welcome to Serene Haven,47958241,1462708282289408543,Elva,,Enskede-Årsta-Vantörs,59.28457,18.08967,Entire home/apt,1595,2,45,2026-04-22,1.54,1,69,16,
1047628884002033362,Cosy flat,75183937,1466924318988389401,Sofia,,Södermalms,59.31935739999999,18.0583836,Entire home/apt,,5,10,2024-07-24,0.35,1,0,0,
1047983060409341782,Spacious and central apartment,37483314,1465561245026343491,Sandra,,Hägersten-Liljeholmens,59.3135669,18.0189506,Entire home/apt,,3,4,2024-08-24,0.15,1,0,0,
1048363742051704471,Studiolägenhet nära centrum,253303501,1469341574104205055,Anja,,Hägersten-Liljeholmens,59.30253,18.01469,Entire home/apt,,30,0,,,1,0,0,
1048407285568341706,"Trendy & light 2 room apartment in SoFo, 65sqm",240767680,1469279965044232022,Julius Apartment,,Södermalms,59.314301041940126,18.080311236735575,Entire home/apt,1800,1,114,2026-06-16,3.78,7,223,46,
1048549738933550444,Bohemisk tvåa i söderläge,78778715,1466964096145856347,Kim,,Södermalms,59.31021,18.08797,Entire home/apt,,5,10,2025-07-27,0.40,1,0,4,
1049334158030204869,Nybyggt hus med sjöutsikt,36726595,1465547275155215776,Nina,,Hässelby-Vällingby,59.36884,17.81005,Entire home/apt,,3,0,,,1,0,0,
1049410065024805714,Mysig tvåa i Abrahamsberg,551575418,1470465981568959748,Sara,,Bromma,59.337945679154736,17.95900916625059,Entire home/apt,835,2,7,2026-06-04,0.27,1,278,2,
1050241466523683349,Rum med fantastisk sjöutsikt,16090302,1462978022346274563,Kitty,,Hässelby-Vällingby,59.35948,17.8311,Private room,691,2,29,2026-06-11,1.04,1,293,11,
1052052620222035030,Conveniently placed apartment in Norrmalm,276523335,1469458110671783147,Bella,,Norrmalms,59.34237,18.06091,Entire home/apt,3286,2,108,2026-06-24,3.54,4,91,41,
1052824435691008848,"Ljus, mysig & välplanerad trea",2272982,1462590724654580584,Peter,,Enskede-Årsta-Vantörs,59.2836864,18.0840376,Entire home/apt,,14,0,,,1,0,0,
1053801373120312790,Airbnb-2,510074879,1470293366085524464,Mohsin,,Rinkeby-Tensta,59.41895,17.91167,Private room,685,1,12,2026-06-17,0.40,2,33,8,
1055255649254133023,Top modern newly built apartment,126317153,1468271721677618962,Adrian,,Älvsjö,59.28099,18.00071,Entire home/apt,,3,29,2025-08-30,1.10,1,0,4,
1055681708238070877,Top-floor apartment with big balcony,550969648,1470463631401154387,Filip,,Östermalms,59.35929,18.09438,Entire home/apt,,1,0,,,1,0,0,
1055699907356273883,Cute studio next to Unesco Site,135323554,1468348755002125383,Andreas,,Skarpnäcks,59.27979,18.1154,Entire home/apt,1817,1,86,2026-06-25,2.93,22,43,37,
1055892120808630607,Unik lägenhet i Liljeholmskajen,37306421,1465557740618014849,Taavi,,Hägersten-Liljeholmens,59.3064,18.02926,Entire home/apt,,28,1,2024-05-05,0.04,1,0,0,
1056349805401759318,Large villa with newly renovated poolarea,28266770,1465417326659853131,Daniel,,Bromma,59.33434981828323,17.95916025807788,Entire home/apt,6048,5,7,2025-08-06,0.57,1,172,6,
1056485925405266268,20-talsvilla i Enskede,20768376,1463137968400037164,Åsa,,Enskede-Årsta-Vantörs,59.28114,18.09375,Entire home/apt,3196,4,3,2024-07-31,0.13,1,66,0,
1058436953965106318,Beautiful 1800s apt great loc,3491904,1462630858855549556,Erika,,Södermalms,59.31198867820673,18.085739776754814,Entire home/apt,3796,1,21,2026-06-06,0.84,1,151,8,
1058850781085492183,"Högklippan-
apartment with fantastic seaview",546621914,1470446348478581071,Claes,,Kungsholmens,59.31783,17.98703,Entire home/apt,1130,1,2,2026-06-21,2,1,289,2,
1059166553884124189,Chambre.,13536843,1462913584247851795,Per,,Älvsjö,59.28326,17.98513,Entire home/apt,,1,0,,,3,269,0,
1059435985110770944,Radhus 1 Sovrum Vällingby/Stockholm,547348018,1470449041617754951,Levi,,Hässelby-Vällingby,59.37403149999999,17.8823111,Entire home/apt,1214,2,1,2024-05-19,0.04,4,67,0,
1060137107339845351,Radhus 2 Sovrum Vällingby/Stockholm,547348018,1470449041617754951,Levi,,Hässelby-Vällingby,59.37403147479037,17.8823109716177,Entire home/apt,1644,1,97,2026-06-14,3.22,4,191,57,
1060144429601865310,Radhus 3 Sovrum Vällingby/Stockholm,547348018,1470449041617754951,Levi,,Hässelby-Vällingby,59.374717146809196,17.881445198681963,Entire home/apt,2143,1,4,2025-01-01,0.14,4,246,0,
1060838056402606667,Simple studio in trendy Södermalm,16683151,1462598836591245231,Olof,,Södermalms,59.30746070000001,18.0903493,Entire home/apt,,1,428,2025-10-29,14.35,8,0,65,
1060998931544043468,Villa sol,526716628,1470368649328725022,Maria,,Norrmalms,59.33988,18.03483,Entire home/apt,2511,1,1,2025-08-24,0.10,1,265,1,
1062040179602299831,Mysig sekelskiftslägenhet med hotellkänsla,548543386,1470453962531090282,Björn,,Norrmalms,59.34848995138077,18.05998418480158,Entire home/apt,2745,2,18,2026-05-31,0.70,1,95,9,
1063012241935672548,Familjevänligt i villaidyll,164583990,1468599477996220259,Viktor,,Älvsjö,59.27142,17.98039,Entire home/apt,2777,1,11,2025-08-15,0.45,1,15,4,
1063142929011371095,Airbnb,510074879,1470293366085524464,Mohsin,,Rinkeby-Tensta,59.4178245438513,17.910448014736176,Private room,560,1,22,2026-06-25,0.86,2,116,12,
1063618101554384314,Lägenhet på kungsholmen,532342972,1470390477489178603,Philip,,Kungsholmens,59.32852,18.01025,Entire home/apt,1031,5,24,2026-06-15,0.82,1,168,15,
1063701799866529410,Mysigt parhus nära till centrum,533148486,1470393601535780337,⁨Sean L.⁩,,Rinkeby-Tensta,59.4027013,17.929766,Entire home/apt,,15,8,2024-12-23,0.29,1,0,0,
1064235837234736250,Retro Retreat with Modern Comforts,220860397,1469166418597195468,Sofia,,Skarpnäcks,59.2721344,18.1344129,Entire home/apt,,1,42,2026-05-27,1.45,21,48,15,
1064557344730686539,Spacious close to the city,6902319,1462718201131918740,Oskar,,Södermalms,59.30171,18.09372,Entire home/apt,,3,7,2025-08-04,0.24,1,0,2,
1065080795778921170,Bästa läget på Kungsholmen,19398097,1463077718911834831,Sofi,,Kungsholmens,59.3332473,18.0378308,Entire home/apt,,3,0,,,1,0,0,
1065346253822027418,Lägenhet i centrala Stockholm,447671790,1470015794910594086,Patrik,,Östermalms,59.3332,18.08125,Entire home/apt,7900,1,67,2026-06-01,2.31,13,267,32,
1065814406221701102,Super nice new apartment,545168718,1470440893762816961,Christine,,Södermalms,59.32501,18.07129,Entire home/apt,3697,1,225,2026-06-14,7.75,2,302,89,
1066495191871360529,Rum i våning på Östermalm,356491274,1469712400104276174,Johan,,Östermalms,59.339611758107594,18.07026663593464,Private room,1598,1,30,2026-06-12,1.12,1,142,8,
1066790838973450903,Charming Retreat: Cozy room w Super Friendly Host.,214288514,1469121502877037527,Rusha,,Rinkeby-Tensta,59.40440443002767,17.937350906431675,Private room,600,2,28,2026-06-27,0.98,1,86,13,
1067169041902827514,Nybyggd villa i Älvsjö med gym och närhet till sjö,331895545,1469639304231181656,Tomas,,Älvsjö,59.27516,17.95559,Entire home/apt,8559,6,0,,,1,191,0,
1067188242635876253,Lyxyachts near Sthlm & Barcelona City Center 11 p,103670971,1467244623934406743,Luxurious Yachts Stockholm AB,,Kungsholmens,59.32627210828875,18.042704942327884,Entire home/apt,9184,1,15,2026-05-31,0.59,2,5,4,
1067808934246457118,2 room apartment in Stockholm,173667390,1468685087960392198,Bakar,,Rinkeby-Tensta,59.4083779383987,17.942822379646827,Entire home/apt,1752,3,5,2026-06-14,0.19,1,269,4,
1067897831427970558,Mysigt rum i charmig lägenhet,39458825,1465589530359091807,Anna Louisa,,Skarpnäcks,59.29879019175871,18.093326422416204,Private room,396,1,5,2024-08-31,0.17,1,224,0,
1068856609303241452,Mysig 2a i Vasastan,556428370,1470485234681564786,Matilda,,Norrmalms,59.34531720865152,18.04198756814003,Entire home/apt,1906,14,1,2024-07-28,0.04,1,38,0,
1068972539735353809,Sofias hus,243610088,1469292940814242184,Sofia,,Hässelby-Vällingby,59.36130276503948,17.88956869393587,Entire home/apt,2758,5,1,2024-12-28,0.05,1,255,0,
1069422440014767902,Quadruple room - No window,259019701,1463321225501228895,Marius,,Kungsholmens,59.3352389191424,18.031855453705187,Private room,1700,2,2,2025-03-23,0.08,21,304,0,
1069612718868640586,Mysig villa i Stockholm,507370345,1470280693232945419,Therese,,Enskede-Årsta-Vantörs,59.28345237333782,18.055945950945958,Entire home/apt,3418,4,10,2026-06-28,0.42,1,14,2,
1069643387833837405,Studio centralt på Södermalm,44399364,1462696875614842845,Frida,,Södermalms,59.31143959338793,18.07311447190625,Entire home/apt,1940,2,50,2026-06-14,1.87,2,67,15,
1069650818823361426,Fun Family Friendly Flat,32429451,1465476069461503950,Lisa,,Södermalms,59.31488,18.06441,Entire home/apt,3804,3,7,2026-02-20,0.30,1,15,3,
1070068807434131373,Sekelskiftesvåning högst upp i huset i Vasastan,241731080,1469284240724281403,Ida,,Norrmalms,59.34453780391267,18.059457189842263,Entire home/apt,4793,6,4,2026-01-01,0.17,1,122,2,
1070141415558293563,Modern Loft Apartment 30 sqm breakfast included,428239101,1469940597170849932,Unity,,Södermalms,59.30214640000001,18.0943106,Private room,2327,1,13,2026-03-15,0.52,8,248,5,
1071463757916612784,Fin lägenhet  på Södermalm,284982103,1469491235100309402,Johannes,,Södermalms,59.3135349,18.0744068,Entire home/apt,1998,1,0,,,1,266,0,
1071620024124634500,Stay Inn: Söder Cozy apartment,549905955,1470459465974849876,Stay Inn Apartments,,Södermalms,59.31423636894926,18.085192613921087,Entire home/apt,2568,2,4,2025-12-01,0.16,28,85,2,
1072417533488955704,Deluxe King,549551499,1470457955739318148,Clas På Hörnet,,Norrmalms,59.346526,18.0610965,Private room,2619,1,0,,,9,324,0,
1072686806024292911,Charmigt hus i perfekt läge,156454166,1468526511922651147,Klara,,Bromma,59.36483298871636,17.9276480153203,Entire home/apt,,7,0,,,1,0,0,
1072879193988683918,Rum uthyres i Kista,428781867,1469942858214013434,Mira,,Rinkeby-Tensta,59.41249,17.93512,Private room,401,60,0,,,2,270,0,
1073273798219203957,Mysig sekelskifteslägenhet,66776053,1466824949672723184,Lotta,,Norrmalms,59.34509689999999,18.0440521,Entire home/apt,1459,5,14,2025-10-04,0.49,1,14,2,
1073337467729314995,Gamla Stan Town House,557656484,1470493054953604707,Maja,,Södermalms,59.32578179999999,18.0740272,Entire home/apt,7876,1,24,2026-06-28,1.00,1,197,9,
1073828161568371690,"Stor ljus 3:a nära tunnelbanan, perfekt för familj",14602146,1462942491043483036,Hanna,,Enskede-Årsta-Vantörs,59.29030099999999,18.0937477,Entire home/apt,,28,0,,,1,0,0,
1073909275347046364,Nära stan & bra kommunikationer,21521261,1463157442934143920,Jacqueline,,Bromma,59.34041,17.94437,Private room,575,1,50,2026-06-06,1.70,1,8,6,
1073960764386781422,Design apartment by the water,12896174,1462898149916269516,Vincenzo,,Kungsholmens,59.33741,18.02538,Entire home/apt,3504,5,17,2026-04-07,0.62,1,82,4,
1074004260214369716,Lägenhet i mysiga Gamla Enskede,283241189,1469484883992407642,Emma,,Enskede-Årsta-Vantörs,59.28381,18.08797,Entire home/apt,,2,4,2026-01-03,0.14,1,0,3,
1074592639325980899,Superior Queen,549551499,1470457955739318148,Clas På Hörnet,,Norrmalms,59.346526,18.0610965,Private room,1710,1,77,2026-06-23,3.30,9,351,73,
1074592698012857904,Lower Level Queen (No window),549551499,1470457955739318148,Clas På Hörnet,,Norrmalms,59.346526,18.0610965,Private room,1248,1,9,2026-04-08,0.34,9,352,6,
1074593112527645167,Superior King,549551499,1470457955739318148,Clas På Hörnet,,Norrmalms,59.346526,18.0610965,Private room,1669,1,5,2025-10-13,0.42,9,356,5,
1075936159346295699,High ceiling OLD TOWN,325886610,1469621348754791169,Old Town Studio,,Södermalms,59.322872075924906,18.071596729462414,Entire home/apt,3697,1,146,2026-06-15,5.22,4,268,57,
1075966756729648696,Vintage Gem in the Historic Old Town District,1027549,1462536170935368379,William,,Södermalms,59.32352536686502,18.06850238007289,Entire home/apt,3864,1,153,2026-06-25,5.29,17,75,57,
1075996496393897831,Nyrenoverad med kamin & uteplats,336916804,1469653685322762626,Nassnet,,Skärholmens,59.27149,17.90708,Entire home/apt,1347,1,1,2024-04-29,0.04,2,266,0,
1076019806233275859,30 Sqm Old Town Cozy Hideaway,486418881,1470189494298409316,Stefan,,Södermalms,59.32577449999999,18.0744845,Entire home/apt,1795,1,189,2026-06-18,7.03,2,207,77,
1076079717724966711,Shared  6 Bed Mixed Dorm Room,558380658,1470497296974140369,Hostel Nomad,,Östermalms,59.3419513,18.11164,Shared room,310,1,256,2026-06-22,8.84,10,358,90,
1076176236919271870,En oas vid Stockholm,483409399,1470176578631617325,Dana,,Bromma,59.34890810178086,17.87690560274345,Entire home/apt,1175,7,6,2025-02-18,0.21,1,87,0,
1076181427536982128,"Charmig lägenhet, Gamla Enskede",32608517,1465478331760798791,Jenny Marie Viola,,Enskede-Årsta-Vantörs,59.2837279,18.0827682,Entire home/apt,996,1,158,2026-06-17,6.12,1,285,95,
1076793164021973015,Liten lägenhet med uteplats,529175512,1470378445685733130,Baguma Anna,,Hässelby-Vällingby,59.36725449999999,17.8359899,Entire home/apt,695,3,0,,,1,209,0,
1077413053984042672,Spacious flat with waterside balcony,60382478,1466742370835977491,Elias,,Kungsholmens,59.3304,17.99867,Entire home/apt,1591,2,133,2026-06-23,4.56,30,21,61,
1078080180546699731,Great apartment in Stockholm,93601073,1467130042700323043,Fredrik,,Norrmalms,59.34593,18.05864,Entire home/apt,,7,0,,,1,0,0,
1078285117837081724,The Tropical Apartment,18371052,1463052889159641578,Erik,,Enskede-Årsta-Vantörs,59.2839548,18.091478,Entire home/apt,1484,3,72,2026-06-13,2.52,1,117,25,
1079694132206180006,Cozy 1 bedroom in great location,387992620,1469800189764215540,Cara,,Östermalms,59.34169076080405,18.090462125837803,Entire home/apt,2685,4,42,2026-06-21,1.60,1,23,28,
1080202137640206745,"""in the very heart of Stockholm""",66691333,1466823857187596978,Lennart,,Södermalms,59.310552029718544,18.073782752791107,Private room,672,1,16,2026-06-24,0.62,1,70,7,
1080296547167785945,Modern apartment in Östermalm,44863864,1465666043520117220,Monica,,Östermalms,59.35025,18.06343,Entire home/apt,7798,3,3,2025-06-16,0.12,1,302,0,
1080305006886622530,Old Apartment in Old Town,534482328,1470398731486561079,Von,,Södermalms,59.32296,18.0712,Entire home/apt,942,1,213,2026-06-13,7.44,1,205,87,
1081982735789959334,Norra Flygeln - Charlottendal herrgård,42560054,1465632449154956021,Gustav,,Hägersten-Liljeholmens,59.31514,18.01477,Entire home/apt,,3,35,2026-01-02,1.36,2,1,15,
1082443638066805864,Superior King (Park),549551499,1470457955739318148,Clas På Hörnet,,Norrmalms,59.346526,18.0610965,Private room,1961,1,2,2025-07-20,0.07,9,333,1,
1082450460989220218,Loft Single (No window),549551499,1470457955739318148,Clas På Hörnet,,Norrmalms,59.346526,18.0610965,Private room,1053,1,18,2026-05-03,1.32,9,348,16,
1082451483205871046,Loft double (No window),549551499,1470457955739318148,Clas På Hörnet,,Norrmalms,59.346526,18.0610965,Private room,1276,1,19,2025-10-18,0.89,9,342,7,
1082452887719531391,The Suite,549551499,1470457955739318148,Clas På Hörnet,,Norrmalms,59.346526,18.0610965,Private room,3030,1,0,,,9,330,0,
1083264618707946248,Radhus i Örby,150151484,1468477379895218610,Emilia,,Enskede-Årsta-Vantörs,59.273832815171104,18.02593119442463,Entire home/apt,1826,5,5,2025-08-06,0.19,1,17,1,
1083268202362521120,Kasa Johan,332983381,1469642045074477927,Jhon,,Enskede-Årsta-Vantörs,59.26595063961698,18.01480898975574,Entire home/apt,1569,1,0,,,1,258,0,
1083910951414976791,Cozy and well-planned apartment,51704116,1465810845540826234,Filip,,Kungsholmens,59.335990314813685,18.026030032783297,Entire home/apt,1853,1,5,2026-06-10,0.49,1,105,5,
1083930454392322665,Beautiful area in Stockholm,115060559,1468183193151582583,Ramin,,Hässelby-Vällingby,59.371739785872194,17.894499283837114,Entire home/apt,,1,0,,,1,0,0,
1084505497346969138,Studio Enskede,143903093,1468417539454096856,Niklas,,Farsta,59.27843,18.07505,Entire home/apt,1826,2,1,2026-05-30,0.94,2,16,1,
1084651400176650018,Spacious Södermalm apartment,271346174,1463352607514495320,StayPlus,,Södermalms,59.3186842080839,18.068467890955485,Entire home/apt,2463,1,67,2026-05-16,2.41,50,254,20,
1084732898086071862,Shared  6 Bed Female Dorm Room,558380658,1470497296974140369,Hostel Nomad,,Östermalms,59.343150385858465,18.112748215264283,Shared room,315,1,47,2026-06-21,1.68,10,356,16,
1084755173262151879,"Perfekt 1,5 rum för 2/3 personer",284094011,1469487662369834670,Ahlam,,Skärholmens,59.27292,17.88181,Entire home/apt,673,2,0,,,1,245,0,
1084771285496305626,Shared  8 Bed Mixed Dorm Room,558380658,1470497296974140369,Hostel Nomad,,Östermalms,59.3419513,18.11164,Shared room,320,1,27,2026-06-18,0.94,10,356,10,
1084779951646918950,Shared  10 Bed Mixed Dorm Room,558380658,1470497296974140369,Hostel Nomad,,Östermalms,59.3419513,18.11164,Shared room,375,1,25,2026-01-04,0.86,10,346,6,
1084792771381844203,Private Twin Bed Room,558380658,1470497296974140369,Hostel Nomad,,Östermalms,59.3419513,18.11164,Private room,900,1,26,2026-05-07,0.90,10,316,10,
1084800665835207870,Private Twin Bed Room with Sofa Bed,558380658,1470497296974140369,Hostel Nomad,,Östermalms,59.3419513,18.11164,Private room,850,1,17,2026-06-24,0.58,10,295,5,
1084809018831453189,Private Twin Bed Room with Bunk Beds,558380658,1470497296974140369,Hostel Nomad,,Östermalms,59.3419513,18.11164,Private room,950,1,49,2026-05-12,1.70,10,321,21,
1084811894914714378,Spacious and central apartment,18673811,1463058804024473792,Gerben,,Norrmalms,59.34531,18.04321,Entire home/apt,,10,0,,,1,0,0,
1085407671824833860,"Gustavia Apartment 
Floor 5B",34891784,1465514859901373918,Gustavia Office AB,,Södermalms,59.32351,18.07082,Entire home/apt,2682,1,45,2026-06-13,1.69,3,147,17,
1085522694765366958,Älvsjö Rum Uthyres,195332503,1469017982274812213,Miranda,,Älvsjö,59.27827394450371,17.99474557117158,Private room,274,1,0,,,1,247,0,
1085932715979227842,Rosbacken,560795089,1470505184348354439,Andreas,,Hässelby-Vällingby,59.37407,17.81111,Entire home/apt,2314,2,6,2025-08-05,0.25,1,62,3,
1088167261137903056,Extra övernattnings rum i stan,52574331,1465851449033268158,Mirre,,Norrmalms,59.338533,18.051099,Entire home/apt,473,13,8,2026-06-05,0.33,1,193,4,
1089237562586747405,Central Globen area room,18150929,1463037426222357195,Hanna,,Enskede-Årsta-Vantörs,59.29761,18.07252,Private room,,1,0,,,1,0,0,
1089757849563687681,Stay Inn: Sveavägen Apartment with city view,549905955,1470459465974849876,Stay Inn Apartments,,Norrmalms,59.34247,18.05601,Entire home/apt,2030,2,19,2026-06-26,0.72,28,321,6,
1089761058299524262,Mysigt lägenhet i Kungsholmen,561301057,1470506808461898072,Артур,,Kungsholmens,59.33183349999999,18.0151853,Entire home/apt,3483,1,60,2026-06-28,2.31,1,122,30,
1089927139847370695,Drömboende nära sjön,40761799,1465606977755085752,Anna,,Älvsjö,59.26359,17.98619,Entire home/apt,2661,3,5,2025-08-06,0.21,1,93,3,
1090547203507306560,Charming spacious apartment,10164656,1462833252687633481,Karin,,Norrmalms,59.34398,18.0416,Entire home/apt,,7,0,,,1,0,0,
1091103495940266351,Stay Inn: Cozy Gem Apartment,549905955,1470459465974849876,Stay Inn Apartments,,Norrmalms,59.34184876813258,18.056402104024144,Entire home/apt,2095,2,19,2025-11-11,0.71,28,294,1,
1091218805644733244,Ljust och mysigt rum i avgränsad del av lägenhet,33763563,1465493631057275801,Cecilia,,Norrmalms,59.34605345984489,18.05403806269169,Private room,,3,22,2025-06-08,0.81,1,0,0,
1091221162011714804,Charming studio at Telefonplan,271346174,1463352607514495320,StayPlus,,Hägersten-Liljeholmens,59.29978220326839,17.996581786767102,Entire home/apt,1007,1,52,2026-06-15,1.83,50,298,29,
1091997492261414310,Lovely Studio at Telefonplan,271346174,1463352607514495320,StayPlus,,Hägersten-Liljeholmens,59.29961,17.99818,Entire home/apt,999,1,91,2026-06-19,3.33,50,258,57,
1092899595728266001,Modern lägenhet vid vattnet,37475699,1465561061912814030,Patric,,Hägersten-Liljeholmens,59.30679947829326,18.02587277083728,Entire home/apt,4451,3,16,2026-06-24,0.58,1,313,5,
1093281433998476665,4 rums-lägenhet i Midsommarkransen,5599904,1462684694055126412,Klara,,Hägersten-Liljeholmens,59.3023307499716,18.00691768527031,Entire home/apt,2659,5,4,2025-12-29,0.22,1,117,3,
1093506210530899238,Ons geweldige Tiny House in Stockholm,63457177,1466783344843676004,Jip,,Älvsjö,59.27634,18.00552,Entire home/apt,,3,1,2024-05-21,0.04,1,0,0,
1094027272481530371,Luxurious penthouse apartment,464515913,1470093366733224131,Lucas,,Norrmalms,59.343846153389315,18.051585591796798,Entire home/apt,5152,3,56,2026-06-14,2.42,3,312,27,
1094050525474674845,Perfekt lägenhet i härliga Ersta,333799144,1469644430695137671,Christoffer,,Södermalms,59.31366,18.08986,Entire home/apt,4413,3,9,2026-06-28,0.38,1,197,5,
1094146918471123383,Mysig gästlägenhet i villa,562672612,1470510916749726547,Anders,,Enskede-Årsta-Vantörs,59.27557101551981,18.054769888286796,Entire home/apt,899,1,39,2026-06-25,1.40,1,149,8,
1094151257015054802,"Nära Globen, 3 G , Hovet, Älvsjömässan. Drevviken",295603719,1469524469152837577,Inga-Lill,,Farsta,59.251267421439906,18.112246319597343,Private room,522,1,57,2026-06-07,2.18,1,297,20,
1094244840560010771,Fin lägenhet centrala Stockholm.,80276611,1466978782437457785,Elaine,,Södermalms,59.30931349999999,18.0876234,Entire home/apt,,5,0,,,1,0,0,
1094615860352242433,Habitación luminosa con balcón en zona céntrica,392879644,1469815155548316415,Sandra,,Södermalms,59.31914,18.03668,Private room,1045,2,12,2025-11-21,0.45,2,33,8,
1094712994953096377,Stay Inn: Stylish Studio Oasis,549905955,1470459465974849876,Stay Inn Apartments,,Norrmalms,59.343522956552526,18.057725698316734,Entire home/apt,1773,2,2,2025-09-27,0.20,28,326,2,
1095598449984979358,Unik och Charmig lägenhet,20810644,1463139276984565803,Catharina,,Södermalms,59.31861,18.07205,Entire home/apt,4070,2,26,2026-06-14,0.99,1,5,5,
1096307129145017402,"Quadruple room with External Bathroom, No window",259019701,1463321225501228895,Marius,,Kungsholmens,59.33639,18.0303,Private room,1700,1,9,2026-06-07,0.33,21,303,4,
1097019611506766185,"Swedish beautiful , charming villa",563395380,1470513168752497014,Niklas,,Spånga-Tensta,59.38453865797564,17.89757125153812,Entire home/apt,3081,5,8,2026-06-21,0.30,1,229,4,
1097609104283213452,Tidlös lägenhet med sjöutsikt,205867356,1469073804995215659,Isabelle,,Hägersten-Liljeholmens,59.3167,18.00391,Entire home/apt,,2,3,2024-05-13,0.11,1,0,0,
1097756769200011222,Cosy 2 Bedroom apartment at St. Eriksplan,563563946,1470513661750742716,Hedvig,,Norrmalms,59.33942,18.03572,Entire home/apt,3705,2,125,2026-06-25,4.48,11,19,60,
1097906234485163544,Lägenhet på Östermalm,103341134,1467240830025648186,Elisabeth,,Östermalms,59.34083,18.0823,Entire home/apt,,3,0,,,1,0,0,
1097913877879754317,Sköna villan i Lilla Sköndal,563611263,1470513801375355405,Annie,,Farsta,59.25720327468479,18.126339992414437,Entire home/apt,3538,5,4,2025-08-01,0.15,1,35,1,
1098335857036996730,Mysig rum i en fin trea/ Örby slott,16709979,1462993273953599159,Cynthia,,Älvsjö,59.2794887,18.0333756,Private room,514,1,151,2026-06-12,5.46,1,336,58,
1099265392080327277,Private 6 Bed Room With Bathroom,558380658,1470497296974140369,Hostel Nomad,,Östermalms,59.3419513,18.11164,Private room,1100,1,9,2025-06-25,0.33,10,181,0,
1099832864714847979,Cozy apartment in Vasastan,3289344,1462624909611561825,Karin,,Norrmalms,59.34863385584782,18.057846799492836,Entire home/apt,,3,6,2025-06-15,0.24,1,0,0,
1099850044189955105,Stay Inn: Charming Studio Oasis,549905955,1470459465974849876,Stay Inn Apartments,,Norrmalms,59.34350910343888,18.05785600098907,Entire home/apt,1828,2,6,2025-04-28,0.24,28,300,0,
1099862965232449198,Stay Inn: Serene Studio Oasis,549905955,1470459465974849876,Stay Inn Apartments,,Norrmalms,59.343357310445974,18.055990446032506,Entire home/apt,1564,2,7,2025-09-11,0.26,28,255,2,
1101931417623186046,Nice and cozy flat,271346174,1463352607514495320,StayPlus,,Hägersten-Liljeholmens,59.2992978762214,17.997855035224905,Entire home/apt,1192,1,89,2026-06-16,3.40,50,333,48,
1102130276728817423,"Apartment, 2 rooms",2782612,1462608207156597629,Anna,,Södermalms,59.309190936869214,18.07677357379078,Entire home/apt,,30,4,2026-04-22,0.15,1,269,2,
1102742317474023323,Precioso apartamento cerca del centro de Estocolmo,90679861,1467097106163574784,Montserrat,,Skarpnäcks,59.26654,18.1344,Entire home/apt,,6,0,,,1,0,0,
1102782882773376307,Classic Queen,549551499,1470457955739318148,Clas På Hörnet,,Norrmalms,59.346526,18.0610965,Private room,1872,1,0,,,9,338,0,
1102938229203880453,Classic Twin Room in Stockholm City,259019701,1463321225501228895,Marius,,Kungsholmens,59.335238938869345,18.02982188434725,Private room,831,2,53,2026-06-12,2.12,21,347,33,
1102942036266101908,"Double bedroom, private bathroom - No window",259019701,1463321225501228895,Marius,,Kungsholmens,59.33524,18.03004,Private room,836,1,7,2025-10-14,0.27,21,358,3,
1102943400565225190,4-bedroom Superior Private bathroom,259019701,1463321225501228895,Marius,,Kungsholmens,59.3361,18.02996,Private room,1342,1,8,2025-06-16,0.33,21,350,0,
1102944454453509208,6-bedroom private bathroom Kungsholmen (No window),259019701,1463321225501228895,Marius,,Kungsholmens,59.33495,18.03209,Private room,1498,1,15,2025-12-22,0.56,21,348,5,
1103514881393567355,Rymligt & naturnära radhus nära Globen & Tele2,49762481,1465760075502220039,Sofia,,Farsta,59.26330996045004,18.121359453531028,Entire home/apt,2568,2,2,2025-07-17,0.08,1,352,1,
1103604049604839263,Lantligt boende nära stan,178233916,1468723740158299441,Josefine,,Hägersten-Liljeholmens,59.313117455322256,17.994154199809593,Entire home/apt,2623,4,11,2026-06-16,0.43,1,178,5,
1104540483904681857,4-bedroom (no window) with private bathroom,259019701,1463321225501228895,Marius,,Kungsholmens,59.33558559999999,18.0309211,Private room,1151,2,77,2026-06-19,2.79,21,350,30,
1104902362799430124,Cozy room in a Great location,125196852,1462928632785502584,Thiago,,Farsta,59.25481740346257,18.07190787517309,Private room,392,10,3,2026-06-18,0.13,1,254,2,
1105046731299185798,City 4-bedroom Private (No window),259019701,1463321225501228895,Marius,,Kungsholmens,59.33672,18.03048,Private room,1253,1,22,2026-06-12,0.79,21,356,9,
1105047095407771143,"Classic Single Room, private bathroom No window",259019701,1463321225501228895,Marius,,Kungsholmens,59.33481,18.03023,Private room,917,1,3,2024-05-15,0.11,21,249,0,
1105054570191611170,City 4-bedroom Superior,259019701,1463321225501228895,Marius,,Kungsholmens,59.33478,18.03033,Private room,1290,2,11,2026-05-31,0.51,21,344,8,
1105055461345152368,4-Bedroom Superior at Kungsholmen,259019701,1463321225501228895,Marius,,Kungsholmens,59.33631,18.03153,Private room,1530,2,7,2025-01-27,0.25,21,353,0,
1105074374811238715,Family room (6-bedroom) private bathroom No window,259019701,1463321225501228895,Marius,,Kungsholmens,59.33676,18.03004,Private room,1640,2,23,2026-01-25,0.89,21,349,4,
1105083393032032975,Classic Twin Room Private located in Kungsholmen,259019701,1463321225501228895,Marius,,Kungsholmens,59.33507,18.03169,Private room,1082,2,10,2026-02-09,0.44,21,358,5,
1105086367518999991,Double bedroom (no window) at Stockholm City,259019701,1463321225501228895,Marius,,Kungsholmens,59.334783214969576,18.030218582092353,Private room,966,2,28,2026-05-23,1.02,21,358,9,
1105089197484999096,ClassicTwin Room with private bathroom,259019701,1463321225501228895,Marius,,Kungsholmens,59.33456,18.03007,Private room,1187,1,12,2026-05-30,0.45,21,356,3,
1105092111086340770,"4-bedroom Private External Bathroom, No window",259019701,1463321225501228895,Marius,,Kungsholmens,59.33498,18.02982,Private room,1253,1,1,2024-11-16,0.05,21,292,0,
1105121324492570278,Studio Tibastvägen,21355736,1463153116461595096,Johan,,Hässelby-Vällingby,59.37513024811849,17.82111282272183,Entire home/apt,1056,1,8,2026-06-28,0.31,1,287,5,
1105123350070406378,hyra ut ett rum,363423521,1463531878191279434,Maria,,Spånga-Tensta,59.39769002606219,17.89824042822263,Private room,610,1,0,,,2,349,0,
1105643777838152439,Apartamento acogedor y tranquilo,392879644,1469815155548316415,Sandra,,Södermalms,59.31909845505609,18.034992309295454,Entire home/apt,2225,4,2,2024-07-21,0.08,2,13,0,
1105785601161126517,Small apartment in new building,31129430,1465458100087492414,Dea,,Rinkeby-Tensta,59.39169,17.93006,Entire home/apt,514,6,0,,,1,38,0,
1105856220133938432,"2 room apartment, Stockholm",247369548,1469312121055162611,Sofie,,Bromma,59.32219,17.97209,Entire home/apt,,2,0,,,1,0,0,
1106637066405629576,Vacker vindsvåning,417036933,1469895856852624512,Daniel,,Norrmalms,59.34113,18.04803,Entire home/apt,,2,6,2024-07-22,0.23,1,0,0,
1107006468318066903,Pärlan på Södermalm vid badstrand och palmer!,427732766,1463675692721818963,Frida,,Södermalms,59.316835064780676,18.043363876640797,Entire home/apt,3766,1,1,2026-06-15,1,1,113,1,
1107993458715036935,Stort hus i Örby - Älvsjö!,162402290,1468580415335158522,Ludvig,,Enskede-Årsta-Vantörs,59.269244288143014,18.021899163722992,Entire home/apt,,2,0,,,1,0,0,
1108447270525043672,Rymlig etagelägenhet med takterrass,59772667,1466725569510999699,Linda,,Hägersten-Liljeholmens,59.31554,18.00056,Entire home/apt,,7,1,2024-07-24,0.04,1,0,0,
1108565460674772011,En fin lägenhet 20 min till stan,490161039,1470206500876792337,Jackie,,Skarpnäcks,59.2679467,18.12185,Entire home/apt,1033,2,21,2026-06-14,0.80,1,243,9,
1109576136862186880,2a i Årstadal,431137382,1469952351260890570,Charlotta,,Hägersten-Liljeholmens,59.30596,18.02392,Entire home/apt,,1,2,2024-05-12,0.08,1,0,0,
1109997382488117802,Modern lägenhet med sjöutsikt,4801989,1462665697137053934,Sofie & Jonas,,Södermalms,59.31535,18.02964,Entire home/apt,,5,6,2025-08-07,0.23,1,0,2,
1110163173728565246,Lakeview Villa Hot tub & Grand Piano. Sleeps 10+3,7159554,1462724945138724149,Walter,,Bromma,59.3202817,17.9408394,Entire home/apt,14745,2,11,2026-06-14,0.85,2,343,9,
1110217238525993414,"1 room, 1x120cm bed, Central Stockholm Södermalm",566564815,1470522715643481961,Alber,,Södermalms,59.30965,18.07613,Private room,,1,16,2025-11-26,0.60,2,0,2,
1110630592246452876,Bright waterfront home • Hammarby Sjöstad • Gym,566659892,1470522966466980223,Erik,,Södermalms,59.30579,18.09473,Entire home/apt,1987,1,4,2026-06-14,0.16,1,227,3,
1110746086110696966,Lägenhet med fantastiskt läge,447671790,1470015794910594086,Patrik,,Östermalms,59.33178624544131,18.083149165127118,Entire home/apt,8300,1,27,2026-06-11,1.13,13,293,15,
1110752533509464390,Top floor 1BR in the heart of Södermalm,135323554,1468348755002125383,Andreas,,Södermalms,59.3178081,18.0667907,Entire home/apt,2419,1,116,2026-06-23,4.24,22,325,46,
1110921535955176472,Trendy and cosy Södermalm,2598672,1462599823880482543,Marika,,Södermalms,59.31790381074909,18.05747851378695,Private room,1401,2,12,2026-06-23,0.47,1,67,6,
1110967139816739584,"1 room, 2x90 cm Beds, Central Stockholm, Södermalm",566564815,1470522715643481961,Alber,,Södermalms,59.30901,18.07597,Private room,,1,8,2025-05-25,0.31,2,0,0,
1112863630343928897,Nice apartment near City,3603430,1462634018607351849,Slava,,Hägersten-Liljeholmens,59.300340674808254,17.996200085180654,Entire home/apt,,90,0,,,1,0,0,
1112885004535348969,Idungatan,550139802,1470460297936590418,Peter,,Norrmalms,59.34822130000001,18.0485883,Entire home/apt,1612,1,68,2026-06-20,2.57,1,29,35,
1113396362955796558,Bekvämt eget hus i Älvsjö,43610540,1462694297567346032,Erik,,Älvsjö,59.27343699999999,17.9849722,Entire home/apt,1360,2,31,2025-10-19,1.20,5,22,5,
1113681724677901128,Nyrenoverat hus i soligt läge.,530635731,1470383882218522624,Malin,,Älvsjö,59.27667169999999,17.9670839,Entire home/apt,,4,9,2025-08-01,0.37,1,3,4,
1114512424059124290,A sunny design home by the water,5329189,1462678257722856881,Fanny,,Södermalms,59.31716324428651,18.03560194295989,Entire home/apt,1744,1,13,2026-05-22,0.50,1,193,5,
1114975031397754596,Light spacious space with plants,255290878,1463310950269299222,Dee,,Rinkeby-Tensta,59.40512,17.92371,Private room,,2,11,2025-08-30,0.43,1,0,1,
1115089370100544160,Beautiful spacious studio with waterfront view,316782764,1469598673104803159,Bella,,Kungsholmens,59.33727,18.02547,Entire home/apt,1722,3,173,2026-06-16,6.38,11,336,110,
1115089587265741411,Modern Scandinavian apartment by the waterfront,316782764,1469598673104803159,Bella,,Kungsholmens,59.33866,18.02365,Entire home/apt,2062,2,201,2026-06-24,7.44,11,343,120,
1115822895358598703,Bromma m. balkong,137994869,1462957495584042916,Anna,,Bromma,59.33516,17.94822,Entire home/apt,,3,1,2024-08-26,0.04,1,0,0,
1116361750886765912,Student Room C,60568654,1466745953793641236,Sophie Christine,,Spånga-Tensta,59.390115719558246,17.89326323069846,Private room,475,1,6,2026-06-08,0.24,2,163,3,
1116644933808219513,Spacious Penthouse close to center,108308665,1467312322448645686,Philip,,Enskede-Årsta-Vantörs,59.28148869999999,18.0844363,Entire home/apt,2923,2,7,2026-05-30,0.27,1,238,2,
1116731161347496859,Student Room F,60568654,1466745953793641236,Sophie Christine,,Spånga-Tensta,59.39005,17.89322,Private room,337,17,3,2026-05-18,0.12,2,192,1,
1117181764164079207,Central vintage apartment in Stockholm,220860397,1469166418597195468,Sofia,,Södermalms,59.31863939254718,18.069495522297466,Entire home/apt,2956,1,10,2024-08-21,0.40,21,66,0,
1117903508226422755,Room close to City,568351439,1470528274910567068,Alan,,Hägersten-Liljeholmens,59.30896,18.01962,Private room,466,3,37,2026-03-30,1.39,1,97,17,
1117953225174557027,Comfortable & modern studio,271346174,1463352607514495320,StayPlus,,Hägersten-Liljeholmens,59.29954,17.99756,Entire home/apt,1234,1,49,2026-06-14,1.86,50,356,26,
1118003355620891156,Pent house in Vasastan,5412303,1462680195510546455,Anders,,Norrmalms,59.344648058674785,18.043821835021017,Entire home/apt,4268,3,2,2024-08-10,0.08,1,338,0,
1118009540653940275,"Cozy, spacious apartment",1724256,1462576772231910509,Armin,,Enskede-Årsta-Vantörs,59.25954,18.04561,Entire home/apt,154,90,0,,,3,279,0,
1118057639302170805,Solig trädgårdsvilla nära city,494520303,1470226132518399300,Emma,,Enskede-Årsta-Vantörs,59.26634599329535,18.060545762994813,Entire home/apt,3989,2,17,2026-06-21,0.66,1,68,11,
1118515631521811635,"Södermalm, Mariatorget, 4 floor",568485463,1470528733793099256,Marianne,,Södermalms,59.3170952,18.0631342,Entire home/apt,,3,6,2024-08-28,0.23,2,0,0,
1119317500884209605,1 bedroom apartment with balcony,16295207,1462983287720792520,Louise,,Norrmalms,59.33973,18.03935,Entire home/apt,,1,1,2024-05-19,0.04,1,0,0,
1119453879549435339,Lägenhet med utsikt,5839486,1462690935131745326,Katarina,,Södermalms,59.30179,18.10154,Entire home/apt,1872,7,5,2026-06-20,0.20,1,126,3,
1119548152679406799,"Calm & spacious, close to city",214621449,1469124173006375619,Frans,,Hägersten-Liljeholmens,59.29922,17.94961,Entire home/apt,5364,5,7,2026-01-02,0.29,1,126,1,
1119565027262306930,Apartment with lots of light,109833557,1462895027324911898,Tobias,,Enskede-Årsta-Vantörs,59.28864,18.02856,Entire home/apt,,1,0,,,1,0,0,
1119580531297968090,Superfint ljust boende. Mitt i Stockholm City!,76514358,1466938381513952112,Sara,,Norrmalms,59.34230115728931,18.050235295203233,Entire home/apt,3386,3,3,2026-06-03,0.12,1,121,1,
1119611465552845498,Central lägenhet vid vattnet,174697061,1468694665641279032,My,,Kungsholmens,59.3387091,18.0145692,Entire home/apt,2397,1,1,2026-06-19,1,1,171,1,
1120064885078938268,Social and modern 2 bedroom apt,2923872,1462612571774121576,Iza,,Södermalms,59.31923281813167,18.07105902582407,Entire home/apt,7503,4,4,2026-06-15,0.16,1,180,3,
1120171538124455782,Cosy Loft in Downtown,271346174,1463352607514495320,StayPlus,,Hägersten-Liljeholmens,59.298225868422406,17.998120871438744,Entire home/apt,1272,1,50,2026-06-15,1.92,50,341,27,
1121142520270662975,Lägenhet på Kungsholmen,269966891,1469426308305872082,Elin,,Kungsholmens,59.33318,18.03372,Entire home/apt,7988,4,3,2024-07-12,0.12,1,4,0,
1121581579505061080,Östermalm- Humlegård Stureplan,539105033,1470417127076537648,Alexander,,Östermalms,59.33872049999999,18.0759543,Entire home/apt,,2,1,2024-05-19,0.04,1,0,0,
1121667443979247239,Relaxing comfy apartment,271346174,1463352607514495320,StayPlus,,Södermalms,59.31376,18.07955,Entire home/apt,1997,1,29,2026-06-21,1.11,50,359,13,
1122256782852006157,Room in apartment with Lake view,16139319,1462979507854566824,Simon,,Hässelby-Vällingby,59.358642938082056,17.83224104354069,Private room,695,1,7,2026-06-15,0.27,1,316,5,
1122279330455626786,Urban oasis apartment,271346174,1463352607514495320,StayPlus,,Södermalms,59.31388,18.0778,Entire home/apt,1514,1,29,2026-06-07,1.10,50,304,20,
1122433296901331133,Spacious 3-bedroom apartment in great location,535802771,1470404191012367337,Lukas,,Norrmalms,59.34524,18.0468,Entire home/apt,5043,2,109,2026-06-27,4.05,52,291,53,
1122986108858179710,Rymlig 2 ROK i city,77338270,1466946758911620303,Filip,,Norrmalms,59.34858,18.03543,Entire home/apt,9286,14,0,,,1,267,0,
1123186506576761279,Mysig 2 rums lägenhet,14434096,1462938534243652258,Sandra,,Hägersten-Liljeholmens,59.30447,17.99371,Entire home/apt,,4,1,2024-07-23,0.04,2,0,0,
1123881298931719414,Bright 2-Bedroom Sanctuary near Subway & Restrants,181258175,1468749365220018171,Suleiman,,Hässelby-Vällingby,59.36895791928596,17.83700508541217,Entire home/apt,514,1,10,2026-06-13,0.38,1,354,3,
1124034937876792205,Penthouse,47854152,1465722908712951591,Evelina,,Enskede-Årsta-Vantörs,59.2825364,18.0901203,Entire home/apt,1522,1,26,2026-06-11,1.01,1,232,12,
1124645888119276219,Östermalm Gem: Central Charm,7960196,1462745611451421122,Alina,,Östermalms,59.33257,18.08159,Entire home/apt,,2,1,2024-05-19,0.04,1,0,0,
1125246340622608334,Fin tvåa på Södermalm,270993581,1469431058876009625,Angelina,,Södermalms,59.312860188793024,18.079093563548287,Entire home/apt,3082,1,4,2026-06-19,0.16,1,63,3,
1125339398913199288,Trevligt Rum i Fruängen,467636272,1470108337720254299,Deborah,,Hägersten-Liljeholmens,59.28821,17.97363,Private room,1101,1,20,2026-06-06,0.78,1,54,4,
1125382736386652782,Excellent lägenhet i Gamla stan,475075951,1470141958285161137,David,,Södermalms,59.32462,18.07508,Entire home/apt,1768,2,112,2026-06-09,4.18,2,205,47,
1125421916116164310,"Toppvåning i Vasastan –  Rymd, ljus & balkonger",569771321,1463884300636605956,Nedim,,Norrmalms,59.34776489999999,18.0371689,Entire home/apt,4990,3,22,2026-06-21,0.85,1,326,13,
1125884460896522654,Apartment Odenplan,464515913,1470093366733224131,Lucas,,Norrmalms,59.34315,18.05303,Entire home/apt,,1,0,,,3,0,0,
1125892230691393527,Unique tiny house close to Stockholm,13880375,1462588135406481953,Maria,,Älvsjö,59.27712,17.96497,Entire home/apt,1448,2,90,2026-05-31,3.60,2,253,41,
1126176090788733588,Apartment Odenplan,464515913,1470093366733224131,Lucas,,Norrmalms,59.344,18.05176,Entire home/apt,,4,0,,,3,0,0,
1126386487971755314,Modern and Cozy place,35938108,1465532713359134075,Lu,,Älvsjö,59.278533423464545,18.009295899222383,Entire home/apt,1011,3,0,,,1,242,0,
1126588609373368603,Twin Studio,343919205,1469678302654252410,Forenom,,Rinkeby-Tensta,59.40722577650137,17.952181538451672,Entire home/apt,1834,1,3,2025-09-28,0.16,6,362,1,
1126596266933580672,One-bedroom Apartment,343919205,1469678302654252410,Forenom,,Rinkeby-Tensta,59.4075,17.95262,Entire home/apt,2344,1,2,2025-10-18,0.11,6,359,1,
1126601264383002411,Two-bedroom Apartment,343919205,1469678302654252410,Forenom,,Rinkeby-Tensta,59.408888920503784,17.952896515582765,Entire home/apt,3055,1,8,2025-10-26,0.60,6,352,5,
1126723025775292174,Lugn villadröm nära till Stockholm city och t-bana,278293198,1469466198837989348,Sofia,,Hägersten-Liljeholmens,59.2989512,17.9598414,Entire home/apt,3158,5,3,2026-06-24,0.26,1,33,3,
1126774536734277990,Mysig Stockholmstvåa på Söder,99500261,1467196061254302016,Adina,,Södermalms,59.31026163131607,18.07989995891211,Entire home/apt,2853,1,8,2026-06-17,0.37,1,28,3,
1127039730615998743,Stort rum i sekelskiftetslägenhet  Södermalm,12574659,1462890865869537930,Maria,,Södermalms,59.31065980301182,18.075948357582092,Private room,942,3,23,2026-06-21,0.87,1,27,14,
1127479964516779707,Superior Apartment with SofaBed,362541894,1469727868135391449,ApartDirect,,Södermalms,59.3249171,18.0684549,Entire home/apt,2450,2,33,2026-05-24,1.27,22,208,11,
1127492522114733637,Mysigt flerfamiljshus nära stan,415878655,1469891429721745442,Samuel,,Farsta,59.26759180000001,18.0948002,Entire home/apt,2054,4,10,2026-06-28,0.38,1,252,3,
1127610728993382545,Villa anno 1922 med pool,56093890,1465918606617909241,Henrik,,Älvsjö,59.2846,18.02527,Entire home/apt,,7,0,,,1,0,0,
1127937568881386004,shalom,328917071,1469630082009986497,Sara,,Spånga-Tensta,59.37709267068767,17.90646322620494,Private room,639,1,0,,,1,264,0,
1128128948315854909,Sommarlägenhet,110155198,1467332411864113495,Klara,,Enskede-Årsta-Vantörs,59.28870212462156,18.036727176433782,Entire home/apt,719,27,2,2024-08-13,0.09,1,95,0,
1128917654561189917,Peaceful flat close to the city,2315881,1462591821112577242,Sonia,,Enskede-Årsta-Vantörs,59.2821806,18.0772967,Entire home/apt,1324,2,9,2026-06-28,0.35,1,11,3,
1129445677434463670,Sekelskiftesdröm – din egen del i delad lägenhet!,18860364,1462607430203604995,Sofia,,Kungsholmens,59.32633,18.04264,Entire home/apt,,3,12,2026-06-14,0.45,1,0,3,
1129592441982349549,Lägenhet Liljeholmskajen,40805906,1465607541380685696,Kajsa,,Hägersten-Liljeholmens,59.30657,18.03641,Entire home/apt,,1,1,2024-05-19,0.04,1,0,0,
1129608875499096278,Lägenhet nära bad och innerstan,570996676,1470536597992777215,Frida,,Hägersten-Liljeholmens,59.30491,18.00132,Entire home/apt,2511,5,10,2026-04-06,0.41,1,27,5,
1129714841108286869,Spacious & Stylish Apartment - Near City Center,239333894,1469273171724018393,Fredrik,,Enskede-Årsta-Vantörs,59.281642153975945,18.084345104893508,Entire home/apt,,3,14,2026-05-17,0.54,1,0,7,
1129752001107851553,Fint parhus i villaidyll,40870046,1465608353213367855,Marlene,,Älvsjö,59.276070179477635,17.960131494285275,Entire home/apt,3424,3,0,,,1,20,0,
1130202422561703019,Villa med pool nära Stockholm C,571191777,1470537146786700571,Anna,,Farsta,59.2651,18.09702,Entire home/apt,3361,5,0,,,1,334,0,
1130228473277643279,Design and nature in city,571195927,1470537161315707333,Charlotte,,Östermalms,59.34652289999999,18.0959867,Entire home/apt,2283,1,80,2026-06-14,3.11,1,54,47,
1130282228758607179,Mysigt familjehus,213977109,1469119368355645495,Nafia,,Rinkeby-Tensta,59.41525,17.93629,Entire home/apt,2457,2,12,2024-08-26,0.47,1,125,0,
1130490407030311096,"34 kvm, två rum på Kungsholmen",344054012,1469678877946141693,Anna,,Kungsholmens,59.33697,18.03033,Entire home/apt,,4,16,2025-07-23,0.62,1,0,2,
1130522137411422218,Spacious apartment in Telefonplan/Midsommarkransen,137668966,1468368065781997524,Emma,,Hägersten-Liljeholmens,59.30192219913912,17.99253912807835,Entire home/apt,1332,3,11,2026-05-25,0.43,1,219,3,
1130888692949900960,Modern flat in heart of lovely Old Town,16683151,1462598836591245231,Olof,,Södermalms,59.32388,18.06782,Entire home/apt,5134,1,150,2026-06-24,5.62,8,330,63,
1131721501129501792,Tyst och nära till centrala Stockholm och skogen,412064831,1469878590584062964,Oscar,,Skarpnäcks,59.26644232762122,18.13284051353407,Private room,637,1,48,2026-06-15,1.80,1,210,23,
1131833768577529365,Nyrenoverad pärla nära stad och natur,23843710,1465279404814865129,Erik,,Skarpnäcks,59.27210226969598,18.135115739890594,Entire home/apt,1427,6,2,2025-08-01,0.17,1,32,2,
1131892719175522613,"Lyxigt, mysigt och centralt",81864114,1466994370389761348,Nina,,Norrmalms,59.34739,18.05853,Private room,2283,3,2,2026-06-13,2,1,269,2,
1131895839549799292,Charmig etta i Hornstull,64910615,1466802760804682273,Sofia,,Södermalms,59.31751,18.02814,Entire home/apt,,2,3,2024-08-11,0.12,1,0,0,
1131943911026403728,Ljus och modern lägenhet,305754071,1469564903274495622,Elin,,Hägersten-Liljeholmens,59.29803,18.0041,Entire home/apt,,2,0,,,1,0,0,
1131950859639029685,Captivating 1-Bed Apartment in Stockholm,550676590,1470462449759553722,Travelnest,,Norrmalms,59.33595,18.05463,Entire home/apt,,1,18,2025-12-27,0.69,2,363,4,
1131950894417435458,Attic Floor in Stockholm City 918,550676590,1470462449759553722,Travelnest,,Norrmalms,59.33752,18.05302,Entire home/apt,,1,19,2025-11-16,0.79,2,364,7,
1132004247951909395,Ljus mysig lägenhet,425481225,1469929327940317283,Rebecca,,Enskede-Årsta-Vantörs,59.26392,18.05359,Entire home/apt,,3,0,,,1,0,0,
1132366852056883780,Stockholm City,138358086,1468373622832527536,Danijel,,Enskede-Årsta-Vantörs,59.2973544,18.0779725,Entire home/apt,848,1,0,,,1,85,0,
1133291858151433364,Lovely newly renovated apartment in great location,535802771,1470404191012367337,Lukas,,Norrmalms,59.34795,18.0508,Entire home/apt,3346,2,113,2026-06-26,4.23,52,311,44,
1133722996032009191,Mysigt familjevänligt hus i lugnt villaområde,572034427,1470550496166939208,Malin,,Spånga-Tensta,59.37266,17.90559,Entire home/apt,,4,5,2024-08-09,0.20,1,0,0,
1133805834446056807,Perfekt city lägenhet,22810461,1463188965969977873,Linda,,Kungsholmens,59.32684,18.04438,Entire home/apt,2658,2,10,2026-05-04,0.39,1,49,2,
1134483605694945004,Två våningar vid Mariatorget,746388,1462528072611783690,Ulrika,,Södermalms,59.315215544300536,18.05802583694458,Entire home/apt,2267,7,7,2025-08-11,0.29,1,165,4,
1134600727205063827,Charmig 2 rums lägenhet på söder,158826410,1468546785055421865,Anna,,Södermalms,59.31969,18.047,Entire home/apt,682,90,9,2024-05-30,0.34,1,247,0,
1134668619464893271,"Spacious villa with pool, sauna and all for kids",571047773,1470536755046828521,Patrik,,Hägersten-Liljeholmens,59.29548725203773,17.94720067626694,Entire home/apt,4565,3,8,2025-07-31,0.33,1,15,4,
1134744601810870987,Central Mysig lägenhet,563949341,1470514754001228364,Gustav,,Enskede-Årsta-Vantörs,59.29671165785733,18.0493370711897,Entire home/apt,3226,1,12,2026-06-12,0.47,1,166,3,
1134762228943854107,Söderorts lägenhet,57611813,1466690754935796207,Anton,,Farsta,59.258175757404686,18.073881849737568,Entire home/apt,2404,1,0,,,1,269,0,
1134764549969983213,Cozy apartment on Södermalm,37322727,1465558086629525910,Oscar,,Södermalms,59.3097,18.06402,Entire home/apt,,14,11,2025-12-25,0.42,1,0,2,
1134831328289015656,Comfortable room in an apartment,32775181,1465480420910210144,Shoaib,,Södermalms,59.304395703533956,18.111567793655297,Private room,993,1,98,2026-06-22,3.70,1,200,41,
1134879729766120722,En liten pärla med havsutsikt,6842616,1462716705044703287,Gabriella,,Östermalms,59.37223,18.05381,Entire home/apt,,5,12,2025-07-04,0.46,1,0,1,
1134948775353918356,Ljus lägenhet Östermalm/Vasastan,542965188,1470432224901919444,Matilda,,Östermalms,59.34824,18.06351,Entire home/apt,,29,0,,,1,0,0,
1135272368183807226,Stylish one-bedroom with gorgeous view,196865544,1469026393074375296,Alexandra,,Östermalms,59.34795,18.09537,Entire home/apt,,1,0,,,1,0,0,
1135314714897551922,Semi-automatic mini-hotel ( #1),5035393,1462538530785758373,Tomas,,Kungsholmens,59.335037,18.030801,Private room,1100,1,21,2026-06-28,0.82,6,39,11,
1135339064639854678,Semi-automatic mini-hotel (#2),5035393,1462538530785758373,Tomas,,Kungsholmens,59.335037,18.030801,Private room,1050,1,38,2026-06-18,1.46,6,215,14,
1135346312189215390,Semi-automatic mini-hotel (#3),5035393,1462538530785758373,Tomas,,Kungsholmens,59.335037,18.030801,Private room,1100,1,27,2026-06-18,1.04,6,230,13,
1135416304549921268,Inrett källarplan 2 sovrum+bad/bastu,572431700,1470551694356437717,Marcus,,Enskede-Årsta-Vantörs,59.27792,18.08671,Entire home/apt,,1,0,,,1,0,0,
1135424491830609116,Cozy apartment in central SoFo,11187554,1462859078203267303,Linnea,,Södermalms,59.31361,18.07668,Entire home/apt,,2,3,2025-06-07,0.12,1,0,0,
1135426350855693794,Lovely spacious room at the waterfront,23043504,1465267832155043151,Cornelia,,Kungsholmens,59.33995818108979,18.0054375052559,Private room,1655,2,11,2025-08-24,0.47,2,65,2,
1135433851799427729,Semi-automatic mini-hotel (#4),5035393,1462538530785758373,Tomas,,Kungsholmens,59.335037,18.030801,Private room,1450,1,48,2026-06-28,1.86,6,219,27,
1135445955021521369,Semi-automatic mini-hotel (#5),5035393,1462538530785758373,Tomas,,Kungsholmens,59.335037,18.030801,Private room,1100,1,37,2026-06-27,1.45,6,239,25,
1135459931404523645,Semi-automatic mini-hotel (#6),5035393,1462538530785758373,Tomas,,Kungsholmens,59.335037,18.030801,Private room,1090,1,47,2026-06-26,1.82,6,219,22,
1135562734560015756,"Cozy apartment by Avicii Arena, 10 min to city",460482987,1470073697078669948,Linda,,Enskede-Årsta-Vantörs,59.29378835282953,18.076363157216306,Entire home/apt,1470,1,17,2026-05-15,0.66,1,19,10,
1135565861862715909,Apartamento con jardín cerca del metro,364397925,1469732668045807011,Magalys,,Hässelby-Vällingby,59.3633395,17.8461848,Entire home/apt,632,1,62,2026-06-16,2.31,8,256,31,
1135581886638548444,Cozy flat in the heart of SoFo,305441528,1469563720659719412,Carolina,,Södermalms,59.31269,18.08383,Entire home/apt,,5,4,2026-01-02,0.17,1,4,2,
1135964054550721690,Newly renovated studio in Old Town,571951881,1470550277823137103,Bella,,Södermalms,59.32446,18.07224,Entire home/apt,4275,2,141,2026-06-21,5.29,1,305,54,
1136767403396111259,Hus i Spånga/Sundby,475007065,1470141711656897308,Magdalena,,Spånga-Tensta,59.37391,17.91283,Entire home/apt,3932,1,2,2024-08-04,0.08,2,267,0,
1136901235727360581,Drömvilla nära Stockholm city,6247874,1462701647344427231,Markus,,Enskede-Årsta-Vantörs,59.26994852540919,18.033747341859623,Entire home/apt,15064,1,2,2024-06-14,0.08,1,269,0,
1137336639997733364,Boende söder om Globen,391649617,1469811276289600936,Annci,,Skarpnäcks,59.284576140803175,18.11195822771028,Private room,1733,2,5,2026-06-14,0.19,1,140,3,
1137528676499816817,Lägenhet i grön oas 15 min från city,26855954,1465383722363542689,Lydia,,Skarpnäcks,59.2788675,18.1261077,Entire home/apt,,2,0,,,1,0,0,
1137591531885699774,Cosy flat on trendy Södermalm,500882664,1470252407875904037,Karin,,Södermalms,59.30585,18.06634,Entire home/apt,1569,3,20,2026-06-25,0.78,1,43,8,
1137698037355336681,Tor,562896572,1470511650931433447,Jan,,Norrmalms,59.3389,18.06121,Entire home/apt,,5,10,2025-08-08,0.40,1,6,4,
1138157394562332729,"Flatenstugan lägergård vid sjön, 26 sängplatser",573105340,1470553896297836134,Föreningen Aktiva Studier,,Skarpnäcks,59.25166749992427,18.161125271411116,Entire home/apt,6848,1,17,2026-06-14,0.70,1,229,6,
1138189695641426347,Beautiful studio in SOHO,271346174,1463352607514495320,StayPlus,,Södermalms,59.31361,18.07971,Entire home/apt,1531,1,20,2026-05-25,0.79,50,347,8,
1138335608385557459,"Modern sekelskifts 3a i Stockholm, Vasastan",554376458,1470475801004800235,Rebecka,,Norrmalms,59.34017,18.03706,Entire home/apt,,5,0,,,1,0,0,
1139087407734385345,Central Duplex with Balcony,408876833,1469867510877247321,Ebba,,Södermalms,59.32039643747106,18.062395305459578,Entire home/apt,1370,10,2,2024-07-31,0.08,1,82,0,
1139153663372586710,Central Apartment,314639166,1469593222249116929,Rebecca,,Norrmalms,59.34943,18.0567,Entire home/apt,,3,0,,,1,0,0,
1139264827207723244,Comfy apartment in Södermalm.,66365062,1466820179926653856,Sofia,,Södermalms,59.31052,18.09755,Entire home/apt,,30,1,2024-08-27,0.04,1,0,0,
1139580957083586726,Mellis,30035065,1465442403807275749,Malin,,Rinkeby-Tensta,59.38688,17.91871,Private room,,2,1,2024-05-20,0.04,1,0,0,
1139660794334969757,Mysig lägenhet i Gamla Stan,408365979,1469865588872213393,Joëlle,,Södermalms,59.32573,18.06975,Entire home/apt,,1,1,2024-05-20,0.04,1,0,0,
1139752191917764827,Guest room in lovely Solberga,25143365,1465336882468163709,Venessa,,Älvsjö,59.28998244762008,17.998267821998336,Private room,2283,1,2,2026-06-14,0.08,1,269,1,
1139761844270750335,Mysig lägenhet med fantastisk läge!,573453847,1470565603286052656,Philip,,Södermalms,59.3164108,18.0875217,Entire home/apt,4160,2,13,2025-08-24,0.55,1,21,7,
1139789711657320353,Lägenhet Stockholm,30519428,1465449113994601788,Agneta,,Norrmalms,59.3434804,18.0524724,Entire home/apt,3994,3,19,2025-09-01,0.74,1,14,6,
1139907823360227424,Newly renovated 3-bedroom apartment at Södermalm!,6403295,1462705546289968037,Arash,,Södermalms,59.3158584,18.0620801,Entire home/apt,5477,1,5,2025-08-07,0.21,1,7,2,
1140278756313675769,Perfekt boende för Taylor Swifts konsert,29581647,1465435353485151550,Fanny,,Södermalms,59.30248068678632,18.093021288514137,Entire home/apt,,3,0,,,1,0,0,
1140403112616964599,Södermalm Centralt Bondegatan,502912123,1470261081526167181,Ann,,Södermalms,59.31367014230951,18.074796341889755,Entire home/apt,4479,2,18,2026-06-28,0.70,1,119,1,
1140592792058987775,Luxurious and central apartment,185670376,1468960330931211934,Alexander,,Norrmalms,59.34864,18.05115,Entire home/apt,,3,0,,,1,0,0,
1140604401232448292,Urban Charm Meets Natural Beauty,51950525,1465819834271004394,Dajana,,Kungsholmens,59.33475,17.99992,Entire home/apt,1246,1,10,2025-07-29,0.39,1,63,3,
1140665915754103621,Örbyleden söder om Globen,569809082,1470532761948944595,Michel,,Enskede-Årsta-Vantörs,59.27457114042168,18.04878931492567,Private room,1015,1,3,2024-11-03,0.12,1,364,0,
1140722064177274829,Studio med utsikt över Stockholm,406443657,1469858773118961830,Mohannad,,Östermalms,59.35276009999999,18.0567949,Entire home/apt,318,28,3,2025-08-31,0.12,1,77,1,
1140735770966032638,Cozy flat in Stockholm’s heart,34492254,1465506834871033585,Anna,,Kungsholmens,59.33152,18.0085,Entire home/apt,,5,1,2024-06-20,0.04,1,0,0,
1141253151828081106,Suverän 2a - högst upp,78410914,1466960344759565103,Carl,,Norrmalms,59.34165960000001,18.0492681,Entire home/apt,1655,14,8,2026-06-29,0.32,1,136,3,
1142048611120864061,Two-level designer living,5058510,1462671819512948252,Vidar,,Enskede-Årsta-Vantörs,59.26044,18.04598,Entire home/apt,2416,3,2,2026-06-13,0.08,1,22,1,
1142398249145767282,Central lägenhet på Södermalm,131777704,1468318744259286895,Olivia,,Södermalms,59.31122,18.07185,Entire home/apt,,7,0,,,1,0,0,
1142484216589978637,Cozy room in SOFO,532570632,1470391403313062318,Engla,,Södermalms,59.313924255347445,18.087474815547466,Private room,,1,3,2024-06-09,0.12,2,0,0,
1142489475616448608,Sunny modern place in green area,132644784,1468326306097915201,Nevena,,Bromma,59.3650907,17.9489379,Entire home/apt,,8,2,2024-09-16,0.08,1,0,0,
1142561855460546871,Swift Serenity Cottage,453192948,1470039435381307524,Matteo,,Bromma,59.35758,17.92619,Entire home/apt,1940,2,0,,,1,84,0,
1142739342484363118,Jorge lägenheten,574206546,1470568036193435013,Jorge,,Farsta,59.27255,18.06984,Private room,,2,28,2025-08-24,1.07,1,0,2,
1143921967208148498,Nära till allt,74096336,1466912674697813582,Kristina,,Södermalms,59.3144764,18.0908473,Entire home/apt,,3,0,,,1,0,0,
1144123127840732565,Sekelskiftesvåning på Södermalm,574502042,1470568948437375225,Åsa,,Södermalms,59.31377310000001,18.0770357,Entire home/apt,3880,1,17,2026-06-14,0.65,1,117,5,
1144861808054352509,Top location in Södermalm #1,455682089,1470050414234689165,Anton,,Södermalms,59.31718,18.07435,Entire home/apt,1186,1,136,2026-06-14,5.15,4,115,71,
1144988393728885465,"Litet rum nära Årsta, Gullmarsplan, Globen .",574708481,1470569545043849885,Veseli,,Enskede-Årsta-Vantörs,59.296042958769306,18.054863911942665,Private room,387,5,10,2026-05-12,0.40,1,81,4,
1144988894905357162,"Neat & cozy, close to transport",157550866,1468535959605803142,Mohammed Salahuddin,,Rinkeby-Tensta,59.39588703921801,17.942258343100548,Private room,855,1,4,2024-05-20,0.15,1,85,0,
1144996451216981445,Charmigt boende i Gamla stan,56020655,1465917625517075027,Hanaa,,Södermalms,59.324466316668335,18.071824125945568,Entire home/apt,,2,4,2025-06-15,0.16,1,0,0,
1145003523273141655,Fräscht rum i källare,344597010,1469680803228977503,Sara,,Bromma,59.3391952952231,17.962039969861507,Private room,1712,1,0,,,1,84,0,
1145643832424115804,Quiet oasis in trendy neighborhood by the water!,412836227,1469881144465695813,Karolina,,Södermalms,59.31649,18.0309,Entire home/apt,3899,3,22,2026-05-07,0.85,2,85,14,
1145737754181913259,Hotellkänsla på oslagbart läge,94771346,1467142875798718328,Isabella Nina,,Norrmalms,59.338537864887996,18.0669519232734,Entire home/apt,,5,0,,,1,263,0,
1146050355132718963,Åsögatan,40925493,1465609107730213631,Pål,,Södermalms,59.31359069999999,18.0783953,Entire home/apt,,3,2,2024-08-07,0.08,1,0,0,
1146236628020681909,"Ljus, fräsch lägenhet!",8834339,1462788172017163262,Camilla,,Bromma,59.363456034231504,17.95443548818987,Entire home/apt,1119,2,1,2025-08-05,0.09,1,5,1,
1146788658788560822,Lägenhet i villa i Spånga,124806695,1468259178064155748,Ann-Christine,,Spånga-Tensta,59.3647068,17.9065903,Entire home/apt,1552,1,2,2025-08-23,0.08,1,19,1,
1147006214494118783,Villa med trädgård i Bromma,450633537,1470029065159968117,Andreas,,Bromma,59.3554,17.92815,Entire home/apt,,3,0,,,1,0,0,
1147816649662770771,1q2w3ee4r5t6y7u8i9o0påasdgfghjkl,363423521,1463531878191279434,Maria,,Spånga-Tensta,59.396037524019825,17.895899812449517,Private room,571,1,1,2026-05-31,1,2,87,1,
1147827434640369746,City villa with panoramic view over Drottningholm,9402238,1462813182723522031,Katharina,,Bromma,59.33121387021395,17.906427165606686,Entire home/apt,,5,2,2024-07-16,0.08,1,0,0,
1148356511388111405,Trevligt 3:a på Södermalm!,196645419,1469025311612536687,Sara,,Södermalms,59.30971,18.05436,Entire home/apt,,1,13,2025-08-10,0.50,1,0,4,
1149079671433168098,4 rooms close to Sthlm City perfect for a family,575711772,1470572612064437334,Kamil,,Enskede-Årsta-Vantörs,59.28679,18.10111,Entire home/apt,,2,16,2026-01-04,0.62,1,0,3,
1149251229129896585,Designerloft med solig balkong,4639483,1462662162827199458,Eva-Jo,,Södermalms,59.30724641037289,18.080828966711707,Entire home/apt,3011,3,1,2024-05-19,0.04,1,252,0,
1149297768506730481,Pärlan,325669360,1469620669669163646,Sonja,,Hässelby-Vällingby,59.35859,17.83544,Entire home/apt,,2,0,,,1,0,0,
1149382825061142946,Mysigt och nära till allt,176712259,1468712026802915846,Daniela,,Kungsholmens,59.33814,18.02506,Private room,1598,2,23,2026-06-14,0.89,1,25,11,
1149920021964594951,Gavelradhus i sköna Sköndal,8322942,1462765544530274395,Anna,,Farsta,59.24953,18.11225,Entire home/apt,2359,6,1,2025-05-31,0.08,1,210,0,
1150110078064783610,Centralt läge vid Vasaparken,575864117,1470573177901063162,Caroline,,Norrmalms,59.33971,18.03956,Private room,,2,1,2024-05-19,0.04,1,0,0,
1150532405549117769,Modern cozy studio,25614177,1465346181980467772,Alexia,,Älvsjö,59.27835372393845,18.00519945694245,Entire home/apt,1119,2,12,2026-05-19,0.77,1,39,4,
1150597920715916082,Charmig villa i Stockholm – med trädgård,61567175,1466757658174151783,Anna,,Skarpnäcks,59.283451479828194,18.107886667095066,Entire home/apt,2921,5,0,,,1,9,0,
1150638953718170092,Entire flat in SOFO available!,532570632,1470391403313062318,Engla,,Södermalms,59.31346,18.08704,Entire home/apt,,1,1,2024-05-12,0.04,2,0,0,
1150643030591713960,Sleep Over Only Female shared with balcony,178407994,1463070087996674544,Mohamed,,Rinkeby-Tensta,59.39117668790782,17.919987963757666,Private room,,1,0,,,3,0,0,
1150646695287598432,1 bed in 2 bed room. sleep over only female,178407994,1463070087996674544,Mohamed,,Rinkeby-Tensta,59.38961,17.92193,Shared room,1712,1,5,2026-05-30,0.19,3,270,2,
1150753814768479815,Centralt med bad och utsikt,14374176,1462937129377563161,Nadja,,Hägersten-Liljeholmens,59.3057823,18.0362755,Entire home/apt,4747,5,35,2026-06-25,1.36,1,187,10,
1150772568920346021,Charmig lägenhet vid Nytorget,114465687,1468179366045121624,Charlotta,,Södermalms,59.312746705582896,18.091041818261147,Entire home/apt,,1,0,,,1,0,0,
1151264540537853529,Sovrum i villa med sjöutsikt,39567613,1462681910400669204,Frida,,Hässelby-Vällingby,59.367522794034734,17.809161416811683,Private room,3243,1,0,,,1,269,0,
1151872699872320770,Historisk lägenhet i gamla stan,447671790,1470015794910594086,Patrik,,Södermalms,59.32351044791374,18.06910660071251,Entire home/apt,3750,1,59,2026-05-03,2.36,13,309,25,
1151978066274895657,Historisk takvåning i gamla stan,447671790,1470015794910594086,Patrik,,Södermalms,59.32575741949163,18.069388369254888,Entire home/apt,2248,1,46,2026-05-27,1.85,13,337,25,
1152055497286991334,Stunning top floor waterfront apt with balcony,316782764,1469598673104803159,Bella,,Kungsholmens,59.3374,18.02544,Entire home/apt,1553,3,64,2026-06-13,2.50,11,290,45,
1152133543067826198,Södermalm Full‑Floor Retreat,21034366,1463145038450538067,Alexander,,Södermalms,59.31985593815352,18.062206069311518,Entire home/apt,4637,3,30,2026-06-19,1.17,1,239,11,
1152167948621648955,Sekelskifte i en grön oas,72424979,1466894397249243209,Amanda,,Södermalms,59.314697973342874,18.088621124625206,Entire home/apt,2711,4,10,2026-05-17,0.42,1,15,4,
1152552662081407992,Swedish villa,29035344,1465428015172792718,David,,Spånga-Tensta,59.38374060036473,17.918090298771858,Entire home/apt,2531,14,0,,,1,33,0,
1152598869507937102,A nice room for a female central in Kungsholmen,389500363,1469804791054167856,Lena,,Kungsholmens,59.3321034,18.0281075,Private room,855,1,18,2026-06-13,0.75,1,4,10,
1152619967467786077,Lägenhet med balkong i Bromma,150427233,1468479487727087404,Johan,,Bromma,59.34232,17.96149,Entire home/apt,,1,4,2024-08-25,0.15,1,0,0,
1152727836789137128,Apartment with a view.,391281885,1469810157906390440,Ulrika,,Hägersten-Liljeholmens,59.3166826,18.0131373,Entire home/apt,3494,3,0,,,1,20,0,
1152733338849926580,Söders hjärta: 2 rum öppen plan,81497729,1466990631709902597,Oscar,,Södermalms,59.31737616885881,18.051635095542746,Entire home/apt,3424,2,2,2024-06-02,0.08,1,18,0,
1152749728698748099,Mysig 2:a  i populärt område,575410239,1470571672551239574,Sirak,,Hägersten-Liljeholmens,59.30633,17.99606,Private room,1427,3,3,2024-08-26,0.12,1,85,0,
1152828754958859160,Charmigt radhus nära Mälaren,102556573,1467230606395343135,Mathias,,Hässelby-Vällingby,59.368279476585315,17.82524917262822,Entire home/apt,2117,2,32,2026-06-22,1.24,1,296,16,
1152896172973813602,Nice flat in Central Stockholm. En oas i stan!,7134512,1462724310374148210,Frida,,Södermalms,59.31745169999999,18.0238386,Entire home/apt,,3,0,,,1,0,0,
1152979537745284158,Lovely room and own bathroom in city center!,576703723,1470575761381862765,Sara,,Kungsholmens,59.33425265802406,18.034368692196413,Private room,,1,23,2024-08-28,0.89,1,0,0,
1153277264802694357,Mysiga Gröndal/nära Södermalm,71277965,1466881726445475647,Josefin,,Hägersten-Liljeholmens,59.31409,18.0065,Entire home/apt,3233,3,9,2025-08-05,0.35,1,242,2,
1153319709787481456,Two story apartment,24770542,1465314561129293286,Elias,,Kungsholmens,59.33396,18.04269,Entire home/apt,4054,4,3,2025-07-31,0.12,1,89,2,
1153404935250618006,Cozy townhouse close to Stockholm city,439629215,1469985362954200017,Sofi,,Hägersten-Liljeholmens,59.30487671531246,18.0232898387097,Entire home/apt,2397,4,4,2026-01-02,0.35,1,6,4,
1153424589855379855,Lägenhet i gamla stan,447671790,1470015794910594086,Patrik,,Södermalms,59.32648,18.0737,Entire home/apt,2498,1,61,2026-06-12,2.46,13,313,43,
1153558117497026566,Fin tvåa i Hagsätra,574803253,1470569841653011751,Joakim,,Enskede-Årsta-Vantörs,59.26336298902084,18.01457276375429,Entire home/apt,,4,0,,,1,0,0,
1153586797646215181,Vindsvåning med två terrasser,134647808,1468342896513072042,Martin,,Södermalms,59.30964,18.06539,Entire home/apt,3310,1,7,2025-08-04,0.29,1,15,3,
1153633024776196935,Lägenhet nära Stockholms hjärta,576851784,1470576257298436285,Daniela,,Enskede-Årsta-Vantörs,59.29502,18.05056,Entire home/apt,,3,4,2024-06-23,0.16,1,0,0,
1153642885224799872,En sekelskiftesdröm,576854429,1470576265120285073,William,,Enskede-Årsta-Vantörs,59.28506,18.08919,Entire home/apt,1390,2,27,2025-10-13,1.09,1,139,7,
1153753178272198919,"Rum i Örby, Älvsjö",17138296,1463002975009652482,Marika,,Enskede-Årsta-Vantörs,59.2756862,18.0213092,Private room,1256,1,3,2026-06-13,0.15,1,349,1,
1154869334647035261,Modern lägenhet med fantastisk utsikt,36103300,1465536195296184981,Ali,,Hägersten-Liljeholmens,59.31248278139759,18.0228830422429,Entire home/apt,1849,3,5,2025-07-11,0.21,1,102,2,
1154913449030015883,Mysig studiolägenhet nära sjö och fri parkering,104806496,1467259547211751572,Alexander,,Älvsjö,59.26986729999999,17.9689381,Entire home/apt,1101,2,34,2026-06-21,1.33,1,59,14,
1155161840190672292,Modern lägenhet mitt i Stockholm,279653084,1469471821775622204,Julia,,Norrmalms,59.34786,18.05644,Entire home/apt,,3,8,2025-07-27,0.34,1,0,2,
1155200729875469471,Mysigt radhus,35315984,1465521777830471549,Lisa,,Skarpnäcks,59.27073,18.13309,Entire home/apt,,3,2,2025-01-01,0.08,1,0,0,
1155479103887077549,Charmigt 20-talshus i Mälarhöjden nära city & hav,34294322,1465503062918296203,Pia,,Hägersten-Liljeholmens,59.2978778,17.9535427,Entire home/apt,3738,4,1,2026-06-21,1,1,338,1,
1155535239554232506,Cozy apartment in Östermalm!,485406744,1470185178815434064,Nathalie,,Östermalms,59.34189,18.07964,Entire home/apt,1462,1,42,2026-06-30,1.62,1,1,20,
1155577311691377615,Unik lägenhet i gamla stan,447671790,1470015794910594086,Patrik,,Södermalms,59.32488,18.07556,Entire home/apt,2350,1,42,2026-06-14,1.68,13,312,24,
1155605827700894287,"Tallkrogen, en trädgårdsstad",23257180,1465270771375660876,Nils,,Farsta,59.27039,18.09417,Entire home/apt,3459,1,0,,,1,107,0,
1155641493577236924,Large 3BR Old Town retreat with Stunning view,1027549,1462536170935368379,William,,Södermalms,59.32395,18.06815,Entire home/apt,4593,1,129,2026-06-26,5.50,17,283,66,
1155695485422868000,Lovely studio apartment in Vasastan,535802771,1470404191012367337,Lukas,,Norrmalms,59.34854,18.05299,Entire home/apt,1225,2,99,2026-06-27,3.95,52,300,52,
1155704858933631960,"Quiet,Cozy and Spacious Apartment 3 min from Metro",476486427,1470147774751216970,Merilyn,,Hägersten-Liljeholmens,59.30631,17.98985,Entire home/apt,,1,1,2024-05-21,0.04,1,0,0,
1155730873709979866,"Charmigt boende på Södermalm, Stockholms SoHo",29589389,1462648650405190607,Tomas,,Södermalms,59.310229736074156,18.07619743055874,Entire home/apt,5706,2,10,2026-06-13,0.39,1,95,1,
1155738930624399040,Original studio flat,496877243,1470235674328132542,Gabriella,,Södermalms,59.324217724063814,18.074898432458852,Entire home/apt,5136,1,0,,,3,238,0,
1155760325498028547,Family home with garden 10 min from Södermalm,505795834,1470273760509959917,Jael,,Farsta,59.27650352066654,18.068884760141373,Entire home/apt,2558,4,2,2026-04-27,0.18,1,323,2,
1155846597782827540,charmig och ljus lägenhet,338557953,1469659001689287283,Matilda,,Kungsholmens,59.33469,18.03419,Entire home/apt,,5,6,2025-08-04,0.24,1,0,2,
1155912128131024889,2-rumslägenhet på Södermalm,340693634,1469667114442831191,Johan,,Södermalms,59.30606,18.06662,Entire home/apt,,4,3,2024-08-28,0.12,1,0,0,
1156170113034620719,Ljus och fin lägenhet Södermalm,24483077,1465305031407205837,Adam,,Södermalms,59.31904,18.03674,Entire home/apt,2301,1,7,2026-06-02,0.49,1,121,5,
1156173228143763722,"3 rum, 88kvm i Älvsjö",577452828,1470578035986455499,Elina,,Älvsjö,59.28651,18.0167,Entire home/apt,,10,5,2025-08-29,0.21,1,0,2,
1156380371590482695,Wonderful renovated apartment in Östermalm,390614369,1469808125298954547,Bella,,Östermalms,59.33578,18.08194,Entire home/apt,2675,2,112,2026-06-20,4.41,16,309,51,
1156381038776500787,Well-planned studio in the heart of Östermalm,390614369,1469808125298954547,Bella,,Östermalms,59.33614,18.0821,Entire home/apt,1528,2,111,2026-06-26,4.30,16,333,49,
1156381404169699285,Newly renovated 1 bed apartment in Östermalm,390614369,1469808125298954547,Bella,,Östermalms,59.33731,18.08062,Entire home/apt,3249,2,112,2026-06-25,4.39,16,318,54,
1156408977393135289,Beautiful dream home near beach & Stockholm city,64219327,1466792893829481775,Anton,,Bromma,59.319501966383214,17.95595812207139,Entire home/apt,3563,6,0,,,1,217,0,
1156418375155346003,Stay inn: Studio Apartment in Östermalm,549905955,1470459465974849876,Stay Inn Apartments,,Östermalms,59.33621,18.08548,Entire home/apt,1428,3,6,2025-10-27,0.23,28,59,1,
1156426187218034243,Stay Inn: Spacios studio Apartment in Östermalm,549905955,1470459465974849876,Stay Inn Apartments,,Östermalms,59.33749794945722,18.08548768924854,Entire home/apt,1971,3,20,2026-06-21,0.87,28,61,9,
1156549564008370829,"A house with a sea view, only for women",1597750,1462562689652505261,Mojgan,,Skärholmens,59.27356950280172,17.8707658192245,Private room,466,1,7,2026-06-11,0.53,2,270,6,
1156588354824738909,Pagos Hus,577560616,1470578396398135297,Hugo,,Hässelby-Vällingby,59.39227,17.81408,Entire home/apt,2254,4,20,2025-12-12,0.84,1,343,7,
1156912292664327737,Cozy apartment - Varberg Beach,434895913,1469967580254708874,Alina,,Skärholmens,59.27756,17.88125,Entire home/apt,913,1,0,,,1,196,0,
1156915019844675478,Privat undervåning 100 kvadrat!,132021014,1468320916151195090,Leo,,Älvsjö,59.28606,17.98347,Entire home/apt,11412,1,0,,,1,269,0,
1156989215874368946,"2 rum & kök, 23 min till central",577656237,1470578634084948986,Malin,,Enskede-Årsta-Vantörs,59.2594225,18.0170444,Private room,,1,0,,,1,269,0,
1157041620352561910,Townhouse in stockholm suburb.,56498414,1465924520424986981,Peter,,Farsta,59.2589,18.1263,Entire home/apt,3475,2,0,,,1,263,0,
1157047359291301659,Elliotska villan sjönära,5349390,1462678751736769759,Erik,,Farsta,59.23549779999999,18.086778,Entire home/apt,6048,3,0,,,1,267,0,
1157164291294060074,House 30sqm great standard fully equipped,577359357,1470577739378221964,Andreas,,Enskede-Årsta-Vantörs,59.26955,18.03439,Entire home/apt,936,1,49,2026-06-13,3.24,1,9,34,
1157645833198209505,Waterside Södermalm apartment,29469195,1465433831186042946,Maggie,,Södermalms,59.31594,18.03229,Entire home/apt,,4,5,2025-01-05,0.20,1,0,0,
1157712579564252131,Lägenhet på Södermalm,7886713,1462743721423909408,Cecilia,,Södermalms,59.31214,18.06227,Entire home/apt,,2,13,2026-04-10,0.52,1,1,4,
1157894611567661158,10 minutes from Stockholm City,577886591,1470579410338368219,Nathalie,,Hägersten-Liljeholmens,59.304758241308996,17.959103339753995,Entire home/apt,3424,1,0,,,1,264,0,
1157974858741890973,Elis tipptopp hem.,577878930,1470579383679243622,ElaMi,,Norrmalms,59.33859,18.04745,Entire home/apt,2831,2,3,2026-05-31,0.28,1,355,3,
1158489383204565645,Villa från 1949 i Herrängen,578033658,1470579817659262255,Tina Sandra Daniela,,Älvsjö,59.2775663,17.9670824,Entire home/apt,2579,1,0,,,1,70,0,
1158505699142656749,Bromma apartment near Sunbyberg,578038270,1470579834049644579,Ina,,Bromma,59.363512561690015,17.95265571300936,Entire home/apt,1043,1,14,2024-09-11,0.57,1,116,0,
1158573898135637192,Rymlig etagelägenhet i Aspudden.,3955826,1462643527658632770,Per,,Hägersten-Liljeholmens,59.30909,17.99508,Entire home/apt,,5,2,2025-05-07,0.08,1,0,0,
1158731950732546704,Urban studio,271346174,1463352607514495320,StayPlus,,Södermalms,59.31236018771903,18.077725044518846,Entire home/apt,1363,1,28,2026-06-15,1.13,50,327,11,
1159069242770703979,"Nära metro, stranden och skogen.",364397925,1469732668045807011,Magalys,,Hässelby-Vällingby,59.36215,17.84592,Entire home/apt,648,1,49,2026-06-26,1.91,8,255,17,
1159157946459595090,Great View in Hornstull,6795925,1462547316995866364,Nina,,Södermalms,59.318378525716994,18.035731022354536,Entire home/apt,1906,1,14,2026-06-16,0.62,2,306,8,
1159195954072069885,Sekelskiftesidyll,41609053,1465618343920359022,Andrea,,Hägersten-Liljeholmens,59.3031965,18.0080311,Entire home/apt,3416,3,10,2025-08-18,0.41,1,23,4,
1159239796261115354,Central studio appartment,504630689,1470268585107497326,Markus,,Norrmalms,59.342239228230774,18.060782201928337,Entire home/apt,1387,1,14,2026-06-11,0.55,1,83,10,
1159903196149963786,Fin och nyrenoverad lägenhet,166774709,1468616018578142383,Kevin,,Farsta,59.247559038088546,18.058129797788073,Private room,400,6,4,2026-06-26,0.16,1,225,2,
1160050966981070576,Ljus & mysig oas nära natur,407138308,1469861045125288969,Kajsa,,Skarpnäcks,59.30004611396042,18.092411882492954,Entire home/apt,2729,2,2,2026-05-30,1.50,1,316,2,
1160688609882561804,Spacious room in södermalm,13378439,1462909834862553787,Fabi,,Södermalms,59.31149,18.06359,Private room,1370,1,30,2026-06-04,1.29,2,43,13,
1161262910681770371,Cozy studio apartment,578755900,1470581824520930590,Nina,,Rinkeby-Tensta,59.39947751246022,17.94364387104863,Entire home/apt,856,2,18,2026-04-28,0.71,1,52,7,
1161381481169874107,Apartment on the top near Metro,352872741,1463512467538607733,Mahyar,,Rinkeby-Tensta,59.41606340000001,17.9108542,Entire home/apt,1447,1,3,2026-06-13,0.13,1,357,1,
1161395662128837019,Mysig lägenhet i Sofo,108657837,1467316341904728298,Elin,,Södermalms,59.31255,18.07584,Entire home/apt,6277,1,37,2026-06-08,1.51,1,199,8,
1161414634003414276,"Cosy apartment with view, close to subway & sea",330771964,1469635968050523154,Alesya,,Hässelby-Vällingby,59.361327261585686,17.831225762669714,Entire home/apt,767,2,11,2026-06-15,0.44,1,56,3,
1162165770220892206,Villa i Älvsjö,373746011,1469759526436923241,Sofia,,Älvsjö,59.27141,17.97622,Entire home/apt,3424,2,8,2026-06-15,0.33,1,257,1,
1163135236894202124,Apartment in historic setting with stunning views,61374587,1466755302954152177,Adam,,Södermalms,59.315337573650815,18.088697018318687,Entire home/apt,1226,7,0,,,1,75,0,
1163660713975514008,City Central one bedroom apartment,271346174,1463352607514495320,StayPlus,,Södermalms,59.31390947424769,18.079401664033423,Entire home/apt,1635,1,21,2026-06-03,0.85,50,353,9,
1163716369282230778,"Light apt, top floor w ocean view balcony",2740203,1462606656784942465,Fredrik,,Kungsholmens,59.32851,18.02968,Entire home/apt,3462,1,8,2026-05-19,0.33,1,243,2,
1163832301075454349,Studio in Södermalm,61341467,1466754920681899052,Natalia,,Södermalms,59.3132,18.09256,Entire home/apt,,2,24,2026-05-03,0.96,1,2,11,
1164262334143613771,Vindsvåning i Enskede,39752110,1465593529399357938,Johan,,Skarpnäcks,59.2796,18.10855,Entire home/apt,,5,0,,,1,0,0,
1164374118106528660,Room with balcony in Södermalm,342812182,1469674846198695813,Kara,,Södermalms,59.31806,18.04142,Private room,,3,0,,,1,0,0,
1164396324359264023,"Villa i Ålsten, Bromma",290958991,1469511036119810007,Caroline,,Bromma,59.322933924839845,17.949398867525684,Entire home/apt,5135,3,0,,,1,308,0,
1164452870725379695,Stenkast från Södermalm,579573576,1470584287494964834,Christoffer,,Farsta,59.2735475,18.0655125,Entire home/apt,1598,1,0,,,1,357,0,
1164535440543944243,Citynära lägenhet med trädgård,5287494,1462677271016206142,Niklas,,Hägersten-Liljeholmens,59.3074756,18.0006405,Entire home/apt,3310,5,4,2026-01-03,0.22,1,140,3,
1164576052318277185,Inneboende Liljeholmen,578412567,1470580933466615198,Luse,,Hägersten-Liljeholmens,59.30608970521838,18.03213913659271,Private room,496,7,5,2026-05-16,0.21,1,293,2,
1165031900224667214,3:a i barnvänligt område med katt.,52563395,1465850995445421954,Lovisa,,Bromma,59.36321710000001,17.9509209,Entire home/apt,,1,0,,,1,0,0,
1165126229701874546,Rymlig lägenhet nära city,89439725,1467083889911158589,Hannah,,Farsta,59.27471629999999,18.0690192,Entire home/apt,,3,5,2025-01-05,0.20,1,0,0,
1165210537947193511,"Bright modern flat, city center",64074227,1466790783884732297,Lucas,,Kungsholmens,59.33626930395202,18.024917787890853,Entire home/apt,1255,6,0,,,1,286,0,
1165752635601692671,Nyrenoverad 3-rums lägenhet med två balkonger,43856424,1465651411689250449,Emma,,Södermalms,59.318,18.03403,Entire home/apt,5022,1,36,2026-06-22,1.49,1,5,16,
1165810732666621515,Cozy studio in charming suburb,16683151,1462598836591245231,Olof,,Skarpnäcks,59.27866,18.1278,Entire home/apt,1229,2,78,2026-06-14,3.21,8,336,38,
1165864040574102988,Lovely house with cosy garden,119389044,1468217149154692870,Henrik,,Enskede-Årsta-Vantörs,59.27903,18.07534,Entire home/apt,,4,1,2024-07-31,0.04,1,0,0,
1166052866549589048,Cozy house close to the subway and city,82720279,1467002965115889547,Erik,,Hägersten-Liljeholmens,59.29088,17.97696,Entire home/apt,,3,13,2026-06-30,0.58,1,6,7,
1166286314957633367,Pärlan,28836373,1465425261827596428,Monika,,Hägersten-Liljeholmens,59.29571,18.00901,Entire home/apt,,1,0,,,1,0,0,
1166522371594274354,Studio Apartment - Great Location & Parking,547329761,1470448957555031250,Travelnest,,Hägersten-Liljeholmens,59.29205,17.95019,Entire home/apt,,1,1,2024-10-21,0.05,1,364,0,
1166571522655495353,Two-floor penthouse w/ panoramic views,16683151,1462598836591245231,Olof,,Södermalms,59.319501,18.0448812,Entire home/apt,2312,2,37,2026-06-14,1.50,8,13,17,
1166614269692641609,Compact studio in suburb with great transport,60382478,1466742370835977491,Elias,,Enskede-Årsta-Vantörs,59.2697353,18.0431969,Entire home/apt,1655,1,49,2026-06-29,2.89,30,299,41,
1166786657875421238,Villa Lunkentus,234422599,1469248439037061926,Petra,,Bromma,59.3186863,17.9634002,Entire home/apt,5992,2,1,2024-06-30,0.04,1,264,0,
1166808798099486983,Cosy appartement in the center,27464147,1465405389776323628,Stanislas,,Södermalms,59.31381,18.07554,Entire home/apt,,2,1,2024-06-30,0.04,1,0,0,
1167300632091296254,Villa med pool,31350283,1465461126523346770,Anders,,Bromma,59.3521092,17.900929,Entire home/apt,3195,2,3,2025-08-03,0.13,1,180,1,
1167395274880068553,SoFo-studio med balkong,345554340,1469683450394752689,Sakkarias,,Södermalms,59.31391,18.08985,Entire home/apt,1190,1,191,2026-06-16,8.20,3,180,92,
1167623306977861472,Mysig etta i SoFo,345554340,1469683450394752689,Sakkarias,,Södermalms,59.3151,18.09008,Entire home/apt,1484,1,175,2026-06-14,7.33,3,213,90,
1168618747580778145,Apartment in the heart of Södermalm,7296367,1462728277671189447,Emma,,Södermalms,59.31417,18.08111,Entire home/apt,2703,5,4,2025-07-31,0.17,1,30,1,
1168635595005302933,Unique lakeside apartment with a sunny balcony,106914518,1467296089759864950,Jörgen Jönsson,,Södermalms,59.31818,18.02641,Entire home/apt,1313,3,4,2025-08-03,0.16,1,342,1,
1168803090405933120,"Mysig, fräsch och rymlig lägenhet på Södermalm",147771879,1468448469414865067,Emma,,Södermalms,59.316821081024145,18.049543015658855,Entire home/apt,,3,3,2024-08-18,0.12,1,0,0,
1168909632946565866,Thorilds,473232756,1470134228858531836,Josefine,,Kungsholmens,59.33229966244667,18.01617030054331,Entire home/apt,,4,11,2025-08-02,0.46,1,1,5,
1169327714799724262,"Room in Kista, Sweden",282466390,1469482508868031391,Zeinab,,Rinkeby-Tensta,59.41086,17.92028,Private room,463,2,1,2024-06-16,0.04,1,258,0,
1169396748933691831,Familjevänligt i Hässelby,65017322,1466803994023874136,Carl,,Hässelby-Vällingby,59.36602973852095,17.827853746712208,Entire home/apt,2282,5,0,,,1,258,0,
1169464713124712265,2 rom lägenhet på 70 m2,580878091,1470588042069453470,Titi,,Skärholmens,59.27969,17.89107,Entire home/apt,,1,0,,,1,261,0,
1169648038343910822,Familjevänlig villa Stockholm,580934917,1470588195117866391,Karolina,,Älvsjö,59.2774143,17.9900971,Entire home/apt,3679,5,1,2025-08-13,0.09,1,128,1,
1170148558909320381,Mysigt hus nära centrum,7889807,1462743826661541705,Magdalena,,Enskede-Årsta-Vantörs,59.2801,18.08826,Entire home/apt,4343,2,5,2026-04-07,0.32,1,98,3,
1170182670730464356,Villa Strand,7584177,1462735841498621723,Emma,,Hässelby-Vällingby,59.365701382689,17.820600938487775,Entire home/apt,4565,3,0,,,2,24,0,
1170218210080783498,Bright and spacious apartment,392056447,1469812620656731810,Karin,,Södermalms,59.31809253080427,18.072024770145863,Entire home/apt,3709,4,3,2025-06-08,0.12,1,199,0,
1170363321866496415,Härligt boende nära bad & stad,32659174,1465478959967857259,Albin,,Kungsholmens,59.329576872360526,17.99938224232788,Entire home/apt,6393,4,2,2025-08-16,0.08,1,28,1,
1170371853671223397,boende i Farsta centrum,573432444,1470565541844613297,Mayra,,Farsta,59.24175,18.08763,Private room,514,1,35,2026-06-15,1.41,1,65,30,
1170686917797233081,Exklusiv lägenhet i centrala Stockholm,18158426,1463037576556563593,Chanel,,Kungsholmens,59.33544250000001,18.0359349,Entire home/apt,580,45,1,2025-08-31,0.10,1,184,1,
1171522922034971107,Mysigt hus med många sovplatser,48963318,1462711497870617101,Karin And Daniel,,Farsta,59.2673212,18.089006,Entire home/apt,3995,1,0,,,1,266,0,
1171583638753991628,"5mins walk to Mall, Food Court & Train Station",506918465,1470278667970788443,Ndey Isatou,,Rinkeby-Tensta,59.40811,17.94234,Entire home/apt,747,2,3,2026-06-26,0.19,1,216,2,
1171723875184786373,Studio i hjärtat av Östermalm,581501438,1470589747687442382,Anna Marlena,,Östermalms,59.3415704189234,18.06630172380371,Entire home/apt,1741,4,26,2026-06-19,1.07,1,14,10,
1171737520575359035,Globen,1513329,1462547874364919578,Rasjid,,Enskede-Årsta-Vantörs,59.295643202053675,18.085732401968443,Entire home/apt,1969,1,7,2026-06-11,0.74,1,255,7,
1172332461585323290,Stort rum i en harmonisk lägenhet,449028958,1470022242303134777,Gianella,,Skarpnäcks,59.26787686857963,18.13156204126645,Private room,354,2,14,2026-06-15,0.62,2,239,8,
1172391637080399514,Small furnished apartment for 2,56340135,1462734232255318291,Reeju,,Hässelby-Vällingby,59.37233,17.83177,Private room,648,5,15,2025-12-10,0.62,2,171,5,
1173185006626093607,Centralt belägen lägenhet på Gärdet Östermalm,117077881,1468198959883868852,Margareta,,Östermalms,59.34508969999999,18.0902216,Entire home/apt,4044,6,5,2025-07-30,0.22,1,32,1,
1173308061067109679,"Modern & cozy flat in best central location, SoFo",195981304,1469021724995182191,Kush,,Södermalms,59.31030934573875,18.080687820911407,Entire home/apt,,4,13,2025-08-04,0.52,1,0,2,
1173583483703895726,Charmigt vid park och trädgård,188155079,1468974791190146724,Ewa,,Hägersten-Liljeholmens,59.30072,18.00595,Entire home/apt,2054,7,4,2025-07-21,0.17,1,180,2,
1173694369941365616,Charming flat in Söder,582042240,1470591323450840586,Marianna,,Södermalms,59.31794687372823,18.034960767819456,Entire home/apt,2812,7,3,2025-07-27,0.17,1,74,1,
1174785844808690628,Lägenhet med 4 rum i Årsta,154297870,1468510345387875733,Carolin,,Enskede-Årsta-Vantörs,59.2929,18.04763,Entire home/apt,,3,6,2024-09-10,0.26,1,0,0,
1175384506651532695,Room with ideal central location,10502245,1462842312617939154,Victor,,Norrmalms,59.34266,18.04629,Private room,697,2,21,2026-03-14,0.87,1,236,7,
1175429459687307978,House with garden,20590016,1463133587229918113,Karin,,Hägersten-Liljeholmens,59.30152560430366,17.97164522660095,Entire home/apt,3127,2,5,2026-01-05,0.44,1,291,5,
1175948651350977865,Modern studio apartment,45168373,1465670450587737333,Camelia,,Hägersten-Liljeholmens,59.30105684056716,17.999251456412733,Entire home/apt,916,10,1,2025-05-11,0.07,1,76,0,
1175960929224063503,Rum för 1-2 personer,299068151,1469537149817792203,Josefin,,Skarpnäcks,59.26678563269508,18.13077090800549,Private room,514,1,17,2026-06-11,0.74,1,296,9,
1176111978252488091,Apartment at Södermalm 1-4 people (47 sqm),27419464,1462640945962382124,Jesper,,Södermalms,59.31418,18.07594,Entire home/apt,2800,1,141,2026-06-29,6.14,4,278,62,
1176133946467674057,"Hela boendet, Södermalm, Sverige",62500576,1466770864152799701,Josef,,Södermalms,59.31901590213024,18.062535077246093,Entire home/apt,,1,4,2024-07-14,0.16,1,0,0,
1176139137180537430,Relax in Råcksta,581425616,1470589501707043977,Rebecca,,Hässelby-Vällingby,59.3579154,17.8841045,Private room,,1,11,2024-10-01,0.45,1,0,0,
1176757146930225949,"Spacious house in Älvsjö,  Stockholm.",3811960,1462640011386919406,Anna,,Älvsjö,59.27664,18.00388,Entire home/apt,2476,5,5,2025-08-16,0.22,1,190,4,
1176856265094244554,Lovely & cozy apt in Kungsholmen,455682089,1470050414234689165,Anton,,Kungsholmens,59.33311,18.02574,Entire home/apt,1027,1,155,2026-06-24,6.25,4,120,73,
1176872314283043903,Fantastisk lägenhet i Stockholm,32599454,1465478215794814205,Linnea,,Norrmalms,59.34129139137671,18.038026615977287,Entire home/apt,,4,6,2025-08-03,0.26,1,0,2,
1177283207002507824,Mysig lägenhet i Gamla Enskede med lummig trädgård,21115197,1463147040405771894,Ellinor,,Enskede-Årsta-Vantörs,59.28474071028252,18.078826514164508,Entire home/apt,1370,1,4,2026-06-07,0.26,1,154,2,
1177339825453653403,Funkistrea nära till naturen,42308291,1465629212801249286,Johan,,Skarpnäcks,59.27222,18.13662,Entire home/apt,,10,0,,,1,0,0,
1177409590153915777,"Clean & cozy apartment, near metro",51585875,1465807519160657117,Clara,,Hägersten-Liljeholmens,59.31065,18.0014,Entire home/apt,,7,1,2024-07-15,0.04,1,0,0,
1177426413480250058,Comfort living in Södermalm,271346174,1463352607514495320,StayPlus,,Södermalms,59.31034,18.08867,Entire home/apt,1163,1,29,2026-06-20,1.22,50,325,16,
1178076752722975245,Top floor 3 bedroom apartment,535802771,1470404191012367337,Lukas,,Bromma,59.33099,17.97456,Entire home/apt,3246,2,89,2026-06-18,3.71,52,321,39,
1178143162580419096,Vindslägenhet Södermalm,18084656,1463035732009267456,Nicholas,,Södermalms,59.31156,18.07634,Entire home/apt,2283,4,31,2026-06-23,1.28,1,151,14,
1178205287272549283,Mysig tvåa vid vattnet,141118865,1468394887536201694,Daniel,,Kungsholmens,59.33829,18.02888,Entire home/apt,,2,14,2024-12-10,0.59,1,0,0,
1178255737449520508,Cozy house in Enskede,411825537,1469877794788636725,Katarina,,Enskede-Årsta-Vantörs,59.28725,18.06182,Entire home/apt,,2,9,2025-08-08,0.38,1,0,5,
1178673640037438651,Villa i familjeidyll nära allt!,583395716,1470595131050458132,Linn,,Bromma,59.36048630000001,17.9101385,Entire home/apt,3795,2,0,,,1,358,0,
1179089428133062455,Cosy room with private bathroom,583504427,1470595446648555774,Lucas,,Hägersten-Liljeholmens,59.29951665847711,17.999384335231344,Private room,856,3,22,2026-06-15,0.94,1,81,6,
1179090046364911361,Plein pied cozy dans le meilleur quartier de Stklm,12154822,1462881352169984599,Julia,,Hägersten-Liljeholmens,59.30882,17.99898,Entire home/apt,,2,15,2026-06-27,0.62,1,1,6,
1179694283135090216,Sussie Q,583642882,1470595851762646982,Susanne,,Södermalms,59.3113943,18.0555915,Private room,749,1,73,2025-08-31,2.96,1,12,11,
1180503268048103837,"Central, fin och stor",29120871,1465429158460436580,Carolina,,Södermalms,59.3187692,18.0598961,Entire home/apt,,1,11,2024-11-23,0.45,1,0,0,
1181014062703771192,Beautiful studio with wonderful location,535802771,1470404191012367337,Lukas,,Kungsholmens,59.33108,18.03703,Entire home/apt,2598,2,111,2026-06-25,4.64,52,326,54,
1181026244169302285,Wonderful top-floor apartment with great location,535802771,1470404191012367337,Lukas,,Kungsholmens,59.32925,18.03715,Entire home/apt,2250,2,100,2026-06-19,4.12,52,303,52,
1181090154354018283,Högst upp med balkong,125817542,1468267570225644116,Peter,,Östermalms,59.34202175126981,18.097312822937965,Entire home/apt,2375,2,11,2025-06-26,0.48,1,202,0,
1181186077191240296,Fint och ljus 3 rums lägenhet,584046566,1470596829999711714,Viktorija,,Enskede-Årsta-Vantörs,59.26477140000001,18.0392478,Entire home/apt,1160,5,0,,,1,10,0,
1181220931065183738,"Villa i Älvsjö
Lugnt villaområde nära Stockholm C",25840915,1465351216827186355,Anna,,Älvsjö,59.27526,17.96348,Entire home/apt,2494,3,3,2025-08-16,0.13,1,79,1,
1181628700803350247,Mysigt hus i Älvsjö,584171635,1470597235755189996,Robert,,Älvsjö,59.27789,18.00265,Entire home/apt,1921,5,1,2024-08-03,0.04,1,11,0,
1181642657503425852,"Cozy apt, in central Stockholm.",583989731,1470596695162263688,Kitt,,Kungsholmens,59.33229,17.9998,Entire home/apt,,3,0,,,1,0,0,
1181660553191586393,Spectacular attic floor,10741379,1462575615575517806,Moa,,Skarpnäcks,59.266215079532095,18.14085178077221,Private room,,7,0,,,2,0,0,
1181784820568341855,Peaceful and Spacious Home near Nature and City,122612223,1462923287161450245,Sofie,,Enskede-Årsta-Vantörs,59.26926,18.04963,Entire home/apt,1236,3,7,2026-01-02,0.30,1,5,3,
1181954495303581116,Lägenhet i Björkhagen,572266002,1470551249978317350,Charlotte,,Skarpnäcks,59.29289,18.10713,Entire home/apt,1860,1,2,2025-08-07,0.09,1,189,1,
1181967367119330156,Nice room at Södermalm. Nära tunnelbanan.,5118235,1462673253513103277,Susanne,,Södermalms,59.30921349999999,18.0747648,Private room,1142,2,14,2026-06-08,1.48,1,79,14,
1182032784456171171,Central lägenhet med balkong,105923177,1467284881558778981,Nick,,Norrmalms,59.3375856,18.0566252,Entire home/apt,,1,10,2024-10-19,0.42,1,0,0,
1182541926233886738,Cozy 1-bedroom apartment in the heart of Östermalm,563563946,1470513661750742716,Hedvig,,Östermalms,59.3375,18.08174,Entire home/apt,2880,2,105,2026-05-28,4.31,11,317,52,
1182553557919343806,Bright 2 bedroom flat close to Norrmälarstrand,535802771,1470404191012367337,Lukas,,Kungsholmens,59.32765,18.04209,Entire home/apt,5756,2,106,2026-06-22,4.37,52,316,52,
1182556111609564003,Villa Hyvel,584437911,1470598040397533447,Stefan,,Hägersten-Liljeholmens,59.29717,17.99327,Entire home/apt,,7,3,2025-08-06,0.13,1,0,2,
1182558619900827244,Underbar stor villa med flera uteplatser,173776411,1468686091535990164,Catarina,,Hässelby-Vällingby,59.37777,17.82053,Entire home/apt,,3,0,,,1,0,0,
1183055179435133642,Lägenhet på Kungsholmen,152137928,1468493068127002904,Julia,,Kungsholmens,59.32912,18.00471,Entire home/apt,,2,15,2026-06-21,0.63,1,0,8,
1183100748955874435,Radhus i Kälvesta (6 bäddar),577271559,1470577432349231167,Andreas,,Hässelby-Vällingby,59.38111419999999,17.8469276,Entire home/apt,1832,1,3,2026-06-17,0.24,1,177,2,
1183398728055757710,Mysig lägenhet i Gamla Stan,584644352,1470598598236189201,Ivan,,Södermalms,59.32572,18.06823,Entire home/apt,,1,0,,,1,0,0,
1183815093738782432,Nyrenoverad villa med jacuzzi,353555991,1469706948193480414,Andreas,,Enskede-Årsta-Vantörs,59.2684192,18.031104,Entire home/apt,3367,4,1,2024-07-20,0.04,1,212,0,
1184739113934755530,3-room apartment near Stockholm.,585029527,1470599659802285934,Hannes,,Bromma,59.3588419,17.9575139,Entire home/apt,,6,0,,,1,0,0,
1184748527356965086,Stor villa med Pool nära Stockholm City,564903013,1470517661679878952,Andress,,Enskede-Årsta-Vantörs,59.2760697,18.0354606,Entire home/apt,6285,6,0,,,1,178,0,
1185430999657025658,Vacker balkong Södermalm SOFO,16634707,1462991391498902299,Graziela,,Södermalms,59.313125538160634,18.08992736041546,Entire home/apt,3122,14,2,2024-07-10,0.08,1,297,0,
1185500806899349662,Rymligt radhus nära Stockholm city,3799231,1462639741483502555,Felicia,,Enskede-Årsta-Vantörs,59.27362673801299,18.025434985756874,Entire home/apt,2149,3,5,2025-08-03,0.21,1,6,2,
1185601201740667984,Sekelskifteslgh i gamla enskede,515619751,1470319532853338546,Zakaria,,Enskede-Årsta-Vantörs,59.282282388868445,18.08024370694302,Entire home/apt,2853,1,0,,,1,255,0,
1185613264529571075,Charming house in Enskede,11565109,1462867715325948178,Pascale,,Farsta,59.26704,18.07785,Entire home/apt,,4,4,2024-08-09,0.17,1,0,0,
1185908693021334548,Villa i Mälarhöjden,585360619,1470600500015086999,Sandra,,Hägersten-Liljeholmens,59.2941922,17.9470998,Entire home/apt,4565,2,12,2026-05-30,0.50,1,354,3,
1185921007612388533,Kojan på Skorpan,262738525,1469389492536971664,Carlos Och Therese,,Bromma,59.36283,17.92973,Entire home/apt,3538,1,7,2026-06-22,0.29,1,207,5,
1186003566688105710,Sekelskifteslägenhet i Vasastan,585378875,1470600557708712954,Janina,,Norrmalms,59.3440423,18.0415135,Entire home/apt,,1,12,2025-07-14,0.50,1,0,5,
1186007092968096656,60-tals villa i Bromma Kyrka,18198436,1463038502181001428,Michael,,Bromma,59.35497,17.92544,Entire home/apt,2371,7,0,,,1,263,0,
1186111191054008028,Vackert och centralt i Hornstull,61132337,1466752706197893368,Sebastian,,Södermalms,59.31468,18.03231,Entire home/apt,,4,6,2026-01-02,0.26,1,0,2,
1186281265106167258,Charm i underbart kvarter,26370811,1465365301825130542,Amanda,,Enskede-Årsta-Vantörs,59.283082067499855,18.08906773983562,Entire home/apt,5730,5,6,2026-04-08,0.26,1,329,3,
1186680456714186472,2 rum och kök i Hornstull,63395366,1466782573872165774,Ebba,,Södermalms,59.31810917744592,18.029772117733955,Entire home/apt,,5,16,2025-08-17,0.66,1,0,3,
1186693724350058616,Två rum med privat entré - perfekt läge Södermalm!,9517087,1462816204518124481,Fredrik,,Södermalms,59.31483,18.04504,Private room,1168,2,14,2026-06-21,0.59,1,22,8,
1186704091842338133,Elegant villa in Enskede,113838190,1468174945408353514,Peo,,Farsta,59.27638,18.07183,Entire home/apt,7047,1,1,2024-07-25,0.04,1,200,0,
1186776554584658826,Familjär sekelskifteslägenhet,585605060,1470601241984965440,Helene,,Södermalms,59.31774,18.0371,Entire home/apt,,7,0,,,1,0,0,
1187430703054265098,Mysig lägenhet i Kärrtorp,6271959,1462702269062148885,Johanna,,Skarpnäcks,59.28543,18.11785,Entire home/apt,1245,4,10,2026-01-03,0.42,1,180,5,
1187570588605780713,Charmig sekelskiftestvåa som har allt,80210797,1466978112224414163,Fannie,,Norrmalms,59.34662,18.0628,Entire home/apt,1103,20,0,,,1,32,0,
1187644071432455693,Apartment in central Stockholm.,200886751,1469048251322053208,Tom,,Norrmalms,59.3498,18.05623,Entire home/apt,,2,1,2024-07-06,0.04,1,0,0,
1187777569265003996,Stureby(södra stockholm),585914636,1470602171567436035,Erik,,Enskede-Årsta-Vantörs,59.27449009999999,18.0488753,Entire home/apt,272,1,0,,,1,217,0,
1187809795435786360,5 room apartment Södermalm,9774430,1462823078848761311,Linus,,Södermalms,59.31252,18.07492,Entire home/apt,,4,1,2024-08-02,0.04,1,0,0,
1188204294739556333,Sekelskifteslägenhet i Gamla Midsommarkransen,475571861,1470144047060609808,Sophie,,Hägersten-Liljeholmens,59.30221,18.00965,Entire home/apt,,1,3,2025-11-30,0.13,1,0,2,
1188903738824672520,2 Bedroom Apartment Basement Gamla Stan,362541894,1469727868135391449,ApartDirect,,Södermalms,59.32492,18.07342,Entire home/apt,1780,2,16,2026-05-20,0.69,22,290,10,
1189022150403662141,Cozy one room apartment at Södermalm,378998653,1463566106381862119,City Living,,Södermalms,59.31424,18.06227,Entire home/apt,2425,2,36,2026-06-02,1.58,6,279,21,
1189259445422022354,Charmig 2:a i populärt område,586318212,1470603273842339785,Christian,,Hägersten-Liljeholmens,59.3054896,17.9956353,Entire home/apt,,3,8,2026-01-07,0.34,1,0,4,
1190300121367282747,En fyra nära Farsta Centrum,564162075,1470515346984137867,Victoria,,Farsta,59.246549341095374,18.100743869659272,Entire home/apt,2055,1,1,2024-08-05,0.04,1,108,0,
1190515607945072800,Fräscht boende nära stan,569693757,1470532377668310101,Simone,,Hägersten-Liljeholmens,59.2978,18.00372,Entire home/apt,,7,0,,,1,96,0,
1190655281206660970,Mysig lägenhet i Hornstull!,577965852,1470579524240693855,Klas,,Södermalms,59.31610661051701,18.029796928167343,Entire home/apt,4565,3,15,2026-06-14,0.64,1,19,10,
1190669643161843302,Home away from home! 80 meters to Metro station,485589572,1470185982137316007,Erik,,Farsta,59.23535820000001,18.1001643,Private room,,1,62,2025-08-23,2.62,1,0,9,
1190734765488163367,Stockholm/Älvsjö/Årstaberg 95kvm,221897448,1469173756630643393,Igor,,Enskede-Årsta-Vantörs,59.28987433831273,18.033083099020526,Entire home/apt,2126,7,8,2026-05-30,0.42,1,353,5,
1191033236098631850,Charmig och fräsch trerummare med nära till allt!,17763846,1463028423624782965,Anna,,Hägersten-Liljeholmens,59.30309459999999,18.0085334,Entire home/apt,2924,1,28,2026-06-08,1.19,1,204,16,
1191048580765794949,Sunny Nest in Kungsholmen,44755159,1465664450083060973,Dages,,Kungsholmens,59.3298941,18.041944,Entire home/apt,,7,1,2024-07-22,0.04,1,0,0,
1191110499132805818,Tvåa på Södermalm,35555218,1465525348552945356,Frida,,Södermalms,59.31576,18.05543,Entire home/apt,,3,1,2024-08-17,0.04,1,0,0,
1191279957346141381,Privat rom with best view,156223910,1462997807335475854,Bassam,,Kungsholmens,59.325981869800096,18.018289695142187,Private room,1127,2,20,2026-06-14,0.88,1,339,8,
1191364299484041314,Villa med 3 sovrum i Enskede,586866884,1470604726583375253,Lena,,Farsta,59.27435,18.07077,Entire home/apt,,4,0,,,1,0,0,
1191406390331697940,Cozy room for rent.,586884732,1470604774774340446,Claire Anitha,,Spånga-Tensta,59.36531,17.89838,Private room,463,1,1,2024-08-26,0.04,1,258,0,
1191765165639524569,"Villa med pool och stor trädgård, 12 min till city",586977900,1470605054782784809,Anna,,Spånga-Tensta,59.37859,17.88385,Entire home/apt,,5,3,2025-08-10,0.13,1,0,2,
1191816792164707341,Central studio,179404866,1468732828415996086,Jenni,,Kungsholmens,59.32907,18.0475,Entire home/apt,,5,5,2024-09-11,0.21,1,0,0,
1191857666703487469,2 floor with terrace,245999299,1469305071990221539,Maria,,Södermalms,59.32375714474516,18.070850363608162,Entire home/apt,5250,1,108,2026-05-24,4.77,3,288,63,
1191886198681349845,"One single bedroom 
(modern apartment complex)",24439290,1465301682115288547,Anna,,Älvsjö,59.2821585,18.0006553,Private room,412,1,16,2025-12-01,0.66,2,180,5,
1191970912353715540,Charmig lägenhet med sjöutsikt,586022575,1470602438040523321,Amina,,Bromma,59.33817,17.98334,Entire home/apt,,2,13,2025-07-17,0.54,1,0,2,
1192477863692323411,Vacker lägenhet på bästa adress i Sofo!,4215207,1462650575983268417,Anders,,Södermalms,59.31352,18.08164,Entire home/apt,,4,7,2026-06-25,0.29,1,4,5,
1192500565999163330,Top-floor stay near Unesco treasure,135323554,1468348755002125383,Andreas,,Skarpnäcks,59.27846,18.11568,Entire home/apt,1204,1,68,2026-06-24,2.84,22,291,42,
1192571083147829292,Harmonisk lägenhet vid Kungsholmstorg,224165618,1469189403040997894,Michelle,,Kungsholmens,59.3298268037955,18.04391354874787,Entire home/apt,3235,1,12,2025-09-04,0.52,1,79,7,
1192638670020085165,Konstnärshem på Södermalm,71146434,1462794273773124532,Malin,,Södermalms,59.31168,18.06504,Entire home/apt,2967,2,19,2026-06-23,0.79,1,225,10,
1192643732359296656,Charmig lägenhet i Södermalm,389758669,1469805637131416928,Volodymyr,,Södermalms,59.31771,18.0292,Entire home/apt,,3,12,2025-09-01,0.52,1,0,5,
1192818254201189858,Modernt boende i nybyggd lägenhet,24439290,1465301682115288547,Anna,,Älvsjö,59.28113,18.00122,Entire home/apt,939,1,2,2025-11-02,0.09,2,180,1,
1193256186099980951,Room in a Charming townhouse,543819415,1470435694398218426,Shani,,Rinkeby-Tensta,59.4123,17.91805,Private room,,31,1,2025-06-23,0.08,2,285,0,
1193532914549673468,Smart flat close to Avicii and 3Arena,135323554,1468348755002125383,Andreas,,Enskede-Årsta-Vantörs,59.29505,18.08379,Entire home/apt,1246,2,114,2026-06-24,4.76,22,307,62,
1193560487751279524,Rymlig vindsvåning nära stan,450283269,1463731483494934389,Linda&Robert,,Enskede-Årsta-Vantörs,59.28266869219677,18.089812832330907,Entire home/apt,3395,4,16,2026-05-26,0.72,1,182,6,
1193925786935161097,Söderstudion,7798867,1462741509572406868,Samantha,,Södermalms,59.31937,18.04863,Entire home/apt,3388,4,8,2026-06-23,0.34,1,22,4,
1193947074567558719,Lägenhet Norrmalm,253230288,1469341193408955626,Alexander,,Norrmalms,59.336682032800674,18.048165030777454,Entire home/apt,1290,1,60,2026-06-27,2.53,1,35,38,
1194142578689162507,Spacious room with easy access to city,585501266,1470600987807200380,Fatemeh,,Rinkeby-Tensta,59.41392,17.91557,Private room,1028,1,2,2025-08-29,0.09,1,355,1,
1194175815394913917,Rum med egen toalett,37339398,1465558587382927609,Hanna,,Spånga-Tensta,59.37243,17.92248,Private room,166,100,0,,,2,364,0,
1194184825253519548,Stay Inn: Top floor spacious apartment in SoFo,549905955,1470459465974849876,Stay Inn Apartments,,Södermalms,59.31602882592733,18.085544748440558,Entire home/apt,3450,2,37,2026-04-26,1.57,28,182,12,
1194237700595218324,Cozy apartment in the middle of Vasastan,535802771,1470404191012367337,Lukas,,Norrmalms,59.34071,18.02674,Entire home/apt,2317,2,92,2026-06-26,3.94,52,306,50,
1194244100657944473,Charming apartment in heart of Vasastan,16014644,1462976195457309650,Marko,,Norrmalms,59.34403,18.03705,Entire home/apt,,3,12,2025-08-18,0.50,1,0,5,
1194259271071118373,Apartment in central Stockholm with amazing views,535802771,1470404191012367337,Lukas,,Norrmalms,59.34069,18.02639,Entire home/apt,2105,2,93,2026-06-16,3.91,52,297,44,
1194346495249640112,Stay Inn: Cozy Studio Attic Apartment in SoFo,549905955,1470459465974849876,Stay Inn Apartments,,Södermalms,59.31599986114845,18.085476525743168,Entire home/apt,2590,2,2,2025-08-05,0.16,28,85,1,
1194991956654897827,Midsommarkransens pärla,145843716,1468432737057211854,Lone Gunnarsdotter,,Hägersten-Liljeholmens,59.30256647461938,18.010527750217353,Entire home/apt,1940,2,30,2026-05-31,1.32,1,279,13,
1194993002948433092,En oas nära Stockholm - vid Avicii Arena & 3Arena,585219258,1470600184896161629,Patrik,,Enskede-Årsta-Vantörs,59.28302,18.06645,Entire home/apt,5250,3,0,,,1,259,0,
1195436061910239516,Stay Inn: Cozy Apartment with Balcony in SoHo,549905955,1470459465974849876,Stay Inn Apartments,,Södermalms,59.31438,18.08358,Entire home/apt,2568,2,13,2025-10-01,0.57,28,59,2,
1195438332496194402,Stay Inn: Comfy Apartment in Södermalm,549905955,1470459465974849876,Stay Inn Apartments,,Södermalms,59.31471173645403,18.08348626237852,Entire home/apt,2342,2,15,2025-11-23,0.66,28,57,6,
1195512463843477152,Stay Inn: Comfortable Apartment in SoHo,549905955,1470459465974849876,Stay Inn Apartments,,Södermalms,59.315848710760314,18.08570614064044,Entire home/apt,3967,3,3,2025-03-22,0.13,28,73,0,
1195609320429169940,Vindsvåning centralt i Vasastan,8529705,1462769698940552917,Fredrik,,Norrmalms,59.34437089999999,18.0399114,Entire home/apt,2996,7,5,2026-04-19,0.40,1,20,4,
1195739227961879684,Stay Inn: Spacious & Cozy apartment in SoHo,549905955,1470459465974849876,Stay Inn Apartments,,Södermalms,59.31596,18.08547,Entire home/apt,2568,2,8,2025-10-14,0.36,28,60,3,
1195775044649243086,Cozy Urban Loft with Nature View,138342453,1468373488366172446,Ashiqur,,Enskede-Årsta-Vantörs,59.25421,18.01998,Entire home/apt,,1,1,2024-08-19,0.04,1,0,0,
1196144533097455182,Unique apartment and art gallery,19532183,1462609788545447175,Martin,,Södermalms,59.31252,18.08162,Entire home/apt,1983,2,26,2026-06-28,1.10,1,2,15,
1196154560241038080,Amazing studio with balcony and skyline views,14640029,1462943428830844109,Tobias,,Norrmalms,59.3355794,18.069558,Entire home/apt,,30,0,,,1,326,0,
1196215514640754829,Beautifully Renovated Apartment in Great Location,535802771,1470404191012367337,Lukas,,Norrmalms,59.34638,18.05259,Entire home/apt,3549,2,97,2026-06-22,4.13,52,280,57,
1196353594948308676,Fräsch sekelskifteslägenhet,148629097,1468455165167288053,Kasper,,Södermalms,59.31484,18.05586,Entire home/apt,,1,7,2025-09-13,0.30,1,0,2,
1196355879716341551,Trevlig lägenhet i Aspudden,33879458,1465495206306059198,Daniela,,Hägersten-Liljeholmens,59.3057016023711,17.99995232373476,Entire home/apt,2283,1,3,2026-06-11,0.13,1,23,1,
1196850585484625677,Underbar stuga i lummig trädgård,530521327,1470383419435913955,Charles,,Älvsjö,59.2742,17.99417,Entire home/apt,,2,10,2024-10-29,0.42,1,0,0,
1197093437366990413,Cozy apartment in Moosebacke,120399986,1468225239664424594,Ajaibir,,Södermalms,59.31810098295355,18.07556943096029,Entire home/apt,3118,2,6,2026-01-03,0.46,1,37,4,
1197598422140082055,"Birds Nest
Central apartment with scenic views",488218985,1470197386189013770,Filip,,Södermalms,59.32017407018466,18.060396909713745,Entire home/apt,,3,7,2025-12-31,0.29,1,0,2,
1197635484115660396,Ljus naturnära vid skog & metro!,424187997,1463666921882038152,Per,,Skarpnäcks,59.2836124,18.1201663,Entire home/apt,2682,1,27,2026-06-21,1.18,1,141,18,
1197697642470444451,Hus Spånga/Sundby,475007065,1470141711656897308,Magdalena,,Spånga-Tensta,59.37349673333943,17.912979644972733,Entire home/apt,1484,1,3,2024-09-02,0.13,2,234,0,
1197741786469346460,Family apartment in the heart of Stockholm,563563946,1470513661750742716,Hedvig,,Norrmalms,59.33884,18.03657,Entire home/apt,5523,2,95,2026-06-15,4.07,11,18,45,
1197792436932536871,Apartment Luntmakargatan 86A,569510020,1470531859439603332,Oscar,,Norrmalms,59.34316,18.05794,Entire home/apt,,2,24,2025-01-02,1.02,1,0,0,
1197926110270460942,Modern apartment in great central neighborhood,65912152,1466814950733629537,Jonathan,,Norrmalms,59.34544,18.03926,Entire home/apt,,4,1,2024-07-19,0.04,2,0,0,
1198272542176743099,"Fantastiskt utsikt, allt nära",563738481,1470514144295970425,Pavel,,Hägersten-Liljeholmens,59.303,18.03285,Entire home/apt,,1,0,,,1,0,0,
1198538250404205012,"Comfy flat,  Stockholm",145619748,1468430983700058102,Raky Alice,,Älvsjö,59.28019,18.00088,Entire home/apt,1541,1,2,2026-06-14,0.09,1,190,1,
1198629021128741960,Bright & Open Artist Loft Studio Apartment,59890110,1466727259988853923,Anton,,Södermalms,59.31335192738713,18.075936035451345,Entire home/apt,1826,1,49,2026-06-26,2.06,1,18,25,
1198635253298412005,till en kvinna en kort period,589135216,1470610179923677082,Elisabet,,Bromma,59.33849869140015,17.951200109181457,Private room,343,1,1,2024-08-25,0.04,1,268,0,
1199080881799648632,Apartment with Modern Amenities,358239595,1469717456541018141,Malika,,Hässelby-Vällingby,59.36225,17.88234,Entire home/apt,601,1,0,,,1,302,0,
1199352347255724041,Room long term students,58671608,1462740681442154973,Frida,,Hässelby-Vällingby,59.36361287477437,17.85630074595287,Private room,438,1,0,,,1,89,0,
1199483883861651008,Bra läge på mysiga Gärdet!,442062682,1469994766045016285,Johanna,,Östermalms,59.346964046438686,18.102022111415863,Entire home/apt,637,5,2,2025-08-10,0.15,1,61,1,
1199944314328075124,Strandvilla nära City | Pool & fullt utrustat gym,589605887,1470611140896960512,Ole,,Älvsjö,59.2721,17.96042,Entire home/apt,8217,1,4,2025-08-06,0.34,3,6,4,
1200126647088753256,Mysig lgh i Midsommarkransen,132634359,1468326239800956203,Elin,,Hägersten-Liljeholmens,59.30384689403979,18.007576666620476,Entire home/apt,,4,4,2025-06-30,0.18,1,203,1,
1200618110196413573,Mysig lägenhet i Stockholm,466597969,1470103403853544427,Josefine,,Södermalms,59.31509748703641,18.089922331273556,Entire home/apt,2027,1,9,2026-01-02,0.38,1,20,3,
1200755584313363557,Relax Zone,567182839,1470524741207759788,Ostoja,,Enskede-Årsta-Vantörs,59.29712,18.08521,Entire home/apt,993,1,92,2026-06-15,3.87,1,65,72,
1200876364183958452,76sqm Spacious apartment in Södermalm,13378439,1462909834862553787,Fabi,,Södermalms,59.310973253921475,18.060539004338036,Entire home/apt,2054,1,4,2026-05-03,0.19,2,32,3,
1201311421775211824,Modern apartment with a great view,535802771,1470404191012367337,Lukas,,Norrmalms,59.34605,18.04688,Entire home/apt,2828,2,76,2026-06-13,3.24,52,320,53,
1201397961083488615,19th century gem in city center,152553449,1462989646973659983,Shakia,,Kungsholmens,59.33143,18.0457,Private room,,2,2,2025-09-14,0.11,2,0,1,
1202011828199812024,City flat with balcony Södermalm,91711272,1467108126527762204,Stella,,Södermalms,59.30903,18.09002,Entire home/apt,,7,5,2025-06-27,0.27,1,0,0,
1202045845481400770,Cozy and unique apartment in Östermalm,390614369,1469808125298954547,Bella,,Östermalms,59.33613,18.0821,Entire home/apt,2728,2,93,2026-06-24,3.97,16,321,52,
1202269049665541282,Cozy sub-level studio perfect for 2 people,390614369,1469808125298954547,Bella,,Östermalms,59.33743,18.08033,Entire home/apt,1730,3,88,2026-06-28,3.71,16,327,44,
1203369157041227841,"Fridfullt, centralt, rymligt, kollektivtrafik nära",589330403,1470610509583989349,Stefan,,Farsta,59.25807,18.08615,Entire home/apt,,1,0,,,1,358,0,
1203484990597626569,Lägenhet med kungsbalkong högst upp på södermalm,12181466,1462881933699384797,Adam,,Södermalms,59.31651,18.02638,Entire home/apt,,5,10,2025-08-10,0.66,1,0,4,
1203657041024978599,Mysig 2:a med balkong nära Stockholm och natur!,308065335,1469571284029372313,Tommy,,Hägersten-Liljeholmens,59.28453,17.96586,Entire home/apt,,4,1,2026-01-05,0.17,1,0,1,
1204114489681459301,Rum i lägenhet med vacker utsikt,88279591,1467060326282575367,Johanna,,Farsta,59.24907040000001,18.1039341,Private room,,3,1,2024-07-30,0.04,1,0,0,
1204191452471195182,Appartement with beautiful view,410710654,1469873944779716058,Omar,,Hässelby-Vällingby,59.35509,17.87881,Entire home/apt,,10,0,,,1,347,0,
1204206471544719111,Cozy room in spånga near city.,156166816,1468524148146950367,Ghazzal,,Spånga-Tensta,59.38731,17.90235,Private room,424,7,9,2026-06-16,0.39,2,20,7,
1204293043936232432,Mysig lägenhet nära city.,115844570,1468189259786565831,Ida,,Skarpnäcks,59.27836509999999,18.1148888,Entire home/apt,3041,2,17,2026-06-24,1.10,1,188,13,
1204329885729225687,Peaceful & spacious Sthlm apt near city & nature,4305774,1462653231449109872,Dan,,Skarpnäcks,59.2787937,18.11656,Entire home/apt,1025,2,95,2026-06-01,4.22,1,247,39,
1204422666839130762,Familje- och arbetsvänlig bostad,1190789,1462539317692876311,Sara,,Farsta,59.255586763095764,18.073749145853512,Entire home/apt,1217,3,3,2024-08-10,0.13,2,33,0,
1204779575389285680,Rum med utsikt,590936894,1470614597710280784,Marcella,,Enskede-Årsta-Vantörs,59.298899653282234,18.056937530636787,Private room,845,5,9,2026-04-10,0.40,1,73,4,
1204796635475982339,Annas ställe,580082709,1470585648967976642,Anna,,Enskede-Årsta-Vantörs,59.28600340000001,18.0947343,Entire home/apt,1798,4,8,2026-04-07,0.34,1,227,2,
1205546577453307232,Large family friendly apartment in south Stockholm,3348682,1462626443366591506,Resa,,Skärholmens,59.279059586055745,17.884740382432938,Entire home/apt,,3,4,2025-08-08,0.17,1,0,2,
1205607619507483152,Beautiful house in Sköndal,16672557,1462992387238877425,Pernilla,,Farsta,59.25388248823725,18.10636091679712,Entire home/apt,2083,1,10,2025-12-16,0.46,1,157,4,
1205741182886333430,apartment in  Stockholm,656720619,1470650092630643168,Наталія,,Östermalms,59.34723,18.09802,Entire home/apt,1998,1,41,2026-06-28,1.85,1,338,30,
1206474495700630938,Lilla rummet i vårt vackra hus,24148613,1462628194555035374,Caisa,,Hägersten-Liljeholmens,59.30178,17.96376,Private room,,1,20,2025-02-14,0.85,4,0,0,
1207046708394341291,Charmigt rum nära city & natur,240374835,1469278304516490972,Elin,,Hägersten-Liljeholmens,59.30040579999999,17.9641354,Private room,2283,3,0,,,4,364,0,
1207239136638459841,"Quiet location , Örby",39893619,1465595486183657199,Svanströms El Och Vvs AB,,Enskede-Årsta-Vantörs,59.27214591044305,18.018607933315753,Entire home/apt,913,1,62,2026-06-15,2.65,1,178,18,
1208063165906545829,Varvsgatan 21,25789563,1462634904637766175,Mary,,Södermalms,59.31786,18.04179,Entire home/apt,2579,4,1,2024-08-27,0.04,1,78,0,
1208497326350356358,Edlunds,6755485,1462714475909348452,Jenny,,Enskede-Årsta-Vantörs,59.26539,18.02581,Entire home/apt,2873,3,9,2026-06-23,0.49,1,111,4,
1208532546076152492,Wonderful apartment close to waterfront,501170996,1470253867661826624,Bella,,Norrmalms,59.33749,18.03859,Entire home/apt,,2,26,2025-06-14,1.14,4,0,0,
1208712864727006947,Studio Penthouse with Balcony,127093252,1468278374620925560,Shawn,,Södermalms,59.315890340616306,18.061931803822517,Entire home/apt,,4,7,2025-12-08,0.52,1,0,5,
1209285970419618501,Härligheten,592272525,1470617753659975485,Elin,,Södermalms,59.32262,18.06799,Entire home/apt,1367,1,46,2026-06-10,2.03,1,308,24,
1209349553644454615,Calm room with own balcony,472891470,1470132830366149076,Melody,,Skärholmens,59.27877,17.8854,Private room,531,2,18,2025-12-12,1.66,2,308,18,
1209372651846560248,Studio with stunning view.,103177762,1467238859115654816,Görel,,Enskede-Årsta-Vantörs,59.29408,18.0872,Entire home/apt,,2,3,2024-09-01,0.13,1,0,0,
1209968356319345181,Modern 4:A nära city,186197754,1468963308974486375,Helena,,Östermalms,59.354927,18.088045,Entire home/apt,3994,4,0,,,1,352,0,
1210008164531192243,Spacious apartment in Stockholm,44604671,1465662237013240029,Venkat,,Enskede-Årsta-Vantörs,59.28566,18.03903,Entire home/apt,2397,1,1,2025-08-10,0.09,2,346,1,
1211313767543899257,A nice single room n Apartment.,44604671,1465662237013240029,Venkat,,Enskede-Årsta-Vantörs,59.284292746866484,18.038619505595477,Private room,1111,1,0,,,2,365,0,
1212343916199320221,"Mysig lägenhet 2,5 rum nära allt",35231530,1465520531619158225,Erika,,Kungsholmens,59.332361060723905,18.016230314970016,Entire home/apt,2853,1,32,2026-06-22,1.40,1,315,14,
1212686604415431090,Cosy Apartment in Trendy Södermalm,62442206,1466770173550176723,Tiinamari,,Södermalms,59.3162616,18.0557306,Entire home/apt,1541,5,8,2026-04-08,0.35,1,22,5,
1212809620218905675,Ljus lägenhet i Vasastan,74179776,1466913543722579246,Matilda,,Norrmalms,59.34772863848889,18.057929277420044,Entire home/apt,,1,4,2025-08-31,0.18,1,0,2,
1212854777651794200,Apartment in Älvsjö,94752841,1467142642415201800,Abhishek,,Älvsjö,59.2802,18.00552,Entire home/apt,,6,2,2024-09-30,0.09,1,0,0,
1213110331929098452,Cozy Authentic Gamla Stan Studio,22922167,1462623182051944479,Yick Tung Wendy,,Södermalms,59.3233565,18.0715596,Entire home/apt,,3,1,2024-10-30,0.05,1,0,0,
1213557880900867975,Stay Inn: Apartment on Kungsholmen,549905955,1470459465974849876,Stay Inn Apartments,,Kungsholmens,59.33087951369386,18.047238976096022,Entire home/apt,1575,3,23,2026-06-07,1.00,28,317,13,
1213600616905064960,Bright flat w/ balcony near Avicii Arena,135323554,1468348755002125383,Andreas,,Enskede-Årsta-Vantörs,59.29562,18.0837,Entire home/apt,1110,1,92,2026-06-24,4.02,22,274,60,
1213906615536455141,Private Twin Bed Room with Bunk Bed - no window,558380658,1470497296974140369,Hostel Nomad,,Östermalms,59.3419513,18.11164,Private room,1100,1,6,2026-05-14,0.27,10,328,3,
1214965753362433630,Villa med pool,13536843,1462913584247851795,Per,,Älvsjö,59.28286918630512,17.987211057917644,Entire home/apt,,1,0,,,3,365,0,
1214977534620280098,Villa med pool,13536843,1462913584247851795,Per,,Älvsjö,59.28328257447235,17.985863665900553,Entire home/apt,,1,0,,,3,365,0,
1215319973110191967,Eget rum med arbetsyta,1190789,1462539317692876311,Sara,,Farsta,59.2547,18.07212,Private room,,2,5,2025-12-01,0.22,2,0,4,
1216605346559781974,Six Stops From Town Center / Amazing Views!,1022500,1462536043767658063,Thomas,,Skärholmens,59.29835583459547,17.92894091534422,Entire home/apt,1025,7,9,2026-06-25,0.39,1,296,6,
1216635652713299874,the private escape,141971346,1468402799182562087,Helen,,Kungsholmens,59.326970329102295,18.04252625767213,Entire home/apt,8099,2,29,2026-06-17,1.69,1,245,19,
1217900262257478450,Cozy apartment in walking distance from Södermalm,46069464,1465688113077208839,Annamarie,,Hägersten-Liljeholmens,59.30689397651927,17.998223860968785,Entire home/apt,982,1,22,2026-05-24,0.98,1,26,15,
1217926337354039674,Gabrielas lägenhet,308934397,1469574743708277254,Gabriela,,Norrmalms,59.343582,18.0440536,Private room,561,1,26,2025-11-01,1.22,1,135,11,
1217977146976534915,Room for long-term renting,594729414,1470623707602904670,Aran,,Rinkeby-Tensta,59.40950635565648,17.91827456916364,Entire home/apt,5136,1,0,,,1,365,0,
1219328794225252500,Mysig Villa,44281761,1465657793114580901,Firozeh,,Spånga-Tensta,59.38161,17.87733,Entire home/apt,758,7,0,,,1,307,0,
1219623557531328954,Rumsuthyrning (inneboende) i Vindsvåning,13292152,1462907937837219917,Sandra,,Östermalms,59.35116784168885,18.056882471934035,Private room,3072,30,175,2026-06-15,7.63,1,244,99,
1221103793086254609,Fint rum mitt i stan nära till allt känslan av lyx,595554858,1470625655560890985,Patrick,,Södermalms,59.310401409779026,18.074493929743767,Private room,700,1,106,2026-06-28,4.77,1,322,62,
1221432164350914610,Charmig lägenhet i mysigt område,575741013,1470572707140135079,Johan,,Södermalms,59.31733442318697,18.054499353861008,Entire home/apt,2401,2,11,2026-06-29,0.49,2,221,7,
1221443017950685891,Rum centralt på Södermalm,575741013,1470572707140135079,Johan,,Södermalms,59.31674,18.05255,Private room,1427,1,21,2026-06-11,0.94,2,129,8,
1222265755390720540,Centralt och charmigt,26887431,1465384202343403222,Ellinor,,Södermalms,59.31144,18.06871,Entire home/apt,2739,2,3,2025-08-11,0.13,1,11,1,
1223018242885769416,Spacious and unique apartment in Stockholm,535802771,1470404191012367337,Lukas,,Kungsholmens,59.32969,18.03682,Entire home/apt,2161,2,83,2026-06-17,3.66,52,310,46,
1223025052839483615,"Studio apartment, Stockholm, Spånga",40348593,1465601452278164342,Sam,,Spånga-Tensta,59.37606411809123,17.91033636778593,Entire home/apt,662,3,5,2026-06-24,0.24,1,361,4,
1223114987626769511,Gorgeous 1 Bedroom Apartment,535802771,1470404191012367337,Lukas,,Norrmalms,59.34627,18.05271,Entire home/apt,3036,2,74,2026-06-17,3.26,52,299,43,
1223170667349961384,"Plaza Söder

Mysigt rum i hjärtat av Södermalm",234323478,1469247903878931059,Sam,,Södermalms,59.31431248341583,18.076570630073547,Private room,1028,1,44,2025-12-09,1.94,2,331,10,
1223256011778225891,Centrala Södermalm,596188139,1470627158216956340,Johan,,Södermalms,59.31841189999999,18.0705754,Entire home/apt,,3,30,2026-06-21,1.33,1,4,12,
1224371103698155403,"Privat lägenhet. Lugnt område, bra kommunikationer",596482531,1470627833718820139,Pälle,,Älvsjö,59.2685717,17.9868318,Entire home/apt,1706,1,59,2026-06-07,2.62,1,70,35,
1224525902208704736,Snygg stor våning på bästa läget,2542958,1462597952002108229,Eleonore,,Södermalms,59.3164497,18.0652755,Entire home/apt,5564,2,1,2025-07-20,0.09,1,6,1,
1225159779669031770,Simple and cozy home,180859633,1468745709558713127,Melat,,Enskede-Årsta-Vantörs,59.28688,18.07394,Entire home/apt,,1,21,2025-08-30,0.93,1,0,6,
1226099598774299785,"Modern house with large terrasse, sunset view",21156782,1463148009511685901,Laetitia,,Hägersten-Liljeholmens,59.3085304,18.0032233,Entire home/apt,,6,4,2025-08-07,0.24,1,1,1,
1226501831661203997,Cosy room in a spacious flat,10853016,1462851155828955045,Stina,,Södermalms,59.30931,18.04849,Private room,660,7,8,2025-05-26,0.36,1,118,0,
1226828490816640399,"Chic 2 Bdrm Loft, Full Kitchen, Central, Balcony",387169253,1469797617295829764,Lucas,,Kungsholmens,59.33206334022837,18.015035096295183,Entire home/apt,6044,2,13,2026-04-26,0.60,1,213,2,
1226838164878597795,Ett fint hem,130027236,1468303479865043817,Anna,,Södermalms,59.3189995395151,18.0616962902716,Entire home/apt,2542,2,19,2025-08-26,0.85,1,183,3,
1227364618975110995,Apartment in Östermalm with private patio,25117680,1465334362037276988,Alice,,Östermalms,59.34188,18.07078,Entire home/apt,4829,4,5,2025-10-19,0.23,1,63,3,
1228041544639780295,Stay Inn: Top Floor apartment on Sveavägen,549905955,1470459465974849876,Stay Inn Apartments,,Norrmalms,59.34226,18.0562,Entire home/apt,1437,2,11,2026-06-02,0.73,28,262,10,
1228050476778754716,Stay Inn: Central Cozy Apartment on Kungsholmen,549905955,1470459465974849876,Stay Inn Apartments,,Kungsholmens,59.33057,18.04539,Entire home/apt,1760,3,10,2026-05-28,0.45,28,314,4,
1228379136132778759,Amazing apartment in Stockholm,39156016,1462680641832455805,Johan,,Rinkeby-Tensta,59.41625,17.91264,Entire home/apt,,3,0,,,2,0,0,
1228803587108591038,Top floor apartment with a great view of Södermalm,62825844,1466775357281983599,Malin,,Skarpnäcks,59.29950065565404,18.09234704822302,Entire home/apt,,1,0,,,1,0,0,
1228927557273548760,86 m2,597653212,1463896862619091757,Amila,,Enskede-Årsta-Vantörs,59.27368,18.02406,Entire home/apt,1157,1,2,2024-10-23,0.09,1,356,0,
1230147826747082216,Rum i pittoreskt hus i Gamla Enskede,7176398,1462725340345808420,Olivia,,Enskede-Årsta-Vantörs,59.2847142,18.0885339,Private room,,2,6,2025-11-15,0.38,1,0,3,
1230649605644626244,Rum Södermalm,25044961,1465332188588684566,Saga,,Södermalms,59.3151793,18.0607627,Private room,980,2,3,2025-10-19,0.31,1,22,3,
1231008771080181540,Spacious room in the heart of Stockholm,8228413,1462564351573431083,Ilinca,,Södermalms,59.309193791401775,18.07685634449618,Private room,1256,1,26,2026-06-12,1.18,1,136,14,
1232582102614565318,Lovely & cozy apt with top location in Södermalm#4,455682089,1470050414234689165,Anton,,Södermalms,59.31782,18.07093,Entire home/apt,1243,1,105,2026-06-18,4.82,4,124,52,
1232694269226874048,Stylish City Apartment Stockholm,204962725,1469069299773288154,Tanjirul Islam,,Skärholmens,59.28455,17.92344,Entire home/apt,173,90,1,2025-09-02,0.10,1,336,1,
1233092388231157872,habitación privada,149172130,1468459233732503030,David,,Skärholmens,59.27403,17.89854,Private room,323,1,0,,,1,349,0,
1233231060593873591,"Cheapest, inviting 87sqm apt Älvsjö–15 min to city",97722213,1467177110198698955,Per,,Älvsjö,59.2826959326386,18.0144322282736,Entire home/apt,,1,11,2024-11-29,0.52,1,0,0,
1233267423751429103,Penthouse with  Spacious Terrace,24693129,1465312960226038776,Thomas,,Östermalms,59.3405388,18.1118959,Entire home/apt,,180,0,,,1,173,0,
1233283826788651801,Apartment in central Östermalm,386866767,1469796582738478737,Edward,,Östermalms,59.336660643765015,18.080217436388345,Entire home/apt,1712,2,9,2025-05-10,0.43,1,210,0,
1233838367568964634,Lovely apartment with terrace balcony on top floor,53523748,1465870200764410742,Åsa,,Bromma,59.36201310000001,17.952456,Entire home/apt,2961,3,1,2025-07-21,0.09,1,86,1,
1234007754349524486,"Beautiful basement apt, very private, close metro",364397925,1469732668045807011,Magalys,,Hässelby-Vällingby,59.3633226,17.8449708,Entire home/apt,617,1,22,2026-01-03,0.99,8,263,12,
1235412888111462675,Spacious & artistic apartment in Midsommarkransen,81281320,1466988564326996580,Kiki,,Hägersten-Liljeholmens,59.30233,18.01467,Entire home/apt,,3,2,2026-04-28,0.32,1,0,2,
1235536387724325056,Vancey Globen,13232018,1462906388831768809,Philippe,,Enskede-Årsta-Vantörs,59.29195,18.07177,Entire home/apt,1142,1,1,2025-08-24,0.10,1,178,1,
1236290135343595997,3:a med utmärkt läge i Vasastan,14002027,1462928218248867554,Hedvig,,Norrmalms,59.342071,18.0393919,Entire home/apt,,7,10,2025-09-29,0.46,1,0,1,
1236316594550286354,Fantastiskt läge - Svensk modern design,46572057,1465697531901972663,Robert,,Östermalms,59.34600200454958,18.097039237618446,Entire home/apt,1826,2,73,2026-06-17,3.38,1,20,42,
1237052832020164906,Lägenhet i lugnt område nära Stockholm city,599660754,1470635214657715602,Cecilia,,Älvsjö,59.27771,17.98446,Entire home/apt,1085,2,8,2026-05-24,0.42,1,284,6,
1237513541149033362,"Luftigt, centralt rum Södermalm med värden Alex",100332605,1462871127360201386,Alex,,Södermalms,59.313573835904435,18.078431077301502,Private room,1584,2,19,2026-05-18,0.86,2,7,13,
1237823832195889379,Sekelskifteshus i Älvsjö.,249160221,1469321012198655881,Jesper,,Älvsjö,59.28087980647677,17.983455153794033,Entire home/apt,3614,3,1,2026-06-14,1,1,348,1,
1238085236521725517,"Toppen läge på Gärdet. 1 120 cm säng, max 2 pers.",105482920,1467273771776153746,Roger,,Östermalms,59.34502,18.10074,Entire home/apt,1513,1,9,2026-06-14,0.43,1,67,5,
1238188434161417786,Fin lägenhet 2 sovrum,61278206,1466754252750355821,Linda,,Bromma,59.33599,17.9833,Entire home/apt,2282,1,0,,,1,339,0,
1238202988357073916,Lägenhet 2 sovrum nära city,262838286,1469389983724084809,Linda,,Bromma,59.33464,17.98435,Entire home/apt,2283,1,0,,,1,317,0,
1238347084888487496,"Cozy, Clean & Convenient Stay",597255539,1470629557794367202,Conrad,,Spånga-Tensta,59.3789835479437,17.909258642716868,Entire home/apt,765,1,62,2025-09-27,3.07,1,327,25,
1239040825427488766,Spacious Scandi stay in heart of Vasastan,135323554,1468348755002125383,Andreas,,Norrmalms,59.33858,18.03158,Entire home/apt,3295,1,74,2026-06-21,3.46,22,315,52,
1239755515233343949,Ett mysigt och soligt rum,472891470,1470132830366149076,Melody,,Skärholmens,59.2788142,17.8853762,Private room,531,2,70,2025-12-14,3.23,2,308,30,
1240336687115903404,Ljus och vacker lägenhet,7191672,1462725710064803670,Elin,,Södermalms,59.31464886805199,18.091233260929585,Entire home/apt,2283,3,16,2026-06-13,0.76,2,44,8,
1242201666465459193,Modern Vasastan,467547309,1470107922049313366,Diar,,Norrmalms,59.34750727419125,18.035740620229745,Entire home/apt,1249,30,1,2024-09-27,0.05,3,301,0,
1242575507923349088,Trevlig lägenhet i villa nära t-banan i Bromma,599216844,1470634252528845494,Anne,,Bromma,59.34478,17.92126,Entire home/apt,913,2,0,,,1,358,0,
1243294136143127990,Wonderful apartment with lovely rooftop view,535802771,1470404191012367337,Lukas,,Kungsholmens,59.32804,18.0439,Entire home/apt,3112,2,83,2026-06-24,3.90,52,305,48,
1243351263092492329,Charming Studio in heart of SoFo,271346174,1463352607514495320,StayPlus,,Södermalms,59.30994,18.09056,Entire home/apt,3103,1,17,2026-06-16,0.80,50,354,12,
1244126034864414108,Södermalm central living,271346174,1463352607514495320,StayPlus,,Södermalms,59.31209,18.07901,Entire home/apt,2734,1,18,2026-04-05,0.85,50,321,9,
1244221755568850919,Rimligt Boende,651663101,1470639267304271551,Mike,,Bromma,59.31607,17.94714,Entire home/apt,1324,1,0,,,1,88,0,
1244813030164409522,Charming top floor apartment with balcony,535802771,1470404191012367337,Lukas,,Kungsholmens,59.32962,18.03538,Entire home/apt,3443,2,78,2026-06-25,3.66,52,298,50,
1244813395262215751,Spacious top-floor apt with beautiful roof beams,535802771,1470404191012367337,Lukas,,Kungsholmens,59.33143,18.03639,Entire home/apt,3510,2,104,2026-06-21,4.88,52,308,58,
1244887211356785039,Newly and bright top-floor APT on Kungsholmen,535802771,1470404191012367337,Lukas,,Kungsholmens,59.33138,18.03516,Entire home/apt,2368,2,60,2026-06-28,2.81,52,315,40,
1244887871859680657,Wonderful renovated top floor APT with balcony,535802771,1470404191012367337,Lukas,,Kungsholmens,59.33104,18.03692,Entire home/apt,2587,2,86,2026-06-27,4.04,52,317,51,
1244944345625904592,Mysig lägenhet i lummigt område,484504002,1470181338162414292,Kalle,,Hägersten-Liljeholmens,59.31467,17.99769,Entire home/apt,,7,0,,,1,0,0,
1246352265590550207,Super central and cozy 1-bedroom,14440276,1462938673076842196,Luca,,Norrmalms,59.33750447557901,18.06668132543564,Entire home/apt,1936,14,2,2025-09-04,0.12,1,121,1,
1247084592859026996,"Elegant 2-Room Apartment 

10 Min to City Center",234323478,1469247903878931059,Sam,,Hägersten-Liljeholmens,59.30767,18.00888,Entire home/apt,970,1,25,2025-09-01,1.44,2,258,5,
1247283265628758269,Mysig lägenhet nära södermalm,30087287,1465443113793129492,Ellinor,,Hägersten-Liljeholmens,59.30323824418279,17.98683952382253,Entire home/apt,1040,5,0,,,1,56,0,
1247899504113839568,Stor och mysig vindslägenhet på Södermalm,32639802,1465478681010975800,Cecilia,,Södermalms,59.3189666,18.0360051,Entire home/apt,,3,6,2025-08-16,0.33,1,0,2,
1249723791090446817,Cozy one room apartment at Södermalm,378998653,1463566106381862119,City Living,,Södermalms,59.31410737908238,18.06323177696144,Entire home/apt,1850,2,48,2026-06-10,2.33,6,265,26,
1249926373319423590,Underbara Enskede,21081229,1463146174682918920,Fannie,,Enskede-Årsta-Vantörs,59.28661,18.09016,Entire home/apt,,1,0,,,1,0,0,
1250558276573703512,Casa Kransen,653254471,1463901885546138379,Ace,,Hägersten-Liljeholmens,59.30234,18.01687,Private room,,3,0,,,1,0,0,
1250814844058307649,Cozy home in Stockholm,73514347,1466906549814635180,Xin,,Hägersten-Liljeholmens,59.3114,18.0237621,Private room,,1,0,,,1,0,0,
1251238834748402351,Härlig lägenhet Östermalm,653397558,1470642755728758375,Wlodek,,Östermalms,59.34003,18.06777,Entire home/apt,1863,4,4,2025-03-24,0.21,1,45,0,
1251367870498722802,Trendy & Central Stockholm Apt,220860397,1469166418597195468,Sofia,,Östermalms,59.34674803168738,18.097843959893048,Entire home/apt,1840,2,24,2026-05-29,1.15,21,135,11,
1253496957243455579,Centralt på trendiga Södermalm,573299132,1470565248811002343,Joakim,,Södermalms,59.31847,18.07258,Entire home/apt,2910,1,2,2025-07-31,0.17,1,161,2,
1254415848334765545,Cozy Scandinavian Home & Balcony In Skärmarbrink,591614563,1470616069461490777,Isak,,Skarpnäcks,59.2967646918864,18.090378945288812,Entire home/apt,1680,2,1,2026-06-12,1,1,78,1,
1254875589392053365,City Center Sanctuary,271346174,1463352607514495320,StayPlus,,Södermalms,59.31204,18.07742,Entire home/apt,1117,2,17,2026-06-27,1.02,50,238,14,
1254915572883909614,Elegant studio in heart of SoHo,271346174,1463352607514495320,StayPlus,,Södermalms,59.31371,18.07972,Entire home/apt,2403,1,20,2026-05-28,1.10,50,293,14,
1255029890430796707,Top floor apt with three separate bedrooms,291760458,1469513084639446985,Bella,,Södermalms,59.31703,18.07397,Entire home/apt,4896,2,92,2026-06-25,4.37,4,285,54,
1257069621803276287,Crafoord Place Hostel - Room 1,654427104,1470645041430644762,Crafoord Place Hostel,,Norrmalms,59.33739,18.04676,Private room,824,1,3,2026-06-26,2.37,3,232,3,
1257899278435897714,Prisvänlig lägenhet för 2-4 personer,654939930,1470646148416453593,Olgica,,Skärholmens,59.293291,17.9236841,Entire home/apt,1427,1,39,2026-06-14,1.85,1,310,25,
1258130704047381439,Mysig 2:a uthyres,179714871,1468735374921966594,Johanne,,Älvsjö,59.27835,17.99916,Entire home/apt,,1,7,2024-11-25,0.33,1,0,0,
1258480773816004167,Cozy 1 bedroom apt in Norrmalm with french balcony,654741427,1470645645976055053,Patrik,,Östermalms,59.34225,18.06551,Entire home/apt,2946,2,61,2026-06-28,2.90,1,254,33,
1258749545622771238,The Cat Place,12612205,1462891708628775482,Kacka,,Skarpnäcks,59.30051696986508,18.097959916787627,Entire home/apt,285,1,8,2026-04-12,0.40,1,108,4,
1259124701331608395,The Best Apartment in Stylish Sodermalm Stockholm,220860397,1469166418597195468,Sofia,,Södermalms,59.31703,18.02846,Entire home/apt,,1,30,2026-06-22,2.43,21,1,29,
1259196851699288524,Room in Telefonplan 2 min from the sub,401013156,1469840473873302704,Omar,,Hägersten-Liljeholmens,59.2973640153572,17.99980585952452,Private room,698,2,6,2026-06-15,2.81,1,260,6,
1259303677629324917,Cozy studio at beautiful Kungsholmen,535802771,1470404191012367337,Lukas,,Kungsholmens,59.33117,18.03575,Entire home/apt,2461,2,87,2026-06-26,4.22,52,319,58,
1259314310303445566,Gorgeous studio in the heart of Kungsholmen,535802771,1470404191012367337,Lukas,,Kungsholmens,59.32828,18.03525,Entire home/apt,1453,2,93,2026-06-26,4.56,52,300,56,
1259465239420643513,Beautiful apartment in central Stockholm,535802771,1470404191012367337,Lukas,,Kungsholmens,59.33133,18.03578,Entire home/apt,2157,2,94,2026-06-23,4.62,52,315,60,
1259475406165039749,Beautiful 1 bedroom apartment in Old Town,535802771,1470404191012367337,Lukas,,Södermalms,59.32388,18.06903,Entire home/apt,4154,2,92,2026-06-21,4.51,52,283,55,
1259490654118506791,Charming apartment in the best parts of Södermalm,535802771,1470404191012367337,Lukas,,Södermalms,59.31409,18.08534,Entire home/apt,3481,2,89,2026-06-26,4.41,52,293,49,
1261388874667646696,Nick's apartment,87852184,1467055481967765186,Nick,,Rinkeby-Tensta,59.40951,17.92871,Entire home/apt,105,90,0,,,1,210,0,
1261557132607303774,Rum vid park och strand,2696824,1462605161196123455,Karin,,Södermalms,59.31465074913716,18.0378532782197,Private room,,5,49,2025-11-29,2.50,1,0,11,
1262343836401224739,Great condo. Close to everything,501490011,1470255127999598569,Muhammad Rafey Asghar,,Rinkeby-Tensta,59.3979007817761,17.944385334849358,Entire home/apt,,1,0,,,1,0,0,
1262963991369098236,Cozy 1 bedroom apartment in central Stockholm,563563946,1470513661750742716,Hedvig,,Östermalms,59.33541,18.08157,Entire home/apt,2590,2,89,2026-06-27,4.36,11,323,54,
1263721247470576218,Cozy and Classical Apartment,39901548,1465595598101291609,David,,Kungsholmens,59.3315442,18.0292611,Entire home/apt,,5,12,2025-07-30,0.62,1,0,2,
1263818244554723816,Exklusivt hus med gratis parkeringsplats & cyklar,536584718,1470407317140517391,Mats,,Kungsholmens,59.32144,17.9932,Entire home/apt,2473,2,33,2026-06-21,1.72,1,70,17,
1264981882482677957,Warm apartment steps from subway,39860050,1465595045496577518,Maria,,Kungsholmens,59.33183349999999,18.0151853,Entire home/apt,1998,1,49,2026-06-15,2.36,1,112,37,
1265968559936000094,Citylägenhet Östermalm nära allt,181263060,1468749454886480928,Zardasht,,Östermalms,59.34652084662202,18.106331569654305,Entire home/apt,639,3,4,2024-12-07,0.20,1,47,0,
1266067240610488481,Hagastaden central,170171419,1468644549808855621,Johan,,Norrmalms,59.34861138296196,18.036408534886327,Private room,453,1,83,2026-06-27,4.21,1,257,70,
1267813711696570934,Double room in a peaceful area,19510963,1463080205255917556,Louise,,Rinkeby-Tensta,59.4129611,17.9056968,Private room,521,7,4,2025-09-30,0.19,1,229,1,
1267975273741665341,"Charming flat in laid-back, central area",51002540,1465791127373831762,Fredrik,,Norrmalms,59.34205,18.033,Entire home/apt,2831,1,81,2026-06-25,4.17,20,299,58,
1268089394489649634,"Rum med eget badrum, Bagarmossen",60256816,1466740840226380574,Hanna,,Skarpnäcks,59.276597730620296,18.132019266486168,Private room,99,60,3,2026-06-14,0.15,1,159,1,
1268644868292237170,Modern Furnished Lake Apartment,1432722,1462545661205010247,Rodrigo,,Farsta,59.2436458,18.1170857,Entire home/apt,194,59,0,,,2,183,0,
1269438091370367412,Large 3-bedroom apartment,343919205,1469678302654252410,Forenom,,Rinkeby-Tensta,59.40668813380852,17.95581364944888,Private room,3217,1,7,2025-06-06,0.36,6,339,0,
1269487101560987222,Luxury 4 bedroom apartment with private terrace,390614369,1469808125298954547,Bella,,Östermalms,59.33594,18.08015,Entire home/apt,7059,2,93,2026-06-24,4.56,16,140,57,
1269658148088509634,Mysig lägenhet i Sibirien,49470359,1465755260171378330,Mikaela,,Norrmalms,59.3455678135236,18.060909546911716,Entire home/apt,,14,0,,,1,0,0,
1270017863701858659,Centralt och tyst vid Odenplan,229364144,1469222345861355223,Susann,,Norrmalms,59.3418,18.04672,Entire home/apt,,1,1,2025-06-27,0.08,2,0,0,
1270220642697343640,Private 6-bed room with 3 level bunk beds,657768819,1470652383871025426,Armin,,Kungsholmens,59.33149112807065,18.04760734338498,Private room,1600,1,54,2026-06-17,2.64,8,334,38,
1270231083123520846,Private 4-bed room with bunk beds,657768819,1470652383871025426,Armin,,Kungsholmens,59.33124371886605,18.047523422629514,Private room,1200,1,38,2026-06-24,1.86,8,338,22,
1270241978344257969,Private 8-bed room with bunk beds,657768819,1470652383871025426,Armin,,Kungsholmens,59.331582096954286,18.049386125332926,Private room,2800,1,8,2026-04-27,0.39,8,270,5,
1270272098047032218,Private twin bed room with a toilet,657768819,1470652383871025426,Armin,,Kungsholmens,59.33,18.04947,Private room,1300,1,39,2026-06-14,1.91,8,291,14,
1270283766184521169,Private bunk bed room with a toilet,657768819,1470652383871025426,Armin,,Kungsholmens,59.33208,18.04729,Private room,1300,1,83,2026-06-24,4.06,8,346,46,
1270889365898801150,Stylish Waterfront Apt Stockholm,220860397,1469166418597195468,Sofia,,Hägersten-Liljeholmens,59.305663780137436,18.03600523620844,Entire home/apt,4250,1,77,2026-06-08,3.76,21,106,44,
1270892141440032815,Stockholm Town house,43108140,1465640084699217330,Alicia,,Farsta,59.259317852244386,18.12773285700837,Entire home/apt,3081,3,8,2026-04-05,0.58,1,48,4,
1271811869581643600,Top floor stylish apartment,1095342,1462536832128621335,Mattias,,Norrmalms,59.34757,18.04056,Entire home/apt,3875,2,28,2026-06-22,1.54,1,94,19,
1272548462419490844,"Spacious 2-Story Apt w/ Terrace, In Best Area",90762210,1467097914573710087,Axel,,Östermalms,59.34102401227747,18.090177677246082,Entire home/apt,3663,2,102,2026-05-31,5.80,2,266,65,
1273054858467409565,Cute studio by waterfront in hip Hornstull,60382478,1466742370835977491,Elias,,Södermalms,59.31424,18.03327,Entire home/apt,1667,1,163,2026-06-22,8.10,30,360,100,
1273095460671896687,Waterfront studio w/ balcony in hip Hornstull,60382478,1466742370835977491,Elias,,Södermalms,59.316,18.03109,Entire home/apt,2301,1,131,2026-06-24,6.55,30,338,83,
1273212916845104795,1:a på Gärdet. Fantastiskt läge!,543133141,1470432899984999949,Jenny,,Östermalms,59.34721140000001,18.1016533,Entire home/apt,695,1,55,2026-06-29,2.77,1,13,27,
1273298685385274886,"Ljus, välplanerad 2 rok med sovalkov på Södermalm",571565502,1470538383092427741,Alexander,,Södermalms,59.30999,18.04917,Entire home/apt,1168,3,2,2026-06-22,2,1,260,2,
1273758400842255082,"Trendy city life, renovated, 1000 mb/s internet",19156562,1463070796890332419,Niclas,,Norrmalms,59.33611140440681,18.05486520052403,Entire home/apt,3709,2,22,2026-06-15,1.47,1,346,16,
1273965753087063640,Bed in 8 Bed Shared Dorm Room,657768819,1470652383871025426,Armin,,Kungsholmens,59.33006,18.0479,Shared room,320,1,208,2026-06-24,10.20,8,348,111,
1274578337701825613,Lägenhet i Gamla Enskede,33017746,1465483565184164719,Sofie,,Enskede-Årsta-Vantörs,59.28391360000001,18.0845531,Entire home/apt,,3,0,,,1,0,0,
1275278411656401987,Radhus vid vattnet,1619212,1462563274432974240,Emelie,,Farsta,59.25124,18.1127,Entire home/apt,2788,4,2,2026-05-17,0.18,1,340,2,
1277408309327509953,Beautiful City apartment with charming balconies,390614369,1469808125298954547,Bella,,Östermalms,59.33721,18.08235,Entire home/apt,3131,2,71,2026-06-11,3.69,16,325,45,
1278753973983531024,Hus i Stockholm med trädgård,10829214,1462850619164402758,Tove,,Farsta,59.255610859421786,18.10623389706673,Entire home/apt,4793,5,1,2025-01-02,0.06,1,348,0,
1278786164326870286,Charming Nordic Flat in Central Stockholm,475583067,1470144102612804444,程Patrick,,Norrmalms,59.33495979538284,18.057271130383015,Entire home/apt,4068,8,0,,,1,337,0,
1279580953127883047,Spacious one bedroom apartment,271346174,1463352607514495320,StayPlus,,Östermalms,59.34723,18.10177,Entire home/apt,1460,3,22,2026-04-24,1.14,50,209,13,
1282778260645572654,Bright Södermalm apartment in historic building,236632199,1469259303439008718,Gustaf,,Södermalms,59.31714,18.06303,Entire home/apt,2454,2,4,2026-06-22,0.25,1,10,2,
1283872721930477653,Crafoord Place Hostel - Room 4,654427104,1470645041430644762,Crafoord Place Hostel,,Norrmalms,59.33805049774499,18.048283037303815,Private room,1399,1,19,2026-06-26,1.01,3,209,12,
1284046749528257509,Best location Stockholm,660855217,1470659190120451744,Per,,Bromma,59.33632,17.98601,Private room,856,2,8,2026-06-26,0.40,1,168,4,
1284165154131318583,Crafoord Place Hostel - Room 8,654427104,1470645041430644762,Crafoord Place Hostel,,Norrmalms,59.33805081558694,18.04573005993604,Private room,821,1,37,2026-06-29,1.94,3,200,28,
1286867568623775031,Charming 1920s House in Bromma,1550333,1462561417994221001,Richard,,Bromma,59.35165,17.9105,Entire home/apt,,5,0,,,1,0,0,
1286928460126789648,"Charming, large 1 bdrm near park",129432403,1468298075794029356,Gustav,,Södermalms,59.3190161,18.0365516,Entire home/apt,,7,4,2025-07-27,0.22,1,0,2,
1287524108406305900,Mysig lägenhet i SOFO – lugnt läge nära allt!,70804373,1462793452298846489,Simon,,Södermalms,59.30884,18.07744,Entire home/apt,,2,11,2025-10-07,0.57,1,0,7,
1287547872944594369,Studio at amazing location,271346174,1463352607514495320,StayPlus,,Östermalms,59.34611357681993,18.100022756029567,Entire home/apt,1523,1,17,2026-06-17,0.94,50,297,9,
1287603669591927035,City living apartment,271346174,1463352607514495320,StayPlus,,Östermalms,59.34752261375533,18.099665181173954,Entire home/apt,1141,1,18,2026-04-11,1.05,50,326,14,
1287620689428440828,Comfort living,271346174,1463352607514495320,StayPlus,,Östermalms,59.34559443290488,18.10032419742443,Entire home/apt,1327,3,18,2026-06-14,0.94,50,265,11,
1288357558651406099,Comfort stay,271346174,1463352607514495320,StayPlus,,Östermalms,59.34638,18.09975,Entire home/apt,1276,1,19,2026-06-16,1.38,50,350,14,
1288606246296895399,Modern sekelskifteslägenhet,34579411,1465508693915820578,Elin,,Kungsholmens,59.33324,18.03551,Entire home/apt,3081,2,4,2026-05-15,0.33,1,9,4,
1291288105193316268,Södermalm Sofo,500876942,1470252380468069910,TripTo,,Södermalms,59.30767,18.08375,Entire home/apt,,1,0,,,1,2,0,
1292028434118126234,Charming apartment in the old town,407621701,1469862805147485640,Sara,,Södermalms,59.32229644347008,18.07295925834161,Entire home/apt,3078,2,74,2026-06-20,3.85,4,312,40,
1292066092640426989,Bright and green apartment,99991251,1467201439787570313,Mambona,,Hägersten-Liljeholmens,59.2833335,17.9570526,Entire home/apt,,7,4,2026-01-12,0.22,1,0,2,
1293391584200285220,Exquisitely renovated studio in Oldtown,24251813,1465285245799519478,Jonathan,,Södermalms,59.32342,18.07094,Entire home/apt,3472,2,87,2026-06-22,4.57,8,308,56,
1293391945107849345,Cozy 2 floor apartment in Oldtown with roof beams,24251813,1465285245799519478,Jonathan,,Södermalms,59.32334,18.07085,Entire home/apt,3637,2,78,2026-06-21,4.06,8,318,53,
1293510446860131940,Cozy spacious flat in Hornstull,39120025,1465584161704360898,Nikla,,Södermalms,59.31512,18.03388,Entire home/apt,1500,4,0,,,1,98,0,
1294288182892512728,Unique penthouse apartment with terrace,239481307,1469273844315739219,Gabriella,,Kungsholmens,59.33345,18.03293,Entire home/apt,,2,2,2025-07-20,0.15,1,0,1,
1294877827787257764,Beautiful one bedroom flat in central Old Town,24251813,1465285245799519478,Jonathan,,Södermalms,59.32456,18.06944,Entire home/apt,3267,2,70,2026-06-27,3.66,8,305,52,
1294914346351951316,Trevåningshuset,663308918,1470664793678132174,Daniel,,Enskede-Årsta-Vantörs,59.2767,18.09186,Entire home/apt,1142,1,0,,,1,318,0,
1295499172101114417,Villa i Solhem-Nälsta,48377389,1465731293410146800,Melina,,Hässelby-Vällingby,59.375732516077264,17.890332580192204,Entire home/apt,4357,3,5,2025-12-30,0.32,1,31,3,
1295564471778050999,Bright apartmaen in city centre,660917792,1470659326026108477,Patrik,,Södermalms,59.31386,18.07871,Entire home/apt,2271,1,0,,,1,215,0,
1295590729874310715,Stilrent hem 10 min från Södermalm,9382664,1462812715785169454,Linus,,Farsta,59.25136,18.11381,Entire home/apt,3576,6,0,,,1,345,0,
1295828607401466258,"Studio lägenhet, Södermalm",526899721,1470369371386207303,Hossein,,Södermalms,59.31381,18.09171,Entire home/apt,1170,2,4,2025-02-01,0.21,1,251,0,
1297496199387561620,Large house 15 mins from central Stockholm,8342524,1462766047683331222,Jamie,,Hägersten-Liljeholmens,59.303938179989416,17.970257801746754,Entire home/apt,3709,6,2,2025-12-28,0.11,1,29,1,
1298464505389009040,Luxury neighborhood,78597411,1466962212819505120,Mehran,,Östermalms,59.3404,18.06942,Entire home/apt,2853,2,13,2026-05-31,0.68,1,349,7,
1298476487386558429,Peaceful Retreat,271346174,1463352607514495320,StayPlus,,Södermalms,59.31384917595181,18.077984261836225,Entire home/apt,1321,1,23,2026-06-23,1.26,50,223,14,
1299163717077910173,Cozy retreat in Södermalm & Free tour Old Town,664227674,1470666930861297474,Cerasela,,Södermalms,59.31704178543703,18.050260812474246,Entire home/apt,1821,1,74,2026-06-21,5.08,3,268,67,
1299274653077558871,Cozy room,40928505,1465609131604619828,Nila,,Rinkeby-Tensta,59.402217416133894,17.940301733331147,Private room,347,14,0,,,2,64,0,
1300004589122890533,Centralt belägen villa nära city,588444290,1470608622342426097,Noblet,,Rinkeby-Tensta,59.39996464701144,17.92952339329004,Entire home/apt,2490,1,43,2026-06-14,2.88,2,132,37,
1300032479849200787,A great room with a bigger view. Short- & longterm,17952012,1463032689259572570,Per,,Södermalms,59.3106459,18.0543644,Private room,851,1,4,2026-06-11,0.22,1,38,3,
1300082109495992157,Lugn SoFo studio med balkong mot innergård,345554340,1469683450394752689,Sakkarias,,Södermalms,59.3154,18.09004,Entire home/apt,1495,1,117,2026-06-13,7.55,3,162,93,
1300147823601389508,Badsemester i Stockholm,126194373,1468270673040547083,Viktoria,,Farsta,59.2714079,18.0768837,Entire home/apt,4565,5,1,2025-08-07,0.09,1,264,1,
1300495745007975729,Boutique-style hideaway,12254584,1462883564168984895,Amanda,,Södermalms,59.31384,18.0908,Entire home/apt,,4,6,2025-07-19,0.33,1,0,1,
1300651927258437572,"Centralt belägen lägenhet, med ett sovrum",398698095,1469833020919036856,Elliot,,Södermalms,59.3079755407683,18.08080559793523,Entire home/apt,2186,3,1,2025-07-17,0.09,5,14,1,
1301500762110955722,Mysig tvåa nära vattnet,84447561,1467020052717702179,Sara,,Kungsholmens,59.32992,18.00113,Entire home/apt,,2,3,2025-08-10,0.26,1,0,3,
1302075026065410033,"Elegant, central and luxurious.",66369108,1466820213449977699,Nejwan,,Kungsholmens,59.33418723068416,18.03849633783102,Entire home/apt,,3,2,2025-01-05,0.11,1,0,0,
1302357619744323266,Bekvämt hus 15 minuter från city,5302984,1462677635482509698,Julia,,Hägersten-Liljeholmens,59.30406,17.96747,Entire home/apt,2687,1,0,,,1,2,0,
1302753375455019035,Fantastisk upplevelse på gäst-båten M/S Monika,20381652,1462612877356051133,Gästbåt M/S Monika,,Kungsholmens,59.33624,18.03322,Private room,,5,19,2025-12-29,2.11,1,0,19,
1302941778686863388,Modern apartment,537449596,1470410853244983306,Asia,,Hässelby-Vällingby,59.37066,17.82765,Entire home/apt,,2,7,2026-01-05,0.79,1,0,7,
1303424065878784318,I hjärtat av Stockholm,447671790,1470015794910594086,Patrik,,Norrmalms,59.335911941410714,18.057497480884635,Entire home/apt,4850,1,25,2026-03-20,1.44,13,302,11,
1304941367678383817,Rum i stor  lägenhet,24690074,1465312865932876350,Bernardo,,Skarpnäcks,59.267716363723096,18.125021383166313,Private room,,1,2,2025-03-14,0.12,1,0,0,
1305035494342622085,!Close to the metro and nature!.,364397925,1469732668045807011,Magalys,,Hässelby-Vällingby,59.36305840000001,17.8468034,Entire home/apt,555,1,83,2026-06-28,4.58,8,269,56,
1305729897949100039,Exceptional apartment in the heart of Oldtown,24251813,1465285245799519478,Jonathan,,Södermalms,59.32344,18.07001,Entire home/apt,3758,2,71,2026-06-27,3.83,8,305,51,
1306413166078871094,Egen villa med skateboardramp,5330736,1462678284318703188,Helena Folcker,,Enskede-Årsta-Vantörs,59.28644,18.06501,Entire home/apt,4383,6,1,2025-08-07,0.09,1,244,1,
1307451767767396643,Charmig 1a på Gärdet toppläge,190615801,1468989695021505136,Esta Kirabo Dorothy,,Östermalms,59.34719,18.1057,Entire home/apt,553,30,0,,,1,89,0,
1309311334253249747,Modern Scandinavian style apartment,150970291,1468483689125352513,Feras,,Norrmalms,59.3490569,18.0392056,Entire home/apt,1727,1,24,2026-06-23,1.32,1,140,5,
1310751572072325389,Cozy studio close to Norrmälarstrand,535802771,1470404191012367337,Lukas,,Kungsholmens,59.32973,18.035,Entire home/apt,1286,2,63,2026-06-13,3.47,52,289,42,
1310752314613727989,Cozy Studio in Birkastan,535802771,1470404191012367337,Lukas,,Norrmalms,59.34154,18.02642,Entire home/apt,1229,3,60,2026-06-14,3.30,52,322,44,
1310792130078732192,Cosy and modern city apartment,35363187,1465522449158860963,Michelle,,Norrmalms,59.34824,18.03466,Entire home/apt,,1,2,2025-07-31,0.11,1,0,1,
1310867925045706463,Newly renovated studio in Kungsholmen,535802771,1470404191012367337,Lukas,,Kungsholmens,59.33129,18.0356,Entire home/apt,2239,2,75,2026-06-22,4.16,52,305,55,
1310885179474906446,Studio apartment for 2 pers.,387520808,1463585148508295010,Mariia,,Enskede-Årsta-Vantörs,59.28368,18.06937,Entire home/apt,1112,1,58,2026-06-07,3.12,1,80,35,
1311517712082423824,Egen lägenhet nära natur & stan,200236505,1469044923134217003,Therese,,Farsta,59.24326,18.08989,Entire home/apt,1255,3,6,2026-03-09,0.42,1,51,5,
1313150821373568259,Harmonisk källarsvit i Essingen,576859300,1470576279029606777,Nicklas,,Kungsholmens,59.32131491865081,17.9947092756629,Entire home/apt,1096,1,0,,,1,352,0,
1313736188254281648,Beautiful Östermalm Apartment,661968790,1470661754841188270,Daniel Mendel,,Östermalms,59.3484,18.06761,Entire home/apt,989,1,58,2026-06-24,3.62,1,3,43,
1315130380325851846,Charming Oldtown Escape with Waterfront view,535802771,1470404191012367337,Lukas,,Södermalms,59.32395,18.06904,Entire home/apt,5889,2,74,2026-06-24,4.07,52,289,52,
1315130795447276991,Historic retreat with waterview in Oldtown,535802771,1470404191012367337,Lukas,,Södermalms,59.32309,18.06842,Entire home/apt,7045,2,76,2026-06-24,4.27,52,280,55,
1315904207895091877,Newly renovated apartment on Kungsholmen,535802771,1470404191012367337,Lukas,,Kungsholmens,59.3286,18.04283,Entire home/apt,3986,2,90,2026-06-23,4.98,52,291,66,
1315908987940144895,Charming City Stay in the Vibrant Kungsholmen,535802771,1470404191012367337,Lukas,,Kungsholmens,59.33029990000001,18.0361883,Entire home/apt,3222,2,69,2026-06-16,4.22,52,319,51,
1315910617849843601,Bright and Cozy Apartment for 5 in Kungsholmen,535802771,1470404191012367337,Lukas,,Kungsholmens,59.33126,18.03701,Entire home/apt,3311,2,61,2026-06-24,3.36,52,314,46,
1315914068348922923,Comfortable and well planned apt in Stockholm,535802771,1470404191012367337,Lukas,,Kungsholmens,59.3293,18.03695,Entire home/apt,3401,2,69,2026-06-23,3.79,52,312,51,
1315918468582870163,Newly Renovated apt with high ceiling in Stockholm,535802771,1470404191012367337,Lukas,,Kungsholmens,59.32789,18.04375,Entire home/apt,4812,2,77,2026-06-24,4.38,52,302,54,
1315920432662783141,Charming 2-Bedroom APT in Södermalm,535802771,1470404191012367337,Lukas,,Södermalms,59.31618,18.0835,Entire home/apt,3208,2,82,2026-06-28,4.84,52,316,55,
1315922253106138563,Lovely 1 bedroom - APT in the middle of Södermalm!,535802771,1470404191012367337,Lukas,,Södermalms,59.31598,18.08534,Entire home/apt,2687,2,68,2026-06-25,4.33,52,274,54,
1315923991190229360,Charming One Bedroom Apartment on Södermalm,535802771,1470404191012367337,Lukas,,Södermalms,59.31604,18.085,Entire home/apt,2923,2,60,2026-06-23,3.36,52,293,38,
1315925088542423030,Stylish Apartment with round windows at Vasastan,535802771,1470404191012367337,Lukas,,Kungsholmens,59.32995,18.0421,Entire home/apt,2748,2,55,2026-06-23,3.13,52,317,43,
1316473426826098941,"Ljus, charmig 2:a i Hornstull",133893415,1468336681636877593,Ebba,,Södermalms,59.316210221979006,18.030086685165575,Entire home/apt,1277,1,12,2026-06-27,0.97,1,138,11,
1316786620019656619,Mysigt boende på bästa adress,658945873,1470654985707096371,Adam,,Södermalms,59.31261809999999,18.0764256,Entire home/apt,2565,1,13,2025-03-30,0.71,2,31,0,
1318120360214490848,Bright top floor pearl,17308285,1463007069899180037,Helena,,Hägersten-Liljeholmens,59.3026,17.9987,Entire home/apt,1736,1,0,,,1,319,0,
1318166964451206435,Lägenhet i akalla,668408735,1470676874311506249,Behroz,,Rinkeby-Tensta,59.41293734004623,17.915878102288165,Entire home/apt,1385,1,16,2026-06-08,0.96,1,352,8,
1319719649227959153,50 kvm in Stockholm city,39528931,1465590499882332129,Jasmina,,Södermalms,59.3101,18.0584,Entire home/apt,182,180,0,,,1,365,0,
1319786146884996968,Salongen,187661969,1468971830852293963,William,,Bromma,59.34003,17.94047,Entire home/apt,,2,0,,,1,0,0,
1320156847684828963,Cozy 4-Person Apartment on Trendy Rörstrandsgatan,535802771,1470404191012367337,Lukas,,Norrmalms,59.34282,18.02621,Entire home/apt,2219,2,49,2026-06-14,2.87,52,322,38,
1320157146687625095,Exceptional 2-bedroom apartment in Vasastan,535802771,1470404191012367337,Lukas,,Norrmalms,59.34567,18.04584,Entire home/apt,3638,2,76,2026-06-22,4.18,52,260,55,
1320157452304492289,Cozy 2-bedroom stay for 6 in prime location,535802771,1470404191012367337,Lukas,,Norrmalms,59.34469,18.047,Entire home/apt,3873,2,65,2026-06-21,3.60,52,270,45,
1320896648849571607,Lakefront studio with balcony,135323554,1468348755002125383,Andreas,,Kungsholmens,59.33077,18.00067,Entire home/apt,1086,2,83,2026-06-26,5.24,22,28,68,
1320949884853219408,Cozy apartment in famous old town,407621701,1469862805147485640,Sara,,Södermalms,59.32274009999999,18.0726457,Entire home/apt,2678,2,49,2026-06-21,2.87,4,328,38,
1321863150641245338,Comfort de Luxe Älvsjö,6311326,1462544974551412921,Marie Louise,,Älvsjö,59.26996,17.96409,Entire home/apt,1997,1,1,2025-05-08,0.07,1,59,0,
1322319850687726802,Apartment by Hässelby station,35963025,1465533342840090798,Tommy,,Hässelby-Vällingby,59.36413,17.83399,Entire home/apt,,4,0,,,1,0,0,
1322344028212624623,Charmigt parhus i Gamla Enskede,33017840,1465483565196279663,Nina,,Enskede-Årsta-Vantörs,59.28142,18.08319,Entire home/apt,3956,3,3,2026-06-08,0.29,1,30,3,
1322466684516201541,Södermalm top floor apartment with two balconies,8993841,1462792193287121499,Albert,,Södermalms,59.31857,18.07099,Entire home/apt,,3,9,2026-06-20,0.81,1,7,9,
1322480308891342109,Två rum mitt på Söder!,190204494,1468987087887955431,Sam,,Södermalms,59.31122,18.07516,Entire home/apt,1478,1,151,2026-06-28,8.30,1,244,97,
1322674300829278919,7 floors with a view,17837042,1463030117730677079,Lina,,Älvsjö,59.28239,17.99993,Entire home/apt,2085,3,2,2026-03-30,0.46,1,65,2,
1323665688324316920,Well planned 2 BDR in vasastan,261715509,1469383586739439113,Agnes,,Norrmalms,59.34716,18.05282,Entire home/apt,3087,2,70,2026-06-28,4.03,1,261,49,
1323927916417459471,Mysig - lägenhet på Södermalm (SoFo),372849368,1469756663829844859,Kenan,,Södermalms,59.31587,18.09081,Entire home/apt,2163,2,2,2025-07-07,0.16,1,11,1,
1325128355576588944,A bed in a Female 6 dorm room,434615992,1469966530747659492,Armin,,Kungsholmens,59.33038,18.04161,Shared room,380,1,77,2026-06-24,4.34,7,356,35,
1325159022847500364,A bed in a Mixed 6-bed dorm room,434615992,1469966530747659492,Armin,,Kungsholmens,59.32869,18.04098,Shared room,315,1,66,2026-06-01,3.71,7,364,37,
1325163563314729968,A bed in a Mixed 12-bed dorm room,434615992,1469966530747659492,Armin,,Kungsholmens,59.33046,18.04267,Shared room,262,1,119,2026-06-28,6.65,7,363,60,
1325170162426570770,A bed in a Mixed 14-bed dorm room,434615992,1469966530747659492,Armin,,Kungsholmens,59.33013,18.04104,Shared room,310,1,81,2026-06-29,4.52,7,358,44,
1325174269976835966,A bed in an Mixed 8 bed dorm room,434615992,1469966530747659492,Armin,,Kungsholmens,59.32962,18.04288,Shared room,270,1,94,2026-06-08,5.28,7,352,59,
1325176930870790184,A bed in a Mixed 4 bed dorm room,434615992,1469966530747659492,Armin,,Kungsholmens,59.32981,18.04105,Shared room,325,1,134,2026-06-10,7.58,7,362,53,
1325221770560661529,Stylish Apartment with Lake View,17115200,1463002490002250521,Robin,,Kungsholmens,59.33869,18.02207,Entire home/apt,1496,14,0,,,1,62,0,
1325471901618256743,Lägenhet nära Stockholm city,31721704,1465466112374968841,Jessica,,Hägersten-Liljeholmens,59.3051,17.99206,Entire home/apt,,2,5,2026-03-23,0.42,1,0,5,
1325987584082005755,Enskede,134068976,1468338164937175532,Therese,,Enskede-Årsta-Vantörs,59.28561,18.06922,Entire home/apt,4049,5,0,,,1,25,0,
1327441752435403230,Charming family haven,383669370,1469786842333227282,Johanna,,Kungsholmens,59.33296,18.03049,Entire home/apt,3082,1,22,2026-06-20,1.30,1,125,12,
1328950361019663740,Bright house with a garden,17297194,1463006808404111874,Jens,,Enskede-Årsta-Vantörs,59.272,18.02444,Entire home/apt,4691,1,6,2026-01-03,0.43,1,39,4,
1329498513317695555,Room with a view,671584614,1463925906987756786,Kwesi,,Enskede-Årsta-Vantörs,59.26216,18.02759,Private room,,1,0,,,3,365,0,
1329711370276040151,Heart of Södermalm | Walk Everywhere | 2BR Apt,421616931,1463660718736654376,Son & Eln,,Södermalms,59.31717843086052,18.073004685739527,Entire home/apt,6615,1,66,2026-06-12,4.76,1,271,57,
1329803002945320602,Charming & spacious family villa in Mälarhöjden,82078815,1466996490051346564,Emelie,,Hägersten-Liljeholmens,59.2955,17.95482,Entire home/apt,3668,7,4,2026-05-25,0.39,1,176,4,
1329892683172315129,Estudio apartamento cerca metro.,671719747,1470683256810508900,Magalys,,Hässelby-Vällingby,59.36376758239209,17.845986358979605,Entire home/apt,514,1,32,2026-06-28,1.87,1,265,22,
1330175285818818350,Charming Gem w. Balcony in Gärdet,51002540,1465791127373831762,Fredrik,,Östermalms,59.34761,18.09379,Entire home/apt,1797,1,77,2026-06-26,4.38,20,301,54,
1330209854362453400,Single studio with Balcony,370101820,1469748263780138788,Forenom,,Norrmalms,59.33899,18.06679,Private room,1505,1,22,2025-11-09,1.46,7,135,8,
1330388496609151636,Room (king size bed) Södermalm,399525152,1469835620786811187,Richard,,Södermalms,59.31635,18.04747,Private room,,1,0,,,3,0,0,
1330406570424149325,Room (2 single beds) Södermalm,399525152,1469835620786811187,Richard,,Södermalms,59.31601,18.04691,Private room,,1,0,,,3,0,0,
1330909459540789174,Single studio with outdoor patio,370101820,1469748263780138788,Forenom,,Norrmalms,59.33757602085013,18.066977816547553,Private room,1356,1,2,2025-07-06,0.12,7,86,1,
1330959632982771255,Lägenhet nära Avicii Arena och 3Arena,599685787,1470635269719353405,Frida,,Enskede-Årsta-Vantörs,59.28405666380186,18.057362913428157,Entire home/apt,2429,3,3,2026-06-14,0.42,2,351,3,
1330974715207654050,Cosy City studio,26398703,1465365910212220995,Kinga,,Norrmalms,59.33989,18.06015,Private room,1518,2,7,2026-05-23,0.53,1,336,5,
1331773832249658258,2 bedroom amazing home in Skärholmen,141536049,1468398585102636205,Novasol,,Skärholmens,59.280397,17.899279,Entire home/apt,4636,1,0,,,1,333,0,
1331811337141554672,Cozy apartment in sofo,672239545,1470684413664229524,Alex,,Södermalms,59.31425,18.07978,Entire home/apt,,2,2,2025-03-10,0.12,1,0,0,
1332509752763040616,Minihus med sovloft,494815200,1470227253814334178,Niclas,,Älvsjö,59.28192,17.99602,Entire home/apt,1617,2,46,2026-06-15,2.88,1,89,31,
1333312593758297887,Family-friendly house 15 min bike from Södermalm,2012226,1462584131778018376,Jeanna,,Älvsjö,59.28439997716441,17.983624474902893,Entire home/apt,2526,3,0,,,1,208,0,
1333336196533940644,4 bedroom apartment - central,1724256,1462576772231910509,Armin,,Östermalms,59.34553,18.09723,Entire home/apt,,90,1,2025-07-31,0.09,3,2,1,
1334644146468128719,Room with a nice view,671584614,1463925906987756786,Kwesi,,Enskede-Årsta-Vantörs,59.26205,18.02909,Private room,,1,0,,,3,365,0,
1334945878321262587,Hunters place,156756031,1468529090873093018,Diana,,Hägersten-Liljeholmens,59.29009620000001,17.9521705,Entire home/apt,,3,1,2025-02-09,0.06,1,0,0,
1335033619375288382,luxurious one bedroom to rent,530082110,1470381872416423014,Ana,,Skärholmens,59.29207,17.93384,Private room,623,3,15,2026-04-30,0.88,1,254,4,
1335477623445534129,Stay Inn: Attic Apartment on Rörstrandsgatan,549905955,1470459465974849876,Stay Inn Apartments,,Norrmalms,59.34085,18.03379,Entire home/apt,3909,3,3,2025-12-21,0.19,28,277,2,
1336867703806575237,"Mysig 3,5 rumslägenhet  i Gubbängen",371627274,1469752767950619784,Nikita,,Farsta,59.263553681479976,18.08721162378788,Entire home/apt,2413,3,6,2025-07-25,0.47,1,110,3,
1337102369318356061,"Stockholm, i stad men nära natur och vatten",3002056,1462614644928030939,Alexander,,Hägersten-Liljeholmens,59.3089477707043,17.98552237105428,Entire home/apt,807,14,0,,,1,97,0,
1337563791591534102,Örnsätra,673895229,1470687768860581005,Isabél,,Skärholmens,59.2896155,17.9151291,Entire home/apt,2112,7,2,2025-08-01,0.17,1,23,2,
1337577963025880163,Cozy Room in Stockholm,152211599,1462988848999958623,Henry,,Enskede-Årsta-Vantörs,59.26313,18.03942,Private room,422,1,31,2026-06-23,2.02,2,25,24,
1338220074234597859,2:a på Kungsholmen,673886188,1470687750856922427,Moa,,Kungsholmens,59.33301146227002,18.017448285474252,Entire home/apt,1751,2,2,2025-05-19,0.13,1,325,0,
1339119687135369929,Light room easy access,36544534,1465544356174004814,Vahid,,Kungsholmens,59.33632305040972,18.011129245445627,Private room,890,1,0,,,1,50,0,
1339355480444821877,Designer Studio Apartment,15921456,1462973882823243589,Jelena,,Södermalms,59.31756,18.07406,Entire home/apt,12988,2,1,2025-02-24,0.06,2,365,0,
1340054169691135630,Stockholm living,472746635,1470132138162522510,Lina,,Norrmalms,59.348891252752864,18.04955050724486,Entire home/apt,1301,1,0,,,1,312,0,
1340390102005996335,Townhouse,370101820,1469748263780138788,Forenom,,Norrmalms,59.3384,18.06699,Private room,,1,0,,,7,0,0,
1340725223977710791,Mysig lägenhet på Söder,488624601,1470199107852234722,Josefine,,Södermalms,59.31485,18.09171,Entire home/apt,,1,0,,,1,0,0,
1341098201740940824,4 star holiday home in enskede-by traum,362193905,1469378437021724976,Felize,,Farsta,59.26829,18.08757,Entire home/apt,,1,0,,,1,365,0,
1341100020625859674,Acogedor y fresco departamento,477438296,1470151525860451101,Will,,Bromma,59.36391657957067,17.9504736377134,Entire home/apt,1798,2,2,2025-08-24,0.16,2,241,1,
1341458369205939690,Rymmlig villa i Bromma,61118545,1466752513902955701,Anders,,Bromma,59.352860969114516,17.90560115458318,Entire home/apt,2625,3,3,2026-04-06,0.26,1,200,3,
1341496622772516584,Room with a view,671584614,1463925906987756786,Kwesi,,Enskede-Årsta-Vantörs,59.26131170000001,18.0285611,Private room,,1,0,,,3,365,0,
1341903174913557107,Scandinavian Guest Room,138815498,1468377247242334936,Joel,,Södermalms,59.31852,18.03641,Private room,1021,2,8,2026-05-17,0.47,1,24,5,
1342272572364133344,Cayita's Deluxe room,675192780,1463929880360306491,Cayita,,Enskede-Årsta-Vantörs,59.2609119,18.0192549,Private room,809,3,8,2026-06-20,0.61,3,280,6,
1342399423981218364,Cozy Room-Close to Nature & City,499349525,1470246018745140319,Jamerson,,Skärholmens,59.29800860476146,17.938662437106977,Private room,,1,3,2026-05-01,0.29,1,8,3,
1342859669421996255,30-tals dröm i Enskede,189578733,1468983162045202332,Lovisa,,Enskede-Årsta-Vantörs,59.28511,18.0547,Entire home/apt,,4,4,2025-08-03,0.33,1,0,4,
1343335434678029235,Radhus i Stockholm (hela huset),675460988,1470690877765264268,Greger,,Farsta,59.26406876663277,18.09501244752777,Entire home/apt,2206,3,3,2025-08-12,0.24,1,297,2,
1343970459255945407,Spacious studio in trendy Vasastan,16683151,1462598836591245231,Olof,,Norrmalms,59.33846,18.03183,Entire home/apt,2012,1,126,2026-06-26,7.43,8,231,80,
1344171239145069418,Boende i Sköndal,239330157,1469273156258652469,Erik,,Farsta,59.2569129,18.1017666,Entire home/apt,,2,1,2025-07-14,0.08,1,0,1,
1344214322991480102,Rosa villan,33810535,1465494287330340153,Thomas,,Enskede-Årsta-Vantörs,59.28639,18.06658,Entire home/apt,4908,2,10,2026-05-18,0.65,1,133,7,
1345103708657137992,Lägenhet på Östermalm,561894280,1470508600932090638,Anna,,Östermalms,59.34217440560902,18.081914461052232,Entire home/apt,1938,2,8,2025-08-30,0.49,1,76,2,
1345471846825951014,Cosy room with a view of nature,34503018,1462665536600731047,Tania,,Älvsjö,59.286418790210085,18.00568260336521,Private room,518,4,0,,,6,126,0,
1345598763320695117,Stor villa i Bromma med pool!,312009898,1469585450778730877,Tobias,,Bromma,59.35476,17.91577,Entire home/apt,7209,6,3,2026-06-21,0.24,1,318,2,
1345732115020064612,Cayita’s room,675192780,1463929880360306491,Cayita,,Enskede-Årsta-Vantörs,59.26011738520741,18.01830248144759,Private room,727,3,5,2026-05-31,0.36,3,294,4,
1347173111439992467,Charming apartment in Vasastan,135088051,1468346719059152697,Adis,,Norrmalms,59.35032589999999,18.0569822,Entire home/apt,,3,13,2025-06-26,0.80,1,0,0,
1347465293695271383,Lovely flat in central Stockholm,676496839,1470693045021048831,Jelisaveta,,Östermalms,59.33650057536418,18.077999066052516,Entire home/apt,1626,4,1,2025-07-12,0.08,1,180,1,
1347837693190214273,Rymligt nära stad och natur!,17858556,1463030572931773120,Louise,,Södermalms,59.30981069824446,18.10427751392126,Entire home/apt,2796,2,10,2026-05-10,0.68,1,68,7,
1348645962650958449,Room for rent in Farsta centrum (only women),593704704,1470621271378759415,Farah,,Farsta,59.23931007982776,18.099262365484368,Private room,343,1,0,,,1,364,0,
1348977334308903287,"Stockholm, Tiny house close to Älvsjömässan",7136111,1462724335875645278,Susanne,,Älvsjö,59.276541,17.9872676,Entire home/apt,1001,3,0,,,3,320,0,
1349184818851001001,Double Studio with Balcony,370101820,1469748263780138788,Forenom,,Norrmalms,59.336884125430075,18.06556560701756,Private room,1841,1,3,2026-01-01,0.35,7,231,3,
1351423753618865160,One bedroom apartment close to Norrmälarstrand,535802771,1470404191012367337,Lukas,,Kungsholmens,59.32901279999999,18.0425176,Entire home/apt,2357,2,77,2026-06-25,4.63,52,292,63,
1352089071523023012,Mysig villa i Bromma med hög standard,450474203,1470028495235250843,Caroline,,Bromma,59.32988849999999,17.9453266,Entire home/apt,4222,4,2,2025-08-08,0.17,1,105,2,
1352846800749523284,Fullt utrustad lägenhet med bastu,114925835,1468182346020693253,Maarten,,Älvsjö,59.27515,17.98905,Entire home/apt,1400,1,19,2026-07-01,1.22,1,87,14,
1353499001773272438,Cozy Central Apartment – 5 Min Walk to Metro,678023238,1470696260626062133,Najwa,,Södermalms,59.30810201894753,18.061667621096724,Entire home/apt,1156,1,43,2026-05-26,2.61,1,15,27,
1353526816122447328,Radhus 30min utanför city,196311404,1469023468753794581,Sandra Liv Elin,,Hässelby-Vällingby,59.37762,17.85208,Entire home/apt,,3,3,2025-08-26,0.22,1,0,2,
1353720999343064635,Perfekt för en person!,2532825,1462597682176694987,Malgorzata,,Farsta,59.25701,18.11751,Private room,359,7,6,2025-10-01,0.38,1,179,2,
1355613422774123895,Vid Mälaren mitt i stan ( endast kvinnlig gäst),6435020,1462545559185194083,Catharina,,Hägersten-Liljeholmens,59.31663612647978,18.01454856991768,Private room,929,1,18,2026-06-25,1.25,1,34,14,
1356441324632358289,City View Bliss,271346174,1463352607514495320,StayPlus,,Södermalms,59.313837111667155,18.078147247251497,Entire home/apt,2809,1,21,2026-05-25,1.41,50,355,13,
1356482715155866908,Minimalistic 1 bed Apt.,10027699,1462829801873765574,Emanuel,,Östermalms,59.332252140763835,18.086423324429365,Entire home/apt,2168,1,24,2026-06-14,1.76,1,330,18,
1356567666959818218,Fräck etagetakvåning 18/2 t 18/3,678824218,1470698054273536693,Tom Richard,,Enskede-Årsta-Vantörs,59.25215280307798,18.03234593871406,Entire home/apt,383,28,0,,,1,365,0,
1356690009785308649,Heart of Stockholm.,261813636,1469384224982838437,Isabelle,,Södermalms,59.31911,18.07023,Private room,1199,2,2,2026-03-07,0.28,1,55,2,
1356709881486328383,Central nyrenoverad lägenhet I Sofo,430771792,1469950765753152412,Annelie,,Södermalms,59.313299029146926,18.08850800313294,Entire home/apt,3139,1,33,2026-06-14,2.36,1,308,25,
1358063803921605517,Beautiful Apartment in old city,98254434,1467182305986190170,Robert O Yasmin,,Södermalms,59.3247,18.07534,Entire home/apt,2800,2,53,2026-06-10,3.30,4,309,43,
1358101044776931565,Unik Vinslägenhet i Sofo,1437347,1462545783679085265,Cecilia,,Södermalms,59.31241,18.07653,Entire home/apt,3024,1,11,2026-05-20,0.79,1,313,8,
1358544167217381561,18th Century Charm,128956589,1468293970730748164,Karin,,Södermalms,59.31641,18.06558,Private room,651,28,3,2026-06-21,0.37,1,290,3,
1358620547723512066,Exclusive 3-bedroom apartment in Östermalm!,390614369,1469808125298954547,Bella,,Östermalms,59.33594,18.08201,Entire home/apt,5114,2,76,2026-06-23,4.67,16,301,58,
1359397823525531365,Wonderful 1 Bedroom APT on famous Rörstrandsgatan,535802771,1470404191012367337,Lukas,,Norrmalms,59.34071,18.02598,Entire home/apt,2044,2,54,2026-06-25,3.34,52,306,44,
1359573189190351993,Basement apartment,39893283,1465595482550263438,Rickard,,Bromma,59.35347,17.90342,Entire home/apt,1227,2,5,2026-05-31,0.40,1,156,4,
1359581133346152506,Eclectic studio apartment,25835206,1465351133146128656,Ingrid,,Norrmalms,59.34941,18.04681,Entire home/apt,,3,0,,,1,354,0,
1359911504730463670,Dalens Guldkorn,6468518,1462707189149807267,Martin,,Enskede-Årsta-Vantörs,59.285199172878485,18.09499071724627,Private room,662,1,25,2026-05-13,1.61,1,18,17,
1360786279153865547,Cozy space 20 min from central,50844255,1462717785841217023,Deniece,,Hässelby-Vällingby,59.3547620362237,17.87569104695127,Entire home/apt,936,1,1,2026-05-05,0.53,1,338,1,
1360933806607269560,Fräsch lägenhet med radhuskänsla,58323182,1466699040830462128,Johanna,,Enskede-Årsta-Vantörs,59.28754,18.09374,Entire home/apt,3424,1,2,2025-08-01,0.13,1,3,1,
1361068382673892593,"Stockholm, Sätra",360054048,1469721801579109851,Nayef,,Skärholmens,59.2864292,17.9193176,Entire home/apt,,30,8,2025-05-24,0.51,1,0,0,
1362981860044136702,Vindsétage med takterass mitt i stan,536901428,1470408616040245602,Cornelia,,Norrmalms,59.34033017944955,18.06402161534423,Entire home/apt,2876,4,3,2026-06-07,0.26,1,117,3,
1363046619016982056,Lägenhet nära Älvsjömässan!,461459960,1470078577551854314,Stephanie,,Enskede-Årsta-Vantörs,59.27755,18.03413,Entire home/apt,,3,0,,,1,0,0,
1363217084974362267,Cosy apartment i Hornstull/Söder,87063852,1467047449568419744,Elin,,Södermalms,59.3185,18.02804,Entire home/apt,,2,4,2025-05-17,0.25,1,0,0,
1363602180501968797,Cool studio centralt,2353318,1462592821799243527,La Marika,,Östermalms,59.347919286576165,18.106284974533075,Entire home/apt,1661,1,0,,,4,29,0,
1363635329530583496,Stay Inn Studio Apartment on Sveavägen,549905955,1470459465974849876,Stay Inn Apartments,,Norrmalms,59.34382357142561,18.055982332972356,Entire home/apt,1715,2,18,2026-06-22,1.17,28,291,9,
1364387700194741897,Mysig lägenhet centralt på Södermalm (Sofo),29365046,1465432440403097954,Lydia,,Södermalms,59.3146726,18.0786193,Entire home/apt,,3,2,2025-05-05,0.14,1,0,0,
1365014249178406845,Charming Artistic Hideaway STHLM,14565000,1462941600270943326,Emilia,,Kungsholmens,59.3372315,18.0242374,Entire home/apt,1483,1,13,2026-06-28,0.93,1,28,7,
1365405020864280367,Familjevänlig villa med trädgård,681211590,1470702954483304854,Evelina,,Bromma,59.3502546,17.8923491,Entire home/apt,2881,5,4,2025-08-10,0.33,1,190,4,
1366503665123314833,Room in central appartement,36621044,1462672605981597440,Sidi,,Norrmalms,59.33545192936935,18.072924837470055,Private room,2089,1,20,2026-06-30,1.48,2,344,16,
1367278805867211259,Modern cosy city apartment,29216177,1465430513464761050,Mc,,Bromma,59.3392256,17.9634986,Entire home/apt,2494,2,2,2025-08-23,0.16,3,349,2,
1367381073347013026,Sommaridyll med närhet till city,541298131,1470425701285725042,Agata,,Skarpnäcks,59.2754903,18.1165262,Entire home/apt,,5,3,2025-08-03,0.25,1,10,3,
1367439511062075361,Casa Oden,35374294,1462668490153786179,Bodil,,Norrmalms,59.34411,18.05661,Private room,931,1,115,2026-06-29,8.16,1,145,94,
1367926239783164647,Mysig 2a i hjärtat av Södermalm (Slussen/Götgatan),527291715,1470370999804775259,Rafi,,Södermalms,59.318854394261464,18.07130874327835,Entire home/apt,1411,1,2,2026-01-04,0.33,1,186,2,
1368244494303925439,"Vackert, ljust och rymligt hus för 8 personer",467040193,1470105604651839490,Katrin,,Älvsjö,59.28308329761119,18.025025173359527,Entire home/apt,2289,2,71,2026-06-14,4.58,1,163,53,
1368570952929451374,Scandinavian Living in Summer,458067081,1463750597026635502,Rahwa,,Farsta,59.24093299249903,18.127115853130817,Entire home/apt,2739,7,0,,,2,238,0,
1368810069696814965,"Mysig etta i Lärkstan, Östermalm",529212816,1470378410895568493,AnaMaria,,Östermalms,59.3457498,18.0688474,Entire home/apt,2046,3,24,2026-03-01,1.55,2,72,13,
1370157508859093857,City Center Apartment,682505167,1470705340318565110,Ronak,,Kungsholmens,59.3319552,18.0494077,Entire home/apt,1998,2,0,,,1,84,0,
1370937036411864796,Prince Van Orangiën,682714620,1470705827797838393,Prince Van Orangiën,,Östermalms,59.321766659620565,18.10169475767211,Private room,9520,1,0,,,1,365,0,
1370983233256388098,Cozy 2 room apartment.,298756102,1469535922968032733,Sergio,,Enskede-Årsta-Vantörs,59.26898287461089,18.054535928767216,Entire home/apt,679,2,3,2026-03-09,0.32,1,313,3,
1371069785025136802,Spacious studio with private entrance,114689212,1468180814556157794,Helene,,Hässelby-Vällingby,59.36566755481171,17.822144329547882,Private room,1107,1,5,2026-06-24,5,1,224,5,
1371088321938179825,Radhus i Beckomberga,570041476,1470533442639330242,Nina,,Bromma,59.3565391,17.9056004,Entire home/apt,1427,2,6,2025-11-01,0.51,1,37,6,
1372521673257921074,Exklusiv våning i city – plats för många,588444290,1470608622342426097,Noblet,,Norrmalms,59.3502254,18.0564858,Entire home/apt,6442,1,51,2026-06-14,3.29,2,122,36,
1373051884109806814,Large 2BR in Central Gamla Stan,220860397,1469166418597195468,Sofia,,Södermalms,59.325059870093206,18.07332875767214,Entire home/apt,4316,1,18,2026-06-01,1.18,21,56,13,
1373062514397893311,"House near nature, lake and city",442261950,1469995549225858919,Marléne,,Farsta,59.24579151381174,18.0772764292553,Entire home/apt,1769,4,2,2025-08-10,0.18,1,225,2,
1375249065167119477,Large High-Quality Stylish Stockholm Apartment,220860397,1469166418597195468,Sofia,,Norrmalms,59.3399073921577,18.057467921432824,Entire home/apt,5195,1,26,2026-06-13,1.79,21,127,20,
1375429213949403999,Cozy apartment South Stockholm,271218988,1469432197455058911,Flavio,,Enskede-Årsta-Vantörs,59.28745,18.08947,Entire home/apt,,4,4,2026-05-04,0.26,1,0,3,
1375489259716561420,Hemtrevligt i Bromma Kyrka,15974750,1462975159622577988,Johannes,,Bromma,59.35240659725204,17.921011622456703,Entire home/apt,4907,5,0,,,1,245,0,
1375945163177775213,Stunning Old Town 2 room: Ulrika,8547277,1462770124768695248,Tom,,Södermalms,59.3249574,18.0742926,Entire home/apt,3765,2,28,2026-05-22,1.81,9,259,19,
1375990914046541076,Designer Old Town 2 room: Henrik,8547277,1462770124768695248,Tom,,Södermalms,59.3249574,18.0742926,Entire home/apt,3253,2,36,2026-05-29,2.39,9,237,29,
1376268430010668270,Luxurious 4 bedroom apartment,6589804,1462710279454972651,Husein,,Norrmalms,59.349332939558586,18.049987350313266,Entire home/apt,4288,5,4,2026-04-06,0.36,1,76,4,
1376802837054817195,Clean & Calm City Sanctuary,576441879,1470574967676153403,Ashenafi,,Rinkeby-Tensta,59.4123809,17.9290563,Entire home/apt,1826,2,1,2025-07-29,0.09,1,252,1,
1377312840243099366,Private 10 Bed Room With Bathroom,558380658,1470497296974140369,Hostel Nomad,,Östermalms,59.34276,18.11093,Private room,2880,1,7,2026-05-30,0.55,10,341,6,
1377388898908362037,Familjevänlig etagelägenhet i hjärtat av Södermalm,101783331,1467221413044427779,Simon & Elin,,Södermalms,59.312533776755586,18.062628455017087,Entire home/apt,5934,3,3,2025-07-21,0.25,1,197,3,
1377422135434921620,Gorgeous Old Town Family apt,8547277,1462770124768695248,Tom,,Södermalms,59.3249574,18.0742926,Entire home/apt,7230,3,22,2026-06-16,1.50,9,253,20,
1378024362172736037,Sekelskiftesfyra vid Mariatorget,56559259,1465925330152168984,Ida & Martin,,Södermalms,59.3194622864788,18.062446856622326,Entire home/apt,,5,6,2026-05-16,0.53,1,5,6,
1378053974581791782,Trerumslägenhet i Stureby – 10 min till city!,458455224,1463751511737543805,Markus,,Enskede-Årsta-Vantörs,59.27684,18.04839,Entire home/apt,913,1,12,2025-07-20,0.79,1,85,2,
1378816899582864299,Stay Inn: Cozy & Spacious apartment in SoFo,549905955,1470459465974849876,Stay Inn Apartments,,Södermalms,59.31449004055529,18.08333699929786,Entire home/apt,2341,2,32,2026-06-05,2.17,28,80,27,
1378823633747131558,Stay Inn: Colourful & Cozy Apartment in SoFo,549905955,1470459465974849876,Stay Inn Apartments,,Södermalms,59.31407,18.08333,Entire home/apt,2268,2,6,2026-03-15,0.50,28,80,6,
1379566039226537335,Fresh studio w/ balcony on Södermalm,51002540,1465791127373831762,Fredrik,,Södermalms,59.315,18.08968,Entire home/apt,2016,1,77,2026-06-25,5.05,20,313,62,
1379580862679534117,Family SoFo apartment,12906844,1462898359798671861,Axel,,Södermalms,59.3144382,18.0797623,Entire home/apt,3474,1,20,2026-06-15,1.54,2,90,16,
1379619933565911725,Centralt belägen 4a med balkong,9448010,1462814379192555591,Paulo,,Östermalms,59.34742,18.10254,Entire home/apt,,5,2,2025-07-29,0.17,1,6,2,
1379684396190076777,Space efficient villa,677292161,1470694671703154695,Niklas,,Hässelby-Vällingby,59.39679755907664,17.813655372795978,Entire home/apt,1123,1,0,,,1,290,0,
1379705885711626125,Stay Inn: Cozy Studio in SoFo,549905955,1470459465974849876,Stay Inn Apartments,,Södermalms,59.3157722449747,18.083490084473834,Entire home/apt,2268,2,13,2025-10-27,0.86,28,84,12,
1379751610244362518,"Lägenhet på södermalm, uteplats",46858918,1465702503772556660,Tove,,Södermalms,59.312841647487836,18.099226406174793,Entire home/apt,2853,1,1,2025-08-11,0.09,1,276,1,
1379825556388868805,lovely studio apartment,424830501,1469926682766744127,Linn,,Skärholmens,59.296415377120276,17.93869710794169,Entire home/apt,,1,0,,,1,354,0,
1379927605513147618,"Fin 2-rummare i Bromma, nära solvalla.",255618321,1469350871333375492,Per,,Bromma,59.3649704,17.9456541,Entire home/apt,,1,1,2026-05-31,0.88,1,0,1,
1381659338878960822,"Studioapartment in Hasselby, Stockholm",682491675,1470244968415318555,Travelnest,,Hässelby-Vällingby,59.36947,17.84028,Entire home/apt,,1,2,2025-05-30,0.14,3,364,0,
1381659627060291145,"Apartment Telefonplan, Stockholm",682491675,1470244968415318555,Travelnest,,Bromma,59.32545,17.94208,Entire home/apt,,1,3,2025-08-27,0.15,3,364,1,
1381660529258975756,"Apartment in Kista, Stockholm",682491675,1470244968415318555,Travelnest,,Rinkeby-Tensta,59.40867825492252,17.926140466888047,Entire home/apt,,1,7,2026-03-02,0.21,3,364,1,
1381700729094803115,Hus i Tallkrogen,16270313,1462982682922845517,Tina,,Farsta,59.268506032933445,18.092594482004642,Entire home/apt,2549,3,6,2025-09-22,0.45,1,149,4,
1381701387268062112,"Arkitektritat attefallshus, 30m2",3029773,1462615376618977558,Gustav,,Älvsjö,59.2737,17.99033,Entire home/apt,2000,2,10,2025-09-03,0.65,1,267,5,
1381752397309495567,"Big house with lovely garden, close to the city.",30275043,1465445577419905811,Kerstin,,Farsta,59.26607970000001,18.0918817,Entire home/apt,3325,3,2,2025-12-26,0.15,1,22,1,
1381766494951679474,Guest House 1,685502442,1470711516694881708,Stockholm.Guest.House AB,,Spånga-Tensta,59.375725439871616,17.92392175644636,Entire home/apt,1398,1,21,2026-06-01,1.42,5,52,11,
1381943734864355408,"Room in Hagsätra, Stockholm",589718974,1470611310330353820,Mahbub,,Enskede-Årsta-Vantörs,59.26505853316018,18.018727777837515,Private room,485,1,8,2026-06-24,1.30,1,92,8,
1382356139359334092,Guest House 2,685502442,1470711516694881708,Stockholm.Guest.House AB,,Spånga-Tensta,59.37496239999999,17.9240382,Entire home/apt,1564,1,47,2026-06-14,3.23,5,40,41,
1383124512750280270,Villa med närhet till allt,102803278,1467233500987238018,Mia Ekman,,Hägersten-Liljeholmens,59.3010989,17.9757451,Entire home/apt,2429,2,5,2026-06-28,0.44,1,201,5,
1383312901963882336,Lägenhet i Hägersten-Aspudden,43855658,1465651404985108570,Josefin,,Hägersten-Liljeholmens,59.30473,17.98183,Entire home/apt,2055,1,4,2025-07-16,0.33,1,3,4,
1383494938586296614,Guest House 3,685502442,1470711516694881708,Stockholm.Guest.House AB,,Spånga-Tensta,59.37437615872604,17.923691757023335,Entire home/apt,1678,1,33,2026-05-25,2.34,5,61,25,
1383893071611887493,The house close to the city,319939201,1469606027603061290,Per,,Skarpnäcks,59.271998079652,18.13411971904909,Entire home/apt,2397,3,1,2025-08-08,0.09,1,130,1,
1383952270855275777,Guest House 4,685502442,1470711516694881708,Stockholm.Guest.House AB,,Spånga-Tensta,59.37496239999999,17.9240382,Entire home/apt,1005,1,28,2026-06-13,1.98,5,68,20,
1383965091201559089,Guest House 5,685502442,1470711516694881708,Stockholm.Guest.House AB,,Spånga-Tensta,59.37496239999999,17.9240382,Entire home/apt,886,2,55,2026-06-20,3.66,5,31,38,
1384182138623123020,Lugnt och avslappnat boende,684428705,1470709228851839015,Elias Sebastian,,Enskede-Årsta-Vantörs,59.2710556150439,18.05327570872055,Entire home/apt,1028,1,1,2025-08-10,0.09,1,49,1,
1385364462012202086,Beautiful 1-Bed Apartment in Stockholm,684938988,1470710265575762864,Travelnest,,Södermalms,59.31599,18.08823,Entire home/apt,,1,0,,,1,358,0,
1385546211629084014,"Private Entrance Apartment, Great Connections",324219724,1469616186665127633,Samir,,Bromma,59.3588749,17.9465557,Entire home/apt,1101,2,2,2026-06-26,2,1,13,2,
1386169722369289776,New modern Södermalm apartment,271346174,1463352607514495320,StayPlus,,Södermalms,59.31907886753952,18.06663078012682,Entire home/apt,2904,1,19,2026-05-21,1.27,50,241,12,
1386189886695236181,Centralt och modernt,69917850,1466865358112234244,Fredrik,,Älvsjö,59.28047650000001,18.0012306,Entire home/apt,,2,10,2026-06-13,0.76,1,0,9,
1386216000253699575,Charming top floor apartment in Stockholm,476635035,1470148365214731883,Bella,,Östermalms,59.34242,18.06783,Entire home/apt,3472,2,52,2026-06-23,3.60,11,300,44,
1386401877005287497,Top-floor flat w/ 2 balconies in upscale area,51002540,1465791127373831762,Fredrik,,Östermalms,59.34788,18.09479,Entire home/apt,2921,1,60,2026-06-29,4.95,20,322,60,
1386789899670388412,Newly Furnished Södermalm apartment,271346174,1463352607514495320,StayPlus,,Södermalms,59.319021586606006,18.06626300367688,Entire home/apt,1716,1,22,2026-05-01,1.48,50,206,15,
1388479109257889739,Motorbåt med väldigt stark ljudanläggning,355293462,1469709626517596237,Uthyres EU,,Bromma,59.34022170000001,17.9745304,Entire home/apt,5800,3,0,,,1,365,0,
1388512887566273740,Motorbåt och möjlighet att hyra två stugor,1189021,1462516461498253826,Rental Home SE,,Bromma,59.34022170000001,17.9745304,Entire home/apt,3910,3,0,,,1,365,0,
1389029122979173069,Vindsvåning i Älvsjö,686309660,1470713142169451308,Carin Helena,,Enskede-Årsta-Vantörs,59.27578,18.02311,Private room,913,1,8,2026-06-14,0.58,1,351,4,
1389146364573947355,The quiet place,72239344,1466892454280597886,Richard,,Södermalms,59.31380911251709,18.068877455784865,Private room,666,1,28,2026-05-24,2.02,1,97,22,
1389598420170836389,Villa Mälarhöjden,228730778,1469218632136142440,Sander,,Hägersten-Liljeholmens,59.2984551730217,17.95207794561112,Entire home/apt,4184,3,3,2026-06-14,0.25,1,358,3,
1389835246445621972,Entire house - big & familyfriendly,558357461,1470497172460700924,Anna,,Enskede-Årsta-Vantörs,59.270962724486736,18.060019454422363,Entire home/apt,4793,3,1,2026-06-14,1,1,178,1,
1389952459777422394,Modern lägenhet i Sjöstaden,3790783,1462639538257511297,Erik,,Södermalms,59.3031903,18.0891822,Entire home/apt,,21,0,,,1,0,0,
1390615727953204488,Familjevänligt hus med egen trädgård.,17867190,1463030817247938344,Daniel,,Enskede-Årsta-Vantörs,59.2800476,18.0469213,Entire home/apt,,1,0,,,1,0,0,
1391126130228032494,Cozy Apartment in Kista Galleria,553557044,1463877567657126207,Kinza,,Rinkeby-Tensta,59.40492271966894,17.94544813608382,Entire home/apt,,4,0,,,1,54,0,
1391195393239831076,Stor villa för upp till 12 personer,687910244,1470716571489521857,Jonatan,,Skärholmens,59.27094992738777,17.894965934741535,Entire home/apt,2694,14,0,,,1,363,0,
1391802412900433096,Homey apartment in Old town close to the castle,687950500,1470716669164713241,Thomas,,Södermalms,59.32582,18.07287,Entire home/apt,3458,2,52,2026-06-13,4.06,4,310,48,
1391804508847362823,Beautiful topfloor APT in Old Town close to castle,687950500,1470716669164713241,Thomas,,Södermalms,59.32404,18.07318,Entire home/apt,8625,2,5,2025-10-28,0.46,4,18,5,
1391805360992202025,"Stylish home in Old town, close to the castle",687950500,1470716669164713241,Thomas,,Södermalms,59.32397,18.07497,Entire home/apt,4700,2,46,2026-05-31,3.40,4,318,42,
1391805812814625835,Renoverad 3a i Årsta,688072588,1470716909351130929,Stefan,,Enskede-Årsta-Vantörs,59.29412,18.05348,Entire home/apt,2803,1,95,2026-06-28,6.51,1,76,79,
1391956159813353411,Unique apartment in Gamla stan close to the castle,687950500,1470716669164713241,Thomas,,Södermalms,59.32503,18.07314,Entire home/apt,7005,2,56,2026-06-20,4.65,4,267,56,
1392628787128281704,Appartement Cosy proche centre,58902353,1466707776041610548,Marin,,Skarpnäcks,59.29390168885573,18.10312613747417,Entire home/apt,1027,5,8,2026-06-14,0.70,1,66,8,
1392692528824168688,Nyproducerad etagelägenhet med rymlig balkong,56299863,1465921776622243013,Lovisa,,Skarpnäcks,59.28334194251375,18.100828171966555,Entire home/apt,1006,1,0,,,1,89,0,
1393370569594318639,Elegant studio in Skarholmen,529008691,1470377693512206133,Mohammed,,Skärholmens,59.27328,17.88724,Entire home/apt,1484,1,3,2026-01-01,0.29,1,354,3,
1393437409964937148,Modern naturnära familjelägenhet,83949225,1467015276043325414,Sofia,,Skarpnäcks,59.28257,18.11526,Entire home/apt,,4,4,2025-08-01,0.32,1,0,3,
1393625043663213505,"Classic, red townhouse in Suburb",15510940,1462964072029106532,Tomas,,Skarpnäcks,59.26615,18.14141,Entire home/apt,1103,3,7,2026-06-24,0.60,3,85,7,
1394045919325677204,A modern & central flat in town,1122909,1462537544089991871,Sandra,,Kungsholmens,59.34047852450953,18.012002292440453,Entire home/apt,,3,11,2025-08-25,0.75,1,0,5,
1394668540039043744,Topprenoverad villa med terass,45227221,1462699447254509313,Stellan,,Älvsjö,59.28383687486524,17.993064278677323,Entire home/apt,3424,1,3,2026-05-31,0.27,1,95,3,
1394686574987464735,Villa Stureby,688811639,1470718520165780719,Anna,,Enskede-Årsta-Vantörs,59.27575,18.06029,Entire home/apt,5958,2,10,2026-06-22,1.42,1,317,10,
1395424815527602078,Nymålat rum uthyres,191944700,1468997704713398360,Elisabeth,,Enskede-Årsta-Vantörs,59.26563449999999,18.0471457,Private room,,1,0,,,2,362,0,
1395465171485825786,Nymålat möblerat rum uthyres,191944700,1468997704713398360,Elisabeth,,Enskede-Årsta-Vantörs,59.26563449999999,18.0471457,Private room,,1,0,,,2,365,0,
1396090432502534950,"Lyxig svit i Gamla Stan, högst upp",398698095,1469833020919036856,Elliot,,Södermalms,59.32537,18.07355,Entire home/apt,2002,1,47,2026-06-23,3.28,5,347,34,
1396232247028399144,Mid century modern villa.,274933832,1469450385141623282,Jenny,,Hässelby-Vällingby,59.36759,17.89285,Entire home/apt,2568,4,0,,,1,126,0,
1396388652460286530,Private 4 Capsule Room,657768819,1470652383871025426,Armin,,Kungsholmens,59.32967171224354,18.047302680970198,Private room,1400,1,87,2026-06-26,5.88,8,353,65,
1397631046606121096,"Unik studio i Östermalm för 1  person , 32 kvm",199763846,1469041504972012614,Malin,,Norrmalms,59.34825,18.06069,Entire home/apt,,60,2,2025-08-07,0.17,1,0,2,
1397670159548176896,Mysig lägenhet med bra läge i Bromma,11788087,1462873084323686952,Elin,,Bromma,59.35622754474393,17.896731197834015,Entire home/apt,1273,3,4,2026-05-24,0.31,1,39,3,
1397747266685132596,Studiolägenhet med pentry,4369749,1462655091179119459,Elisabeth,,Bromma,59.322065036471784,17.959884479641914,Entire home/apt,,3,23,2026-06-29,1.69,1,0,19,
1397785753517549730,En mysig 2:a nära till allt.,686291441,1470713017925622848,Elisabeth,,Hägersten-Liljeholmens,59.30653,18.02818,Entire home/apt,2055,1,29,2026-06-14,2.11,1,32,24,
1397799152050965185,Cozy loft in Stockholm’s center,167255054,1468619670164194183,Kentaro,,Norrmalms,59.342749437862615,18.047955022785267,Entire home/apt,840,25,0,,,1,78,0,
1399015865042950484,Stor lägenhet mitt på Södermalm,16620071,1462991036675792193,Ola,,Södermalms,59.31081,18.05997,Entire home/apt,3938,2,5,2025-06-28,0.37,1,8,0,
1399173304232658474,"Villa nära stad, natur och bad",689948162,1470720993633039809,Therése,,Bromma,59.34377,17.90502,Entire home/apt,,5,0,,,1,0,0,
1400101762695021092,"Källarlägenhet, nära tunnelbanan",40244362,1465600128412864512,David,,Bromma,59.33639,17.96805,Entire home/apt,,3,12,2025-07-21,0.85,1,0,1,
1400664643347854235,Cozy apartment in Södermalm,44657061,1465662871302320132,Rebecka,,Södermalms,59.31607,18.06691,Entire home/apt,,3,8,2026-03-15,0.57,1,0,4,
1400739309959447869,Cozy apartment in Hägersten,482978058,1463807935202428938,Sonia,,Hägersten-Liljeholmens,59.29432,17.9826,Entire home/apt,1160,1,12,2026-04-16,0.85,1,129,9,
1401238223908243876,Wonderful view in vibrant Södermalm,27333290,1465403491035283697,Annastina,,Södermalms,59.31245214509345,18.08191120357848,Entire home/apt,2454,1,41,2026-06-25,3.44,1,156,41,
1401270448646975627,Familjevilla vid Ängby Slott med gym&erfaren värd,80250805,1466978520719587816,Elina,,Bromma,59.3486,17.90225,Entire home/apt,2891,3,1,2025-08-06,0.09,1,14,1,
1401330691071511724,Family Home in Älvsjö/Herrängen with sauna,449485698,1470024245904556439,Hanna,,Älvsjö,59.27823,17.96968,Entire home/apt,,2,6,2025-09-07,0.45,1,0,3,
1401856184086775597,Bromma/Ålsten topplägenhet,26430972,1465366674830539499,Carolina,,Bromma,59.322272,17.95552,Entire home/apt,1370,1,2,2025-05-25,0.15,1,1,0,
1402946299001617013,10 minuter från city,525994815,1470365750251767049,Moa,,Hägersten-Liljeholmens,59.292314450117345,17.966742861976787,Private room,771,1,8,2026-06-14,0.60,1,78,7,
1402955093956035715,Fantastisk lägenhet på Östermalm,678260601,1470696840341901523,Malin,,Norrmalms,59.34678482146825,18.061593484655756,Entire home/apt,1415,7,0,,,2,310,0,
1402991425784229784,Modern and spacious villa,401506910,1469841987262813551,Helena,,Spånga-Tensta,59.36669,17.89364,Entire home/apt,2442,5,1,2025-08-10,0.09,1,332,1,
1403046609724064076,Villa i Norra Ängby/Bromma,54388837,1465886003418215168,Kristian,,Bromma,59.353229832924164,17.89187204092741,Entire home/apt,3310,1,2,2025-08-11,0.15,1,181,1,
1403087084608695837,Room in central Stockholm,312504811,1469586883266272641,Odet,,Enskede-Årsta-Vantörs,59.25879690000001,18.0288157,Private room,649,1,0,,,1,365,0,
1403091592899424103,Unique apartment with Private Terrace & Entrance,27851968,1465411008333088288,Daniel,,Skarpnäcks,59.29853,18.08751,Entire home/apt,3419,1,9,2025-11-18,0.71,3,273,7,
1403643656802876389,Bright 2 room corner apartment w/ balcony,79629622,1466972557032665481,Fatina,,Bromma,59.336534639868916,17.98823643475771,Entire home/apt,,5,5,2025-06-27,0.37,2,0,0,
1404123832803504231,1600s apartment in the Old Town,545767345,1470443042869373612,Mathias,,Södermalms,59.324179692439714,18.067157205300546,Entire home/apt,1712,4,2,2025-08-03,0.17,1,64,2,
1404153969474752669,Studiolägenhet med stor takterrass & balkong,230183458,1469227104819446280,Tobias,,Hägersten-Liljeholmens,59.299689242788695,18.010349729164272,Entire home/apt,2573,3,38,2026-06-20,2.75,1,31,34,
1404977264761794139,Super relaxing studio,271346174,1463352607514495320,StayPlus,,Hägersten-Liljeholmens,59.29967727029938,17.99596788756799,Entire home/apt,1231,1,26,2026-06-26,1.89,50,359,21,
1405151303459332675,Family Friendly and Bright 3-Bedroom in Sthlm,104334164,1467254195403243771,Emma And Stefan,,Hägersten-Liljeholmens,59.308333864762396,18.021690286695957,Entire home/apt,2054,1,2,2025-08-04,0.17,1,8,2,
1405189627086249277,Cozy apartment near city,78316495,1466959296230154370,Lisa,,Östermalms,59.355473919642186,18.096261101773095,Entire home/apt,3591,1,0,,,1,357,0,
1405616033995637361,Spacious 1 bedroom apartment,350560461,1469698446598506402,Natascha,,Bromma,59.35051,17.87712,Entire home/apt,,2,2,2025-08-20,0.17,1,0,2,
1405616409458397019,fresh fantastic furnished room,231282398,1469233314218386460,Negar,,Spånga-Tensta,59.393,17.90008,Private room,452,1,5,2026-01-01,0.36,2,336,3,
1405630877601228303,Citysviten - med eget spa!,691594911,1470724495589126645,Henrik,,Kungsholmens,59.33606,18.03125,Entire home/apt,2283,3,0,,,1,39,0,
1405634613278426640,"Cousy, clean and comfortable",231282398,1469233314218386460,Negar,,Spånga-Tensta,59.391805,17.9006733,Private room,800,1,2,2025-08-24,0.19,2,351,2,
1406433869392509514,Lovely studio in heart of SoFo,271346174,1463352607514495320,StayPlus,,Södermalms,59.30877,18.09065,Entire home/apt,3153,1,13,2026-06-16,0.94,50,354,10,
1406444644869523728,Beautiful & spacious apartment,271346174,1463352607514495320,StayPlus,,Södermalms,59.31246,18.07782,Entire home/apt,1743,1,11,2026-06-04,0.80,50,309,8,
1406682191972514360,Villa i Bromma,133088915,1462946616786887273,Fanny,,Bromma,59.32086,17.9679,Entire home/apt,6932,2,2,2025-08-25,0.19,1,347,2,
1407129015478667553,Vasastan,25748017,1465349847251543305,Anders,,Norrmalms,59.33982745243081,18.051109737734915,Entire home/apt,2201,1,0,,,1,189,0,
1407159586504484684,Well-planned 2 BDR APT in Kungsholmen,535802771,1470404191012367337,Lukas,,Kungsholmens,59.32939,18.03712,Entire home/apt,3464,2,53,2026-06-25,3.83,52,293,46,
1407207803887098081,Newly Renovated Gem in Gärdet,37746830,1465564967454435966,Mosse,,Östermalms,59.3486917,18.0977864,Entire home/apt,,3,5,2025-08-14,0.41,1,0,5,
1407916498472273470,2 våningar designer lägenhet,462161479,1470082166388825094,Cemile,,Norrmalms,59.347149169114914,18.038383530827716,Entire home/apt,,2,19,2026-05-31,1.45,1,0,15,
1409937731164158158,Triple Room in Stockholm,116044429,1468190773657911864,Guven,,Norrmalms,59.3375837,18.0531161,Private room,,1,2,2026-01-20,0.20,10,0,2,
1410230637955264933,Fridhemsplan - next to Metro,83893756,1462834525961455883,The King’s Islet,,Kungsholmens,59.33062,18.02314,Entire home/apt,1161,1,0,,,1,89,0,
1410244483771945001,Etagelägenhet med vacker trädgård,137962275,1468370426350922414,Lina,,Enskede-Årsta-Vantörs,59.2865684,18.0904462,Entire home/apt,3424,4,1,2025-08-11,0.09,1,177,1,
1410247051807326474,Stockholm mysigt lägenhet,692741634,1470726738950119363,Bogdan,,Kungsholmens,59.327417660692646,18.043032623827457,Entire home/apt,3310,1,44,2026-06-14,3.34,1,309,41,
1410859792992680263,Charmig studio lägenhet,48178785,1465727962689949748,Martyna,,Södermalms,59.3193,18.03764,Entire home/apt,1655,2,8,2026-06-23,0.60,1,8,6,
1411577970031824017,Två balkonger och nära till allt,689800904,1470720712900851952,Hannah,,Norrmalms,59.34892104636663,18.059833645820618,Entire home/apt,,2,4,2025-07-28,0.30,1,0,2,
1411708654386721165,Modern townhouse with 2 floors,2170569,1462588182492999042,Viktor,,Skarpnäcks,59.286,18.10156,Entire home/apt,2368,5,0,,,1,60,0,
1412440669070406281,Villa i Tallkrogen,15716229,1462968953761250120,Elin,,Farsta,59.267441461267424,18.090649033710278,Entire home/apt,2001,5,0,,,1,161,0,
1413760260792211508,"Eget mysigt rum i bästa läge, for solo travelers",23043504,1465267832155043151,Cornelia,,Kungsholmens,59.338216960081496,18.00603877767839,Private room,1142,1,7,2025-08-31,0.53,2,12,2,
1413788100556868464,Historic 120m2 Flat w/ Own Patio & Grand Ceilings,31453867,1465462402142566627,Markus,,Norrmalms,59.34559,18.04249,Entire home/apt,2568,8,2,2026-01-02,0.18,1,238,2,
1413806936684915717,Mysig etta nära vatten,682306339,1470704961994690748,Vaja,,Kungsholmens,59.3399082,18.007088,Entire home/apt,1701,1,1,2026-06-06,1,1,289,1,
1413815875900589045,Familjevänlig trädgårdslägenhet med bastu,194931700,1469015790304360024,Jonas,,Bromma,59.3182815,17.9655807,Entire home/apt,1631,4,26,2026-06-28,1.97,1,116,22,
1413858138596220088,"Apartment in So-fo/Södermalm, popular location",27419464,1462640945962382124,Jesper,,Södermalms,59.31365,18.07592,Entire home/apt,1850,1,71,2026-06-24,6.57,4,128,71,
1413918205930443714,Ett rum i Telefonplan,129127241,1468295450128438945,Shahla,,Hägersten-Liljeholmens,59.29805626269741,18.000039867080144,Private room,434,1,22,2026-06-15,1.64,1,220,20,
1414311398443390383,Peacful & cozy living studio,271346174,1463352607514495320,StayPlus,,Hägersten-Liljeholmens,59.29924,17.99796,Entire home/apt,1239,1,29,2026-06-28,2.10,50,343,20,
1414356707816759370,Eden,509987862,1470292955498381575,Maria,,Enskede-Årsta-Vantörs,59.290404215713664,18.08894868940115,Entire home/apt,1484,2,3,2026-05-31,0.40,1,11,3,
1414617058465634644,Stehans place,36972679,1465550659922973498,Stefan Radonjic,,Kungsholmens,59.330158246681926,18.037410127508533,Entire home/apt,,5,3,2025-08-16,0.26,1,11,3,
1415028865835824566,Bright 3-Bedroom with balcony,5233636,1462675959992909467,Sofia Maria,,Kungsholmens,59.32999652743359,18.040281562520356,Entire home/apt,3663,1,0,,,1,317,0,
1415107636922615382,Enkelrum med delat badrum på Dockside Hostel,401498232,1469841953985205593,Dockside Hostel,,Södermalms,59.32291676631247,18.074728183467105,Private room,965,1,32,2026-06-29,3.19,3,60,32,
1416010589092173626,Bright apartment in Södermalm,39170576,1657829174467022377,Emma,,Södermalms,59.31563,18.08785,Entire home/apt,,2,3,2026-05-17,0.23,1,0,1,
1416075610278817643,Amplio piso cerca del metro.,364397925,1469732668045807011,Magalys,,Hässelby-Vällingby,59.363713269902185,17.8459579112379,Entire home/apt,1042,1,25,2026-06-28,1.80,8,261,20,
1416437513837630770,Cozy townhouse with garden,1216065,1462539942061498116,Livia,,Enskede-Årsta-Vantörs,59.283769276789364,18.079827473016362,Entire home/apt,3167,2,4,2025-07-31,0.33,1,251,4,
1416822057480638231,Etagelägenhet med rum att hyra på Stora Essingen.,82821848,1467003956765356093,Camilla,,Kungsholmens,59.32185,17.99065,Private room,2614,1,1,2026-06-13,1,1,365,1,
1417129038759292017,Skarpnäckstuga,691408287,1470724045435198802,First Camp - City Stockholm,,Skarpnäcks,59.2487135326998,18.160791244574988,Entire home/apt,3899,1,3,2026-05-30,0.26,2,115,3,
1417173592846344080,Skarpnäckstuga Plus,691408287,1470724045435198802,First Camp - City Stockholm,,Skarpnäcks,59.24722,18.16114,Entire home/apt,3635,1,1,2026-04-19,0.41,2,114,1,
1417218982562992138,Mysig lägenhet!,480977959,1470166096104585654,Caroline,,Hägersten-Liljeholmens,59.29167029999999,17.9841689,Entire home/apt,1027,5,1,2026-05-06,0.54,1,304,1,
1417341184215729738,Mysigt radhus nära natur och city,31300046,1465460441522833603,Märta,,Farsta,59.2552374221336,18.071430230688478,Entire home/apt,,5,5,2026-05-31,0.42,1,2,5,
1417853567799198648,Nära till stan och naturen,33106412,1465484805404613480,Gladis,,Enskede-Årsta-Vantörs,59.285338585941,18.094878660124262,Entire home/apt,685,9,1,2025-07-13,0.08,1,151,1,
1419435541784458590,Charmigt radhus nära stad o bad.,8643677,1462772669605289784,Emelie,,Skärholmens,59.2905757,17.9430011,Entire home/apt,3025,2,2,2025-08-24,0.19,1,328,2,
1419630859001862294,Old town gem. Best location in Stockholm,6770741,1462714851073008244,Therese,,Södermalms,59.32453390000001,18.0704089,Entire home/apt,,5,3,2025-07-26,0.24,1,0,2,
1420038358546066060,Studio i Gamla stan,407621701,1469862805147485640,Sara,,Södermalms,59.3229671,18.0725816,Entire home/apt,1915,2,46,2026-06-28,3.73,4,161,45,
1420116886416446004,Unique penthouse apartment in old town,407621701,1469862805147485640,Sara,,Södermalms,59.3227292,18.0726462,Entire home/apt,7106,2,39,2026-06-22,4.24,4,302,39,
1420279128347272700,Fantastisk lägenhet på Södermalm,265242178,1469403144309339465,Camilla Maria,,Södermalms,59.30855,18.0831,Entire home/apt,3226,14,1,2025-09-02,0.10,1,242,1,
1420808953960722893,Beautiful and central apartment,147023138,1468442392505250922,Antonia,,Södermalms,59.31674129934911,18.064769230688462,Entire home/apt,2085,1,1,2025-06-08,0.08,1,322,0,
1420913009040936674,Beautiful apartment in Södermalm,283563185,1469485703918780257,Agnes,,Södermalms,59.31755,18.06908,Entire home/apt,2336,3,10,2026-06-15,0.87,1,6,10,
1421488292245778162,Charming 1930s home near subway and city centre.,58170427,1466697223352515803,Philip,,Enskede-Årsta-Vantörs,59.28325,18.06251,Entire home/apt,2940,14,0,,,1,24,0,
1421549842164990736,Stilren lägenhet vid Östermalm,591438020,1470615690496576666,Arvid,,Östermalms,59.34094810099595,18.081629276275635,Entire home/apt,2650,2,9,2025-08-24,0.69,4,237,5,
1421707128714568826,Single room with Shared Bathroom,539472041,1470418576017201721,Hotel City Living,,Skarpnäcks,59.26342,18.132,Private room,,1,0,,,9,0,0,
1421710907438217495,Single room without window,539472041,1470418576017201721,Hotel City Living,,Skarpnäcks,59.26564,18.13285,Private room,,1,1,2025-05-21,0.07,9,0,0,
1421717816277702293,Single room without window,539472041,1470418576017201721,Hotel City Living,,Skarpnäcks,59.26509,18.13205,Private room,,1,0,,,9,0,0,
1421722708414991300,Single room without window,539472041,1470418576017201721,Hotel City Living,,Skarpnäcks,59.26348,18.13354,Private room,,1,0,,,9,0,0,
1421906962789974685,Liten nyrenoverad villa nära tunnelbana,489215628,1470201964445355490,Elin,,Hägersten-Liljeholmens,59.2942251,17.990424,Entire home/apt,2471,3,6,2026-05-17,0.85,1,19,6,
1422370079610175215,Stay Inn: Spacious & bright apartment,549905955,1470459465974849876,Stay Inn Apartments,,Södermalms,59.316001901572406,18.085072715848252,Entire home/apt,2644,2,1,2026-01-04,0.17,28,60,1,
1422958470630371418,Vivan - ett ställe att trivas på!,114535654,1468179850326717348,Maggan,,Hägersten-Liljeholmens,59.30376539239104,17.965207993984222,Entire home/apt,5321,2,11,2026-06-28,0.94,1,202,11,
1424041070681539414,apartment in Stockholm,80529758,1462826944377098598,Ahmad,,Skarpnäcks,59.2692541,18.1246275,Entire home/apt,1426,2,0,,,1,22,0,
1424430990115129564,Lägenhet i Vasastan,555491594,1470480561576035440,Kimberly,,Norrmalms,59.3438008,18.0371493,Entire home/apt,2397,2,16,2026-06-13,1.33,1,124,16,
1424663380741238707,Vacker lägenhet nära vatten på Kungsholmen,149847466,1468464407714232821,Elin,,Kungsholmens,59.33587,18.02459,Entire home/apt,2921,1,1,2026-06-28,1,1,3,1,
1424681103707497941,Summer in Beautiful Stockholm,338562381,1469659016489864477,Zabi,,Spånga-Tensta,59.3766397,17.9104486,Shared room,1256,1,2,2025-09-14,0.20,1,144,2,
1425266693759592403,Cosy Stay in Midsommarkransen,366073218,1469737376519399733,Sabia,,Hägersten-Liljeholmens,59.3006707,18.0126108,Entire home/apt,900,2,3,2026-06-21,0.27,1,80,3,
1425529321585457175,Cozy flat in charming Hornstull,28933297,1465426567377736258,Solvor,,Södermalms,59.31566,18.02908,Entire home/apt,1460,2,8,2026-05-02,0.60,1,149,5,
1425923124196897959,Comfy 2-room at heart of Sthlm.,6004270,1462695313939178953,Shima & Gary,,Norrmalms,59.3428287,18.0310821,Entire home/apt,3742,3,0,,,1,82,0,
1426533242940507454,Sekelskifteslägenhet i SOFO,696889565,1470735490489313461,Sanaz,,Södermalms,59.3156275,18.0833487,Entire home/apt,1598,1,0,,,1,323,0,
1426537236074489813,Lägenhet Johanneshov,108711775,1467316890732441785,Ulrica,,Skarpnäcks,59.2912821332412,18.10252285385762,Entire home/apt,1198,4,14,2026-03-21,1.17,1,199,14,
1426621276617737276,Exclusive 1-bedroom apartment in Östermalm!,563563946,1470513661750742716,Hedvig,,Östermalms,59.33543,18.0805,Entire home/apt,2987,2,63,2026-06-26,4.80,11,300,57,
1426749727250230867,Townhouse in Hässelby Villastad,250692690,1469328886413562536,Angela,,Hässelby-Vällingby,59.38478420000001,17.8253719,Entire home/apt,1644,2,17,2026-06-15,1.36,2,282,15,
1426935108440536688,Möblerad lägenhet för 2 (3),685507378,1470711530397184275,Adam,,Hässelby-Vällingby,59.37155067680829,17.830442850787342,Entire home/apt,1182,1,1,2026-06-02,1,1,304,1,
1427332820318865169,The Perfect Family Apartment,20198398,1463101402949479149,Jens,,Södermalms,59.30897,18.0938,Entire home/apt,,5,3,2025-12-30,0.24,1,5,2,
1427650338139352300,Apartamento acogedor,697158360,1470736064444504793,Ray,,Enskede-Årsta-Vantörs,59.26026,18.01866,Entire home/apt,,1,31,2026-06-19,2.40,1,1,28,
1428098067899003551,Penthouse I Hammarby Sjöstad,188107182,1468974471536415637,Lotta,,Södermalms,59.30487842804521,18.10661891163941,Entire home/apt,4109,1,0,,,1,52,0,
1428175717333193103,Min lägenhet i Älvsjö Stockholm,495320988,1470229364498524819,Ben Khalifa,,Enskede-Årsta-Vantörs,59.26746378153426,18.013972055674316,Entire home/apt,548,1,0,,,1,360,0,
1428294152643021129,Hel lägenhet med oslagbart läge & Terass,40522973,1465603882752462389,Nomme,,Östermalms,59.35463,18.05879,Entire home/apt,2021,1,24,2026-06-28,1.82,1,131,19,
1428739277110386650,Hel villa i lummiga kvarter,188894258,1468979059343711243,Elenor,,Älvsjö,59.279240570542676,17.96508153719794,Entire home/apt,3157,3,2,2025-07-19,0.17,1,30,2,
1428919900049787333,Mysigt rum med egen ingång (helt privat utrymme),144908937,1468425258909000240,Krister,,Skarpnäcks,59.26726079999999,18.1263382,Private room,546,1,20,2026-06-29,1.52,1,12,15,
1428951783925147810,Alice home,53026227,1465858802646416826,Alice,,Rinkeby-Tensta,59.40052,17.93212,Private room,1005,1,5,2025-08-17,0.41,1,105,5,
1428986100323359654,Villa i Enskede,10583750,1462844447548682367,Sofia,,Farsta,59.269126035406735,18.092236743743022,Entire home/apt,2658,7,1,2025-07-23,0.09,1,243,1,
1429501636914592829,Modern Room with Queen bed in Stockholm,697585717,1470736851674982470,Bob W Stockholm Norrmalm,,Norrmalms,59.3391914,18.0628689,Entire home/apt,2110,1,176,2026-06-23,14.87,5,358,176,
1429515429814759527,Studio w/ Fully Equipped Kitchen and Queen bed,697585717,1470736851674982470,Bob W Stockholm Norrmalm,,Norrmalms,59.3391914,18.0628689,Entire home/apt,1340,1,21,2026-06-15,2.13,5,357,21,
1429518738216103790,Cozy Studio with Kitchenette in Stockholm,697585717,1470736851674982470,Bob W Stockholm Norrmalm,,Norrmalms,59.3391914,18.0628689,Entire home/apt,1310,1,223,2026-06-24,18.90,5,359,223,
1429521603680651068,Cozy Studio w/ Fully Equipped Kitchen (No Windows),697585717,1470736851674982470,Bob W Stockholm Norrmalm,,Norrmalms,59.3391914,18.0628689,Entire home/apt,1200,1,28,2026-06-10,2.34,5,354,28,
1429523988062782409,Spacious Studio w/ Kitchen & Queen bed in Norrmalm,697585717,1470736851674982470,Bob W Stockholm Norrmalm,,Norrmalms,59.3391914,18.0628689,Entire home/apt,1990,1,16,2026-04-13,1.37,5,321,16,
1429704022360842173,"Gärdet - egen uteplats, egen ingång. Frukost ingår",290376368,1469509055443029685,Sophia,,Östermalms,59.345048,18.110032,Shared room,1750,2,10,2025-09-28,0.78,1,5,9,
1429858102833986671,Lägenhet nära Stockholmsmässan och Älvsjö pendel.,276305290,1463365077743495222,Carola,,Enskede-Årsta-Vantörs,59.27397,18.01871,Entire home/apt,1271,2,5,2026-06-14,2.21,1,222,5,
1429924455426227010,A lovely studio apartment,95827101,1467154345120041648,Celine,,Norrmalms,59.33593289270484,18.061076516425818,Entire home/apt,2148,1,4,2025-06-07,0.31,1,270,0,
1430339153408687774,Södermalm room for solo traveler,288350701,1469502408640218415,Allison,,Södermalms,59.30841164706343,18.074017953038073,Private room,1080,3,34,2026-06-18,2.67,2,80,32,
1430456023813025404,Room with Cozy Vibes & Style,152211599,1462988848999958623,Henry,,Enskede-Årsta-Vantörs,59.2611489092002,18.039070245106437,Private room,408,5,6,2025-08-01,0.47,2,239,4,
1430852959859546231,Bo ljust nära city & natur,185445940,1468959005389793856,Andreas,,Farsta,59.24655,18.0899,Entire home/apt,1060,1,6,2025-08-27,0.51,1,322,6,
1431142596891615590,Cozy & family friendly townhouse,8776158,1462786720402997618,Charlotte,,Hägersten-Liljeholmens,59.30800060497921,18.006533542327894,Entire home/apt,2902,1,5,2026-06-23,0.44,1,204,5,
1431193453665517065,Välplanerad lägenhet med två terasser,167176282,1468619063007358311,Anna,,Bromma,59.36463020000001,17.951879,Entire home/apt,,3,0,,,1,0,0,
1431806979156818426,Mysigt nybyggt minihus!,74296444,1466914750947856055,Esbjörn,,Hägersten-Liljeholmens,59.301373945829006,17.958381101489067,Entire home/apt,1940,3,17,2026-05-31,1.34,1,305,15,
1431931201577958421,Flat - heart of the Old Town,473775185,1470136492118696912,Martin,,Södermalms,59.3249705780138,18.070606819290493,Entire home/apt,3431,3,14,2026-06-15,1.18,1,251,14,
1432481212910663531,Nyproduktion från år 2016.,698356870,1470738489928233465,Carolina,,Rinkeby-Tensta,59.4095888,17.9273971,Private room,456,1,0,,,1,359,0,
1432723653170070154,Trevlig och mysig lägenhet,671941993,1470683834853498325,Alice Alla,,Södermalms,59.31709,18.03275,Entire home/apt,1526,2,57,2026-06-20,5.29,1,216,57,
1432786439672326330,Apartment with Scenic Views,467679025,1470108504851403346,Ibrahim,,Skärholmens,59.279319967375436,17.889960608749966,Entire home/apt,1484,1,0,,,1,354,0,
1433865999044483761,Hässelby Villastad,522090649,1470349129853587021,Rangaswami,,Hässelby-Vällingby,59.3756235,17.8141069,Entire home/apt,,1,0,,,1,0,0,
1433957800425665233,Trivsam 2-rummare med balkong,78979824,1466966118502827325,Anna,,Hägersten-Liljeholmens,59.30148,17.98118,Entire home/apt,974,3,7,2026-06-25,0.77,1,51,7,
1433962995093313189,Bed in 4 Bed Shared Capsule Room,657768819,1470652383871025426,Armin,,Kungsholmens,59.33088590000001,18.0483871,Shared room,320,1,101,2026-06-25,7.79,8,184,93,
1434088302824832236,Old Town flat with a view,128075662,1468286575856545406,Charlotta,,Södermalms,59.32525740000001,18.0698949,Entire home/apt,5096,2,31,2026-06-22,2.69,4,300,31,
1434179191017929022,Centralt radhus med uteplatser,458003186,1470062093742402418,Pär Olof,,Kungsholmens,59.32083,17.98663,Entire home/apt,,3,7,2025-08-04,0.58,1,2,7,
1434253646645790728,Family friendly home.,16365699,1462984979748160728,Maria,,Hägersten-Liljeholmens,59.30038982241982,17.977530001710914,Entire home/apt,,7,2,2025-08-09,0.17,1,16,2,
1435300180577808971,Haven of rest,15023714,1462952434563559916,Philip,,Skarpnäcks,59.29825,18.09309,Entire home/apt,3061,2,11,2026-06-14,0.87,1,146,10,
1435305598982739214,Lägenhet i Aspudden,138700330,1468376366324246714,Jesper Iwan,,Hägersten-Liljeholmens,59.309898,17.9942334,Entire home/apt,1390,3,9,2026-05-17,0.76,1,17,9,
1435323250342458661,Modern & Cozy home by the water,463681336,1470089430252245180,Sara,,Södermalms,59.31712,18.02764,Entire home/apt,,2,1,2025-08-09,0.09,2,0,1,
1435448550835168838,Stylish Luxe home by the water,220860397,1469166418597195468,Sofia,,Hägersten-Liljeholmens,59.30588349999999,18.0367898,Entire home/apt,2265,1,12,2026-05-28,0.94,21,72,11,
1436337529714727212,Spacious Villa with Pool,43525746,1465646273187056045,Jan,,Älvsjö,59.2718929,17.9828482,Entire home/apt,4967,5,2,2026-06-12,0.90,1,180,2,
1436940700905913361,Exclusive 2-Bedroom APT in a great location,476635035,1470148365214731883,Bella,,Södermalms,59.31674,18.08485,Entire home/apt,3963,2,58,2026-06-25,4.66,11,296,56,
1436942876648816998,Cozy 2-bedroom APT in middle of Södermalm,476635035,1470148365214731883,Bella,,Södermalms,59.31517,18.0864,Entire home/apt,3495,2,58,2026-06-17,4.77,11,303,58,
1436944302580611665,Wonderful 1 bedroom APT for 4 guests,476635035,1470148365214731883,Bella,,Södermalms,59.31502,18.08648,Entire home/apt,2689,2,48,2026-06-17,4.01,11,290,48,
1437573502378028955,Beautiful apt with sunny balcony,24535896,1465306025405493509,Jessika,,Hägersten-Liljeholmens,59.3036735,17.9824388,Entire home/apt,,5,2,2025-07-25,0.17,1,1,2,
1438186303295936012,New-built full Family-house by the city,80970860,1466985590902591140,Victor,,Bromma,59.33805,17.96768,Entire home/apt,,4,4,2026-06-27,0.33,1,0,3,
1438258639414063904,Fin lägenhet i lugnt villaområde,699824915,1470741441637801635,Zelda Fastigheter AB,,Älvsjö,59.28531,17.98537,Entire home/apt,1284,1,75,2026-05-31,5.92,1,299,71,
1438307653823740798,Familjelägenhet 75kvm,699837932,1470741466435981676,Emina,,Hägersten-Liljeholmens,59.29732619999999,17.9999647,Entire home/apt,2548,1,5,2026-01-01,0.42,1,18,5,
1438889935080644517,"Liten stuga 25 kvm,2 sovloft, långtidsuthyrs gärna",5488033,1462682019200249560,Jeanette,,Älvsjö,59.28450735362133,17.98957586288452,Private room,913,1,1,2025-12-07,0.15,2,180,1,
1439015300228158809,Small cosy apartment with loft,98375065,1462866779883225318,Miriam,,Kungsholmens,59.33167,18.01676,Entire home/apt,807,7,2,2025-08-30,0.19,1,293,2,
1439069017324216739,Mysig lägenhet intill vattnet!,700033042,1470741777548383152,Pernilla,,Kungsholmens,59.33445,18.00047,Entire home/apt,865,2,27,2026-06-28,2.11,1,7,23,
1439613855003564840,Stay Inn: Studio Apartment with balcony,549905955,1470459465974849876,Stay Inn Apartments,,Norrmalms,59.34314,18.05793,Entire home/apt,1914,2,19,2026-06-25,1.51,28,323,17,
1440507279192817287,Private Room in Cozy Home,43572387,1465646965467084796,Jamal,,Östermalms,59.34581,18.09921,Private room,1188,2,3,2025-08-25,0.24,2,149,2,
1440591392630597915,Stort sovrum med egen balkong,700492379,1470742647428393672,Sofia Constance,,Östermalms,59.3483561,18.099274,Private room,912,1,29,2026-06-23,2.33,1,82,27,
1440684972381399236,Mysig etta bara 14 min från Central Station,697591630,1470736867899021788,Abel,,Farsta,59.27161,18.06837,Entire home/apt,685,1,0,,,1,79,0,
1440747765560942423,Lägenhet mitt i stan,122877605,1468244592329151232,Linnea,,Norrmalms,59.34326,18.04826,Entire home/apt,4527,1,5,2026-01-04,0.44,1,111,5,
1440756650301894648,Cozy Östermalm Home,43572387,1465646965467084796,Jamal,,Östermalms,59.34622,18.09923,Entire home/apt,,3,3,2025-08-17,0.25,2,0,3,
1441052298028430969,Sekelskiftespärla i Vasastan,175471505,1468701460458337627,Martin,,Norrmalms,59.3414,18.04014,Entire home/apt,,1,0,,,1,0,0,
1441087968914699707,Charming 2-Room Apartment,25096486,1465333401831003808,Bassem,,Hägersten-Liljeholmens,59.301449878214136,18.011443099560086,Entire home/apt,970,3,0,,,1,209,0,
1441236684069829813,Stor 2:a Söderort,150744495,1468481981175922729,Lina,,Enskede-Årsta-Vantörs,59.30042,18.04695,Entire home/apt,1493,5,4,2026-04-30,0.39,1,12,4,
1441276774655057946,2 room Super cozy and central Stockholm,382121994,1463572571394834010,Tobias,,Norrmalms,59.337411,18.0681387,Entire home/apt,3798,1,68,2026-06-13,5.64,2,31,68,
1441277926873783810,Hus i Kakstaden/Sköndal,661762591,1470661226169883237,Ingrid Charlotta,,Farsta,59.256919356801575,18.102398173541264,Entire home/apt,3732,1,2,2025-08-24,0.18,1,2,2,
1441356977720636778,Sekelskiftsdröm,14895078,1462949464532751033,Agostina,,Enskede-Årsta-Vantörs,59.27182129596501,18.02985057234764,Entire home/apt,3764,3,0,,,1,319,0,
1441524064511638347,Super cozy apartment,402368720,1469844910000029957,Luka,,Södermalms,59.31524,18.09248,Entire home/apt,1558,2,10,2026-06-19,0.93,1,259,10,
1441868719515079300,Luxurious loft by Mariatorget,91331918,1467104104989732166,Jessica,,Södermalms,59.317876918945046,18.06117097582722,Entire home/apt,3202,3,2,2026-06-13,0.18,1,37,2,
1442100347644312869,Rymlig familjevilla - 3 sovrum,34560292,1465508338481529052,Damon,,Bromma,59.33807,17.96232,Entire home/apt,3538,2,0,,,1,18,0,
1442510264654430373,Classic modern home design,696770807,1470735209736583502,Saba,,Rinkeby-Tensta,59.3955662,17.9485672,Private room,3082,1,0,,,1,364,0,
1443249755600453643,Drömlägenhet på Söder– nära allt,8771302,1462786597934590070,Linn,,Södermalms,59.31728678574029,18.0524338580723,Entire home/apt,3504,3,4,2025-08-27,0.33,1,356,3,
1443282870092699571,Nyrenoverad 3 rok söder om Stockholm.,5487866,1462682016767732085,Natalie,,Enskede-Årsta-Vantörs,59.2981123,18.0466899,Entire home/apt,1437,1,0,,,1,289,0,
1443626181971344910,Pet friendly place close to City,701297481,1470744164830804053,Bella,,Kungsholmens,59.33739,18.00862,Private room,694,2,10,2025-10-14,0.80,1,152,9,
1444147211570020387,Cozy Stockholm Stay,348722348,1469692986143138613,Anoop,,Hägersten-Liljeholmens,59.3055,18.03102,Entire home/apt,1712,2,3,2026-04-27,0.27,2,17,3,
1444232244064707962,Charmig Brommaidyll Nära City,701434792,1470744451257195778,Kent,,Bromma,59.33681,17.96258,Entire home/apt,3081,3,27,2026-06-20,2.31,1,37,27,
1444980856746356337,"Hus och trädgård, nära city!",10153471,1462832982725889756,Sven,,Älvsjö,59.28155,18.02754,Entire home/apt,2816,4,4,2025-09-21,0.34,2,9,4,
1445390426942525535,Lovely apartment in Stockholm,431595364,1469954160362904918,Camilla,,Södermalms,59.3114,18.07069,Entire home/apt,,3,4,2025-09-07,0.34,1,0,4,
1445426659421908642,Cozy cabin near bath and central Stockholm City,15077344,1462953642924231287,Susanne,,Hägersten-Liljeholmens,59.2984643,17.9609478,Entire home/apt,3037,2,17,2026-06-15,1.53,1,322,17,
1445703893127935730,"Charmig lägenhet med balkong, 3 min från t -banan",29314300,1465431816636443560,Karin,,Farsta,59.26641,18.08468,Entire home/apt,3766,2,2,2025-08-24,0.19,1,39,2,
1445734044929399036,Family-friendly home with garden,338105195,1469657235526189527,Andreas,,Älvsjö,59.2774,17.96148,Entire home/apt,,3,0,,,1,22,0,
1445766824642566732,Centralt läge  nära naturen,24579027,1465307978919418826,Linda,,Enskede-Årsta-Vantörs,59.2860958416432,18.09778753674494,Private room,1106,3,18,2026-06-24,1.52,1,189,18,
1446133944609599197,Bright and spacious home on cosy Mariaberget,1184184,1462539132765861420,Maja,,Södermalms,59.3200473,18.0645022,Entire home/apt,1750,3,6,2026-06-28,0.57,2,40,6,
1446190091785146483,SoFo apartment w/ private balcony,51002540,1465791127373831762,Fredrik,,Södermalms,59.31362,18.0897,Entire home/apt,1729,1,73,2026-06-25,5.87,20,333,70,
1446260865389479500,Best Location in Stockholm!,248465916,1469317383076833512,Mounia,,Östermalms,59.34291,18.07081,Entire home/apt,3789,1,6,2026-06-15,0.57,1,11,6,
1446330332147952056,Studio apartment in Stockholm.,60374037,1466742297778956894,Maysa,,Rinkeby-Tensta,59.41344786191275,17.9391953643873,Entire home/apt,803,3,5,2026-06-25,0.42,2,146,5,
1446530948973014042,New: Apartment in center of Sofo,108898399,1467318958725470078,Helena,,Södermalms,59.313864088848256,18.078151275066606,Entire home/apt,3474,3,17,2026-04-29,1.36,1,112,16,
1446931871671171447,Furnished and Super Fresh,93029901,1467123887705267031,Virpal,,Skärholmens,59.28132,17.89581,Entire home/apt,,1,11,2025-08-27,0.93,1,0,11,
1447131426229238456,Stylish Stay Stora Essingen,56804129,1465928838773330877,Noora,,Kungsholmens,59.32074,17.99632,Entire home/apt,,5,0,,,1,0,0,
1447732075800284820,Cozy and spaceous apartment in Södermalm!,387240024,1469797801019414761,Padra,,Södermalms,59.31828,18.05097,Entire home/apt,2667,8,1,2026-06-06,1,1,195,1,
1448468914574888672,Flat in SoFo– Heart of Södermalm,71166509,1466880507966731045,Rickard,,Södermalms,59.3152576,18.0858978,Entire home/apt,2169,1,5,2025-08-10,0.42,1,28,5,
1448516353047936413,Cozy Apartment in Little Paris,24702310,1465313087938069654,Martin,,Norrmalms,59.3404624,18.0305994,Entire home/apt,1925,2,3,2025-10-12,0.26,1,4,3,
1448736583424002721,High end apt in prime location,280621406,1469475881750168857,Johan,,Östermalms,59.33423,18.07569,Entire home/apt,1402,4,1,2026-01-10,0.17,1,11,1,
1449039367775779614,En fräsch 1:a lägenhet uthyres!,507636513,1470281938475768010,Tina,,Bromma,59.34641234261711,17.90852766843892,Entire home/apt,732,12,1,2025-08-20,0.10,1,45,1,
1449199371358031694,Spacious charming apartment in Vasastan,267150402,1469412486236021267,Lisa,,Norrmalms,59.34363,18.03516,Entire home/apt,1684,2,9,2026-06-08,0.79,1,21,9,
1449324411283548349,Architect’s Balcony: UrbanEscape,666311932,1470671905801526834,Saga Livia,,Kungsholmens,59.335517459462864,18.02666361125988,Entire home/apt,3167,2,0,,,1,102,0,
1449329061320338231,Mysig 3:a på lugn adress,674699985,1470689394771123726,David,,Södermalms,59.31754,18.06819,Entire home/apt,2000,4,2,2025-07-31,0.17,1,52,2,
1449447842231419449,"Mysigt hus med uppvärmd pool, växthus och utekök.",599685787,1470635269719353405,Frida,,Enskede-Årsta-Vantörs,59.28516803291623,18.057152777910233,Entire home/apt,5384,5,0,,,2,237,0,
1449952876294278955,4-bäddsrum med delat badrum på Dockside Hostel,401498232,1469841953985205593,Dockside Hostel,,Södermalms,59.32292497707297,18.074712090213016,Private room,1545,1,0,,,3,60,0,
1450001181128662242,Sleek city base w/ private patio,60382478,1466742370835977491,Elias,,Kungsholmens,59.33589,18.01892,Entire home/apt,1526,1,46,2026-06-28,4.14,30,327,46,
1450007306884303558,Aspuddens pärla,541913695,1470428086625751105,Enzo,,Hägersten-Liljeholmens,59.3027,17.98747,Private room,514,2,0,,,1,84,0,
1450093752210145673,"The Strand Studio, Östermalm",325301974,1469619553751569792,Carl Vincent,,Östermalms,59.33316,18.08075,Entire home/apt,1655,1,72,2026-06-06,5.97,1,288,72,
1450221092631333073,Cozy Private Room 10 min from Stockholm City,655887036,1470648221426959613,Crystal,,Enskede-Årsta-Vantörs,59.28972,18.03392,Private room,594,1,41,2026-06-14,3.34,1,54,40,
1450547018148209234,Lägenhet i Vasastan,703200998,1470747670728619689,Martina,,Norrmalms,59.34902408220058,18.039506007409685,Entire home/apt,1445,1,15,2025-12-26,1.30,1,249,15,
1450663066739996718,Lovely apartment in Old Town,24251813,1465285245799519478,Jonathan,,Södermalms,59.32362,18.07053,Entire home/apt,4397,2,66,2026-06-25,5.50,8,277,66,
1450675590889598641,Beautiful apartment in the heart of Old Town,24251813,1465285245799519478,Jonathan,,Södermalms,59.3254,18.07124,Entire home/apt,5677,2,45,2026-06-23,3.73,8,280,45,
1450816734434080305,Spacious and sunny apartment,79432314,1466970614382162856,Ioanna,,Rinkeby-Tensta,59.40355,17.93918,Entire home/apt,652,7,1,2026-01-02,0.17,1,36,1,
1450861746904526442,Boende i Vällingby,207589685,1469082928048932517,Caroline,,Hässelby-Vällingby,59.3775489,17.8527591,Entire home/apt,,4,0,,,1,0,0,
1451493631387483494,Spacious 2-Bedroom Apartment,315980373,1469596711481296964,Tarek,,Spånga-Tensta,59.38141044432447,17.905561700463295,Entire home/apt,1005,1,0,,,1,306,0,
1451529337291423167,30’s apartment in the heart of Södermalm,39158751,1465584975901981062,Hanna,,Södermalms,59.3142167,18.05681,Entire home/apt,2283,2,9,2026-06-29,0.76,1,9,9,
1451613736621792737,A wonderful house in Stockholm.,300493142,1469542416749446115,Johan,,Älvsjö,59.28521,18.02225,Entire home/apt,1517,1,3,2025-09-16,0.25,1,30,3,
1451935883604801109,Rum i min lägenhet uthyres,703619260,1470748434910561852,Sabine,,Östermalms,59.33474460000001,18.0865712,Private room,730,1,0,,,1,329,0,
1452773748940772189,Room in the heart of Stockholms most popular area,31458213,1465462473882538523,Emma,,Södermalms,59.31462,18.06476,Private room,,3,9,2026-04-30,0.78,2,9,9,
1452877410045914862,Cozy apartment in Old Town,24251813,1465285245799519478,Jonathan,,Södermalms,59.32338,18.07038,Entire home/apt,5089,2,57,2026-06-22,4.76,8,288,57,
1452877722380236578,Unique topfloor apartment in Gamla Stan,24251813,1465285245799519478,Jonathan,,Södermalms,59.32485,18.072,Entire home/apt,4209,2,41,2026-06-25,3.42,8,288,41,
1452902713104035790,Two rooms apartment at Rågsved,378998653,1463566106381862119,City Living,,Enskede-Årsta-Vantörs,59.25727269999999,18.0320936,Entire home/apt,759,2,12,2026-06-12,1.38,6,269,12,
1453396068642385727,Cozy apartment,21598335,1463159193539795596,Robert,,Norrmalms,59.34073539999999,18.0507075,Private room,668,2,5,2026-06-29,0.45,1,200,5,
1453402587129311018,Studio lägenhet vid Mariatorget,18823721,1463062448205859508,Maria,,Södermalms,59.31726332866097,18.06102064169028,Entire home/apt,1144,1,18,2026-06-20,1.56,1,201,18,
1454250018034831170,Modern Apartment | 20 Min to Central Stockholm,220860397,1469166418597195468,Sofia,,Älvsjö,59.2804606,18.0013636,Entire home/apt,1681,2,4,2025-08-01,0.33,21,123,4,
1454360956904097383,Mysig lägenhet,398712414,1469833069377577276,Lovisa,,Kungsholmens,59.3251,18.00726,Entire home/apt,,7,0,,,1,0,0,
1454440620312536832,"Lgh i Stockholm nära natur, Avicii Arena & 3Arena",672279462,1470684495229096003,Helena,,Farsta,59.26265,18.11471,Entire home/apt,1027,1,58,2026-06-28,4.85,1,223,58,
1454456255540886499,Ljus och rymlig 3a med sjöutsikt,587714534,1470606992122432289,Annika,,Kungsholmens,59.33716,18.02402,Entire home/apt,3136,2,8,2026-06-01,0.74,1,13,8,
1454479462915280425,Radhus vid sjön,42882226,1462691952278655567,Rebecca,,Farsta,59.25059,18.04968,Entire home/apt,,5,3,2025-09-03,0.28,1,0,3,
1455163345778371919,"Rymligt radhus med stor uteplats, nära sthlm city",6622471,1462711147039806845,Camilla,,Bromma,59.35428,17.90431,Entire home/apt,3652,1,19,2026-06-14,1.65,1,206,19,
1455724441662771441,Vacker lägenhet Midsommarkransen,38138539,1465570739451728401,Niclas,,Hägersten-Liljeholmens,59.30413,18.01248,Entire home/apt,1940,7,0,,,1,26,0,
1455953682892385887,Harmonisk familjevänlig villa,578894299,1470582312983871205,RentAgent Sverige,,Spånga-Tensta,59.37506,17.8942,Entire home/apt,3026,2,7,2025-12-19,0.70,5,10,7,
1456411595627892967,High standard apartment with a view of Stockholm.,156766828,1468529197054858649,Farah,,Rinkeby-Tensta,59.40427,17.94249,Entire home/apt,2243,1,2,2025-08-24,0.17,2,245,2,
1456531549851944621,Villa med Pool,523253700,1470354211526332420,Miriam,,Enskede-Årsta-Vantörs,59.28958130503523,18.06250412017107,Entire home/apt,5022,1,0,,,1,54,0,
1457193204122613028,Charming apartment in the heart of Gamla Stan,390614369,1469808125298954547,Bella,,Södermalms,59.32418,18.0738,Entire home/apt,2131,2,54,2026-06-25,4.72,16,235,54,
1457230416618087122,"Vindsvåning Vasastan, Stockholm",416514559,1469893858410292033,Malin,,Norrmalms,59.34535,18.05251,Private room,984,1,21,2026-06-25,2.18,1,89,21,
1457736580479984669,Spacious Studio Large Biz,346624637,1469686684772917559,Hedvig,,Bromma,59.3537031,17.9562592,Entire home/apt,,2,0,,,1,0,0,
1457956297525109378,Hel lägenhet - City & Terass,490807201,1470209827285780034,Hiyab,,Östermalms,59.3539,18.05711,Entire home/apt,,2,4,2025-11-30,0.39,1,180,4,
1457968176211099961,Cozy Room in Villa with Private Washroom,543819415,1470435694398218426,Shani,,Rinkeby-Tensta,59.4111029,17.9174015,Private room,374,20,1,2025-09-22,0.11,2,328,1,
1458105060876881238,Rum nära Vällingby Centrum,485830890,1470187036099220278,Chi,,Hässelby-Vällingby,59.361309262942044,17.865334143257726,Private room,497,1,71,2026-05-01,6.02,1,316,71,
1458146803475746028,Cozy apartment in Fridhemsplan,60381760,1466742364129554368,Anthony,,Kungsholmens,59.33322,18.02629,Entire home/apt,,1,3,2026-02-28,0.27,1,0,3,
1458161904081770124,Two-Story Comfort in Prime Location,60382478,1466742370835977491,Elias,,Östermalms,59.33205,18.08248,Entire home/apt,3198,1,49,2026-06-24,4.29,30,312,49,
1458463147809122878,Stylish historic flat on Söder,28702493,1465423537932353537,Joel,,Södermalms,59.315741600443616,18.037350342327887,Entire home/apt,2366,1,1,2025-07-20,0.09,1,289,1,
1458623265635808554,"Town House våning, bästa läge på Östermalm.",553706319,1470473506406607217,Stefan,,Östermalms,59.33793859875624,18.091857880353928,Entire home/apt,9472,1,4,2026-04-12,0.35,1,70,4,
1458827947385966746,"Great apartment, at Södermalm.",693632389,1470728650147706936,Andrea,,Södermalms,59.31767335957532,18.03142942354326,Entire home/apt,2482,4,0,,,1,85,0,
1458906196667976349,"Fantastic, spacious, calm, lake view, centralized",89559826,1467085130474035911,Maryam,,Hässelby-Vällingby,59.3759379,17.8068687,Entire home/apt,6273,1,1,2026-06-21,1,2,364,1,
1459389682305316271,En pärla med utsikt i Högdalen,507270207,1470280255752992111,Pauline,,Enskede-Årsta-Vantörs,59.26406,18.04006,Entire home/apt,,7,3,2026-06-01,0.35,1,0,3,
1459494499648481123,Egen lägenhet centralt Stockholm,420130431,1469907879358268088,Elise,,Östermalms,59.3569533,18.0594162,Entire home/apt,1336,1,6,2026-06-14,0.55,1,322,6,
1459950216365438226,Stay Inn: Cozy and Spacious One-bedroom apartment,549905955,1470459465974849876,Stay Inn Apartments,,Södermalms,59.31412,18.08405,Entire home/apt,2268,2,30,2026-04-06,2.58,28,89,30,
1459987756704643310,Classic Studio w/ equipped Kitchen in central spot,705799965,1470752353455694648,Bob W Stockholm Gamla Stan,,Södermalms,59.323884,18.073632,Entire home/apt,1780,1,14,2026-06-22,1.38,6,265,14,
1460058815036723124,Bright & Spacious studio for 4 in the city center,705799965,1470752353455694648,Bob W Stockholm Gamla Stan,,Södermalms,59.323884,18.073632,Entire home/apt,2430,1,245,2026-06-30,22.27,6,352,245,
1460060186045513798,Quiet & Spacious 6 people Old Town-Area Hideaway,705799965,1470752353455694648,Bob W Stockholm Gamla Stan,,Södermalms,59.323884,18.073632,Entire home/apt,2970,1,7,2026-06-24,0.69,6,301,7,
1460061430945639001,Cozy Room: Your Snug Spot in Historic Gamla Stan,705799965,1470752353455694648,Bob W Stockholm Gamla Stan,,Södermalms,59.323884,18.073632,Entire home/apt,1870,1,141,2026-06-22,13.18,6,354,141,
1460062621964124644,Comfy Single (No Window) Room - City Center,705799965,1470752353455694648,Bob W Stockholm Gamla Stan,,Södermalms,59.323884,18.073632,Private room,1310,1,21,2026-06-21,1.91,6,356,21,
1460063798046056638,Cozy (No Window) Room: Compact Base in City Center,705799965,1470752353455694648,Bob W Stockholm Gamla Stan,,Södermalms,59.323884,18.073632,Entire home/apt,2480,1,189,2026-06-29,17.08,6,356,189,
1460151816608034668,GMC Motorhome1977,396098663,1469825215485705750,Magnus,,Södermalms,59.30455,18.07828,Entire home/apt,2493,1,1,2025-08-27,0.10,1,364,1,
1460656765055282087,Beautiful & Spacious Flat in Vibrant Södermalm,164136797,1468595778569450798,Sofie,,Södermalms,59.31403,18.07844,Entire home/apt,1458,1,4,2026-06-20,0.35,1,11,4,
1462883722836816592,Familjevänligt vackert hus nära Stockholm City,706653133,1470753843420065315,Carina,,Farsta,59.24827,18.08602,Entire home/apt,2739,1,4,2025-09-15,0.36,1,28,4,
1463162610889163521,Amazing location in Stockholm,140698239,1462963349307764285,Sebastian,,Östermalms,59.3330221,18.0853306,Entire home/apt,,1,10,2026-04-25,0.96,1,1,10,
1463576668789320497,Full child-friendly house,663689,1462525373161691490,Niklas,,Enskede-Årsta-Vantörs,59.27842,18.05745,Entire home/apt,3043,3,1,2026-04-08,0.36,1,221,1,
1463878453693697824,Mysigt rum i vindsvåning,706924049,1470754325922837860,Eleonor,,Östermalms,59.34324398292229,18.070306531917463,Private room,1119,2,15,2026-06-07,1.45,1,102,15,
1464397886642001749,Spacious Room in Stockholm’s Most Popular Area,31458213,1465462473882538523,Emma,,Södermalms,59.31508,18.06533,Private room,,3,8,2026-03-12,0.69,2,14,8,
1465156512283370969,The Stylish Stay,162742251,1468583778772120479,Salman,,Hägersten-Liljeholmens,59.30019096221022,18.00396533547859,Entire home/apt,2283,2,9,2026-06-24,0.87,1,329,9,
1465378482017120657,Rymlig villa med lummig trädgård,3161557,1462620735569125041,Linnéa,,Enskede-Årsta-Vantörs,59.28726,18.0712,Entire home/apt,,7,1,2025-09-11,0.10,1,0,1,
1465747149970428766,Spectacular four story townhouse,3254359,1462623994453156700,Kristina,,Hägersten-Liljeholmens,59.30621,17.97133,Entire home/apt,2891,3,7,2026-05-25,0.61,1,25,7,
1465858286811220268,Mysigt litet hem,28637594,1465422651879032014,Mikaela,,Enskede-Årsta-Vantörs,59.268711562045084,18.05429619810721,Entire home/apt,725,1,0,,,1,293,0,
1465897651781900396,Gorgeous 2 Bedroom by Scenic Norr Mälarstrand,535802771,1470404191012367337,Lukas,,Kungsholmens,59.32912,18.04147,Entire home/apt,3493,2,43,2026-06-22,3.84,52,291,43,
1465919067515602321,Stor lägenhet nära Globen,707505377,1470755281777097572,Sarah Nathalie,,Enskede-Årsta-Vantörs,59.2876583,18.0970627,Entire home/apt,1053,5,0,,,1,74,0,
1466575596169323306,sunset flat,237069104,1469261556157708718,Rabia,,Rinkeby-Tensta,59.41441,17.93353,Entire home/apt,913,1,3,2026-06-13,0.30,1,169,3,
1466768072305642274,"Underbar lägenhet på Östermalm, Gärdet",122871522,1468244533284861699,Alice,,Östermalms,59.34509691861542,18.097995445132256,Entire home/apt,856,1,1,2025-08-03,0.09,1,5,1,
1467392886331265177,Natur and central,345441435,1469683102290385282,Helena,,Hägersten-Liljeholmens,59.29173240040994,17.961687327324782,Private room,565,1,3,2026-06-15,3,1,335,3,
1468034261812169386,"Bright, 3 min walk metro",708102309,1468034262556514085,Henrry,,Rinkeby-Tensta,59.40966300975128,17.926312177698723,Entire home/apt,1712,1,36,2026-06-24,3.17,1,120,36,
1468256070028701945,The Birdsnest,114229335,1468256070961286938,John,,Hägersten-Liljeholmens,59.303119,18.01355,Entire home/apt,1397,3,9,2026-01-01,0.85,1,26,9,
1470832402036537892,Historic Old Town Attic with Rooftop Views,1027549,1462536170935368379,William,,Södermalms,59.32258,18.07116,Entire home/apt,2768,1,59,2026-06-26,5.41,17,309,59,
1470962260381629788,Boende i ett hus på en kulle,34989734,1462667187967935033,Katja,,Enskede-Årsta-Vantörs,59.27735,18.03462,Entire home/apt,2225,1,4,2026-06-14,0.95,3,88,4,
1471525677542777079,Östermalm 3BR Duplex + Cribs,2596980,1462599792506860757,Bruno,,Östermalms,59.3457,18.09543,Entire home/apt,4395,5,13,2026-06-26,1.19,1,66,13,
1471658339856141692,Bright Apt Near Water & City,496786264,1470919324046131250,Kami,,Södermalms,59.3043336,18.0926597,Entire home/apt,,1,5,2026-06-14,0.45,1,0,5,
1472394529949725223,Private Studio w/ Kitchen Close to City Centre,655759062,1472394530592455874,Alexander,,Älvsjö,59.28482,17.9914225,Entire home/apt,,2,3,2025-08-08,0.27,1,0,3,
1474116629645586711,Smart & prisvärt,654090739,1474113767105517400,Soraj,,Enskede-Årsta-Vantörs,59.28956,18.0347,Private room,,3,4,2025-10-05,0.37,2,0,4,
1474627102753891496,Litet boende med uteplats,468035343,1474627103511250380,Camilla,,Hässelby-Vällingby,59.395068227374274,17.820655318679922,Entire home/apt,570,1,12,2026-03-04,1.07,1,337,12,
1474679826759404179,Flat in Midsommarkransen,709949072,1474679827602964818,Emma,,Hägersten-Liljeholmens,59.30094,18.00774,Entire home/apt,1598,2,1,2026-06-19,1,1,83,1,
1474836806764742422,Modern flat with a water view,8132938,1474836807718795935,Leo,,Hägersten-Liljeholmens,59.30598789266945,18.03594453923747,Entire home/apt,1347,3,19,2026-06-16,1.74,1,24,19,
1475393835287884039,"Wevio Stockholm Double Patio | King Bed, Sleeps 4",20810499,1462614645621516953,Anupam,,Rinkeby-Tensta,59.41299,17.90512,Entire home/apt,1269,2,3,2026-06-15,2.05,2,343,3,
1475489873825440061,1-3 Rooms in House. Shared with Rob & Gustav!,710179775,1475442009016418661,Gustav Henrik,,Skärholmens,59.28764,17.90136,Private room,753,2,17,2026-06-02,1.63,1,252,17,
1476742317580934325,Mysigt hus för stora sällskap i Enskede,422285486,1469916439521159594,Jacob,,Farsta,59.27854,18.07452,Entire home/apt,4982,5,9,2026-01-02,0.83,1,44,9,
1476768380878117310,Modernt minihus i villaträdgård,568548030,1476768381593043319,Mattias,,Älvsjö,59.27258,17.99177,Entire home/apt,1042,1,25,2026-06-13,2.40,1,67,25,
1477782755909286808,ArtGalleryApartment @Strandvägen,1251809,1462540834045412248,Joakim,,Östermalms,59.3330641,18.0803681,Entire home/apt,3107,1,46,2026-06-24,4.18,1,135,46,
1478124175125951197,Charming Villa in Stockholm,13899520,1462925813574055812,Hestia Sweden,,Farsta,59.26754140000001,18.0944169,Entire home/apt,2715,3,11,2026-06-27,1.01,6,72,11,
1478170436128395418,Studio at KISTA Galleria Mall,577609371,1478170437129599198,Hossam,,Rinkeby-Tensta,59.40289,17.94416,Entire home/apt,1008,3,3,2025-10-19,0.29,1,345,3,
1478291839959407116,Myshörnan,469832223,1478291840729602531,Amanda,,Farsta,59.25815,18.08645,Entire home/apt,1370,1,13,2026-06-07,1.52,1,79,13,
1478775013822984868,Smidigt & prisvärt,654090739,1474113767105517400,Soraj,,Enskede-Årsta-Vantörs,59.290110398983515,18.034638315439224,Private room,495,5,13,2026-06-25,1.28,2,55,13,
1479739821648566576,Cozy 25 Sqm Apartment in Stockholm's Old Town,480739884,1470165171929166990,Mathias,,Södermalms,59.3257716,18.0743777,Entire home/apt,2365,2,37,2026-06-16,3.49,1,336,37,
1479780217295692895,Central Top-Floor Apt with Large Balcony,338716617,1469659370508692817,Rebecca,,Kungsholmens,59.32834,18.04279,Entire home/apt,2453,1,0,,,1,354,0,
1479812766734080239,B&B i naturnära område,36188633,1465537426702912970,Cecilia,,Bromma,59.33055,17.94749,Private room,799,1,9,2026-06-14,0.85,1,82,9,
1480426724657141357,Apartment in Skärholmen,465046893,1470095958329313239,Thomas,,Skärholmens,59.27358,17.90606,Entire home/apt,628,1,1,2026-05-30,0.94,2,285,1,
1480454737506735071,"Lägenhet Skärholmen, Stockholm",520451152,1470341884123490786,Thomas,,Skärholmens,59.27392330315121,17.907939112792018,Entire home/apt,719,1,2,2025-09-11,0.20,2,191,2,
1480930791254325690,Naturskönt och lugnt boende - 15 min från city,91294648,1480930791953662037,Desireé,,Enskede-Årsta-Vantörs,59.27986,18.04331,Private room,561,1,45,2026-06-19,4.12,1,18,45,
1481065999909155108,100 sqm apartment at Mosebacke,412104540,1481066000631516971,Mina,,Södermalms,59.3165,18.07447,Entire home/apt,,5,4,2025-12-21,0.40,1,0,4,
1481173011708218466,Forest home 10 min Gamla Stan,154226096,1462993501710680047,Victor Emanuel,,Skarpnäcks,59.29489,18.10271,Entire home/apt,823,28,0,,,1,363,0,
1481690346541318925,Spacious apartment on cozy Kungsholmen,316782764,1469598673104803159,Bella,,Kungsholmens,59.3372,18.02409,Entire home/apt,2172,2,33,2026-06-26,3.13,11,124,33,
1481772112291208420,Top-floor SoFo flat w/ private balcony,1027549,1462536170935368379,William,,Södermalms,59.31522,18.09008,Entire home/apt,2940,1,42,2026-06-23,3.99,17,275,42,
1482167289518628537,Lägenhet nära Barkarby/Stockholm,214106670,1469120297722234613,Marina,,Rinkeby-Tensta,59.41708,17.91079,Entire home/apt,693,3,0,,,1,89,0,
1482311079640916276,"Supercentral, cozy and quiet!",139221738,1482311080461386263,Lisa,,Norrmalms,59.33686,18.06721,Entire home/apt,2968,2,6,2026-05-31,0.57,1,357,6,
1482838263633153348,Rymligt Rum uthyr i stort hus!,89559826,1467085130474035911,Maryam,,Hässelby-Vällingby,59.37551,17.80785,Private room,1244,1,0,,,2,365,0,
1483339686717453191,Exceptional apartment with 3 bedrooms in Stockholm,535802771,1470404191012367337,Lukas,,Kungsholmens,59.33012,18.04708,Entire home/apt,5671,2,51,2026-06-28,4.81,52,284,51,
1483354100594786139,"Cosy apartment in the heart of Old Town, Stockholm",134344766,1483354102689718896,Grazyna,,Södermalms,59.32356,18.06786,Entire home/apt,1718,1,44,2026-06-25,4.26,1,160,44,
1484654130103517447,Catyz place,711791385,1481287717599465799,Catherine Larsson,,Skarpnäcks,59.28041,18.13318,Private room,1524,1,1,2026-06-13,1,2,362,1,
1484947854005293401,Cosy apt in the city,583232160,1484947854599901171,Pelin,,Norrmalms,59.34603,18.0382,Entire home/apt,2331,3,2,2026-02-17,0.20,1,213,2,
1484959006905656035,Rest can be a rebellious act,17403124,1463009332015830064,Jolie,,Skärholmens,59.28545139999999,17.9179131,Entire home/apt,,1,4,2025-09-22,0.38,1,0,4,
1485308568943329940,Beautiful and bright one bedroom at Kungsholmstorg,535802771,1470404191012367337,Lukas,,Kungsholmens,59.32938,18.0433,Entire home/apt,2832,2,42,2026-06-24,4.04,52,275,42,
1485351750093682998,Stay Inn: Spacious Studio Apartment,549905955,1470459465974849876,Stay Inn Apartments,,Kungsholmens,59.33016,18.04572,Entire home/apt,1336,3,13,2026-06-25,1.34,28,292,13,
1485961949605193192,Flat in the heart of the city.,453670757,1470041289368533981,Someya,,Norrmalms,59.3398,18.03395,Entire home/apt,835,25,0,,,1,211,0,
1486209705942685145,Rymlig lägenhet på Kungsholmen,274837294,1469449957244070744,Jessica,,Kungsholmens,59.33059,18.04709,Entire home/apt,,3,3,2025-11-30,0.29,1,0,3,
1486402740220140297,Cayita' Studio Room with Balcony,675192780,1463929880360306491,Cayita,,Enskede-Årsta-Vantörs,59.26014,18.02023,Private room,868,2,5,2026-06-14,0.48,3,359,5,
1486781730697057775,Central room in Södermalm,258597383,1463320026469198693,Jakob,,Södermalms,59.31713,18.07152,Private room,,1,2,2026-05-24,0.19,1,0,2,
1486791410789414571,Spacious 1-bedroom apartment at waterfront,316782764,1469598673104803159,Bella,,Kungsholmens,59.33712,18.02384,Entire home/apt,2641,2,51,2026-06-27,5.17,11,276,51,
1486914344168084266,Malins safe place,419001597,1486914345097913886,Malin,,Östermalms,59.3424971,18.0866999,Entire home/apt,1340,7,3,2026-06-14,0.29,1,231,3,
1487641449627734477,"Rum nära naturen, Globen och Avicii Arena!",13450883,1487641450168715998,Anna,,Skarpnäcks,59.2922269,18.1016351,Private room,705,2,3,2025-10-13,0.29,1,342,3,
1488322158441478492,Modern Scandinavian flat filled with sunlight,79629622,1466972557032665481,Fatina,,Hässelby-Vällingby,59.35437,17.88689,Entire home/apt,,4,8,2026-05-23,0.88,2,0,8,
1488594092361445118,Villa i Familjeidyll - nära city och natur,201855352,1488594093061950329,Maria,,Bromma,59.34666,17.90079,Entire home/apt,,3,4,2026-05-17,0.65,1,1,4,
1489945994418252956,Appartement en centre-ville,48725654,1465739244202529260,Félicia,,Norrmalms,59.33804,18.04977,Entire home/apt,4027,2,5,2026-06-03,0.56,1,120,5,
1490715011395914470,Idyllisk villa i Bromma,3424979,1490715012018007661,Viktor,,Bromma,59.34773975387018,17.90140898500194,Entire home/apt,2415,5,0,,,1,15,0,
1491547396263624853,Cozy room in central Stockholm apartment,348722348,1469692986143138613,Anoop,,Hägersten-Liljeholmens,59.30457,18.03023,Private room,1000,1,19,2026-06-28,1.83,2,49,19,
1492031975353770130,Apartment in center of Stockholm in Östermalm,44010739,1465653679670566441,Helene Inger Elisabet,,Östermalms,59.3418,18.08613,Entire home/apt,7152,1,0,,,1,302,0,
1492517374596538980,Cozy Design Studio Flat Close to Stockholm City,33384529,1485292155040914115,Linnea,,Enskede-Årsta-Vantörs,59.28047,18.09318,Entire home/apt,1099,2,17,2026-06-24,1.97,1,307,17,
1492606093181487149,Sleep Over Only Female share,178407994,1463070087996674544,Mohamed,,Rinkeby-Tensta,59.39152030139794,17.922484284527712,Private room,1712,1,1,2025-08-30,0.10,3,365,1,
1493279989665946717,Upscale living in exclusive neighborhood,51002540,1465791127373831762,Fredrik,,Östermalms,59.33884,18.08063,Entire home/apt,4063,1,38,2026-06-15,3.68,20,287,38,
1493940431899339625,Big room with double bed - 20 min to city,335492224,1469649296926561918,Roba,,Enskede-Årsta-Vantörs,59.25478139999999,18.0320956,Private room,412,1,54,2026-06-29,5.26,1,124,54,
1495056462249622292,"Bright Hornstull Studio Near Metro, Cafés & Water",568485463,1470528733793099256,Marianne,,Södermalms,59.31577,18.03053,Entire home/apt,2544,4,2,2026-06-17,2,2,198,2,
1495058033079902992,Studio Markvik 55 kvm en oas med lugn & ro!,58220998,1495058033788437947,Jan,,Hässelby-Vällingby,59.37324,17.82485,Entire home/apt,1434,3,3,2026-06-14,0.39,1,330,3,
1495556466655820767,Brand new studio w nice balcony,60382478,1466742370835977491,Elias,,Kungsholmens,59.33538,18.01758,Entire home/apt,1940,1,21,2026-06-25,2.11,30,141,21,
1495608298288925671,Trevlig lägenhet högst upp i huset nära Nytorget,43695451,1465648887641811092,Jonas,,Södermalms,59.31462,18.08343,Entire home/apt,1278,7,0,,,1,283,0,
1495855764510785415,Apartment: bedroom + spacious living room + patio,505668797,1495855765190601011,Markus,,Kungsholmens,59.32323,17.9939,Entire home/apt,2055,1,4,2026-06-16,0.58,1,45,4,
1496214636204090454,Bright & Modern 2 Bed 2 Bathroom in Central Sthlm,20897180,1463141427331480186,Nicole,,Enskede-Årsta-Vantörs,59.28203,18.07785,Entire home/apt,,10,0,,,1,0,0,
1496313953347124286,"Lägenhet i hus (egen ingång, kokvrå och badrum)",201123730,1496313954016201044,Karin,,Bromma,59.34629837575688,17.89863334854517,Private room,678,1,8,2026-05-24,1.14,1,66,8,
1496483778815317163,Välkommen till Brommas idyll,710417577,1496483779519885610,Robert,,Bromma,59.3285,17.9634,Entire home/apt,4245,5,0,,,1,212,0,
1497152410896051391,Generator - Superior Twin,270945260,1469430828765806306,Generator,,Norrmalms,59.33637,18.05085,Private room,1270,1,8,2026-06-06,0.92,18,158,8,
1497158740758360851,Generator - Superior Queen,270945260,1469430828765806306,Generator,,Norrmalms,59.33674,18.05063,Private room,1660,1,18,2026-06-01,2.25,18,158,18,
1497163573460739723,Generator - Family Room for 4,270945260,1469430828765806306,Generator,,Norrmalms,59.33627,18.04891,Private room,2560,1,4,2026-05-03,0.79,18,162,4,
1497168341323390909,Generator - Bed in 6 Bed Dorm,270945260,1469430828765806306,Generator,,Norrmalms,59.3366,18.04919,Shared room,328,1,109,2026-06-14,10.76,18,164,109,
1497171464073444986,Generator - Bed in 6 Bed Dorm Female Only,270945260,1469430828765806306,Generator,,Norrmalms,59.33476,18.05094,Shared room,377,1,25,2026-05-19,2.61,18,165,25,
1497174552223837418,Generator - Private 4-bed Room,270945260,1469430828765806306,Generator,,Norrmalms,59.33695,18.05037,Private room,1681,1,12,2026-06-10,1.65,18,163,12,
1497178259494952182,Generator - Bed in 4-bed Dorm,270945260,1469430828765806306,Generator,,Norrmalms,59.3371,18.04877,Shared room,382,1,12,2026-05-25,1.19,18,165,12,
1498019882444614255,Room at a great location in Södermalm,288350701,1469502408640218415,Allison,,Södermalms,59.30754,18.07636,Private room,1367,3,7,2026-06-15,0.80,2,77,7,
1499141880930156498,Great views and parking,31885135,1499141881780833379,Niklas,,Kungsholmens,59.33788,18.01426,Entire home/apt,,2,3,2025-12-05,0.32,1,0,3,
1499446060280139514,Stunning apartment in Östermalm,716378587,1499446061090136887,Cédric,,Östermalms,59.3439,18.07136,Entire home/apt,,4,6,2026-05-23,0.61,1,0,6,
1500711315547811168,Trendy Art Loft Studio,69163820,1466854853201356989,Nils,,Kungsholmens,59.32510261258348,18.005737178027626,Entire home/apt,2169,1,8,2026-06-15,0.91,1,353,8,
1501318326233522972,Generator - 6 bed Dorm,270945260,1469430828765806306,Generator,,Norrmalms,59.33494,18.04891,Private room,1884,1,0,,,18,67,0,
1501324086051053548,Generator - Studio Suite,270945260,1469430828765806306,Generator,,Norrmalms,59.33633,18.05076,Private room,6010,1,0,,,18,163,0,
1501331311099681708,Barnvänligt hus med nära till stockholm city.,57593772,1466690522076426662,Emil,,Farsta,59.25276,18.10327,Entire home/apt,,3,0,,,2,2,0,
1502843068569428510,Rare gem in Kista,115707186,1462907811459023496,Gold Adrian,,Rinkeby-Tensta,59.4086,17.92641,Private room,,1,0,,,1,0,0,
1502927574181129199,Mysig tvåa i Midsommarkransen,462815944,1502927574938056617,Kajsa,,Hägersten-Liljeholmens,59.303119,18.01355,Entire home/apt,1287,1,4,2026-05-05,0.50,1,267,4,
1503369709790709429,Penthouse best location Östermalm,36621044,1462672605981597440,Sidi,,Östermalms,59.336402635463294,18.076296576607344,Entire home/apt,3421,1,6,2026-06-07,0.67,2,337,6,
1503560763977712914,Drömboende i vackert 1920-tals hus!,717355892,1503560764792473692,Björn,,Skarpnäcks,59.27724,18.11006,Entire home/apt,3351,4,4,2026-05-17,0.50,1,74,4,
1503621247050739323,Bekväm & rymlig villa nära Stockholm city,578894299,1470582312983871205,RentAgent Sverige,,Enskede-Årsta-Vantörs,59.28242399999999,18.046214,Entire home/apt,,2,17,2026-02-23,1.79,5,0,17,
1503695075266348787,Villa Filippa,341517571,1469670174148051417,David,,Spånga-Tensta,59.367169940653675,17.914812804229733,Entire home/apt,6848,1,0,,,1,302,0,
1504444948956468619,Simply the best,710281854,1499022775371519431,Anna,,Södermalms,59.309462115227284,18.071915991604328,Entire home/apt,,4,6,2026-02-03,0.69,1,0,6,
1505059901870196526,Rum nära naturen och staden.,197329016,1469028531846198391,Mary,,Enskede-Årsta-Vantörs,59.28807,18.03757,Private room,405,1,3,2026-06-13,0.35,1,62,3,
1505146095166622918,Villa i Gamla Enskede,232094192,1505146095851416095,Gustav Erik Frithiof,,Enskede-Årsta-Vantörs,59.27713018265486,18.089132279079553,Entire home/apt,4120,1,1,2026-05-17,0.67,1,314,1,
1505647822680514275,Bright Nordic Apartment with Balcony | Stockholm,15679636,1505647823503571558,Fernanda,,Hässelby-Vällingby,59.35421,17.88498,Entire home/apt,1997,1,1,2025-12-18,0.15,1,302,1,
1506074924746819447,Etta med sjöutsikt - host-only fee,546329670,1506074925420848991,Malin,,Farsta,59.24365899999999,18.1170861,Entire home/apt,,1,4,2026-05-24,0.47,1,0,4,
1506527718659644955,Mysigt Atterfallshus i lungt villaområde,272544943,1469438548290697031,Dana & Pierre,,Enskede-Årsta-Vantörs,59.2696225,18.0290358,Entire home/apt,1340,4,9,2026-06-19,1.03,1,56,9,
1506758089758317471,Rymlig tvåa,717065840,1506758090518720758,Adam,,Bromma,59.3363503,17.9874994,Entire home/apt,,60,0,,,1,0,0,
1508024507689231895,Lägenhet i hjärtat av Södermalm,193939082,1463106122432368831,Elin,,Södermalms,59.31643,18.08283,Entire home/apt,,3,0,,,1,0,0,
1510765829069211571,Gamla Stan Gem · 5BR · Sea View · 2-10 Guests,225098255,1463218701516563600,Paulina,,Södermalms,59.325992046033775,18.074939511716366,Entire home/apt,10156,1,24,2026-06-14,2.75,1,133,24,
1511445580206169207,Cosy apartment a walking distans to heart of söder,150458374,1468479741745008341,Jennie,,Enskede-Årsta-Vantörs,59.2948,18.08424,Entire home/apt,1256,4,0,,,1,180,0,
1512196810657038159,Live in History – Entire Historic House Rental,447671790,1470015794910594086,Patrik,,Södermalms,59.32558845756055,18.068046144380755,Entire home/apt,6200,1,1,2026-04-12,0.37,13,282,1,
1512196812285321229,Charming Apartment in Old Town,447671790,1470015794910594086,Patrik,,Södermalms,59.32567,18.06815,Entire home/apt,2950,1,14,2026-06-07,1.63,13,305,14,
1512327015535863746,Mysigt rum med en fin egen balkong,719476944,1512327016295350938,Jane,,Kungsholmens,59.340432,18.008211,Private room,822,1,22,2026-06-18,2.47,1,198,22,
1512836417501298223,Gamla Stan II · Small One-Bedroom Apartment,362541894,1469727868135391449,ApartDirect,,Södermalms,59.3249171,18.0684549,Entire home/apt,2618,1,21,2026-06-15,2.36,22,243,21,
1512884625660455519,Chic apartment 10-min walk from the city center,99698811,1467198307786969273,Maria,,Norrmalms,59.34727,18.03264,Entire home/apt,310,120,0,,,1,288,0,
1512896954287042465,Stylish Studio Apt in Popular Södermalm,1027549,1462536170935368379,William,,Södermalms,59.31523,18.09201,Entire home/apt,2422,1,36,2026-06-03,4.01,17,316,36,
1512965792340996724,Cozy Apartment in Gamla Enskede,59077238,1512965793031328289,Sanna,,Enskede-Årsta-Vantörs,59.28565,18.08899,Entire home/apt,2319,1,5,2026-06-24,0.58,1,143,5,
1513669414664840692,House on a hill,719783121,1513669415296004737,Lars-Gunnar,,Enskede-Årsta-Vantörs,59.27709,18.03656,Entire home/apt,3196,1,0,,,1,359,0,
1514358861201680386,Houseboat in central Stockholm,353962649,1469707588819192493,Pia,,Södermalms,59.31442,18.05236,Entire home/apt,,5,0,,,2,0,0,
1515742427875964690,Luxury Apartment in Stockholm,714978689,1494944001002997182,Nordic Guest,,Norrmalms,59.34113,18.03495,Entire home/apt,560,180,0,,,13,365,0,
1516537959444608266,"Cosy & light 2 room apartment in SoFo, 60sqm",240767680,1469279965044232022,Julius Apartment,,Södermalms,59.31407165839549,18.080220528998048,Entire home/apt,1792,1,33,2026-06-16,3.68,7,167,33,
1516552045094929757,Lägenhet i Stockholm,2829995,1516552045839635757,Najam,,Enskede-Årsta-Vantörs,59.28928,18.09544,Entire home/apt,668,1,5,2026-01-23,0.73,1,14,5,
1516852024350749196,Studio apartment in relaxed Gröndal,720534628,1516852025023043791,John Samuel,,Hägersten-Liljeholmens,59.31564332491636,17.99950538563827,Entire home/apt,,7,0,,,1,0,0,
1517138251580603597,Rymligt hus i härligt område nära natur och city.,290739087,1517138252420196934,Eva,,Bromma,59.3258307,17.9313623,Entire home/apt,3647,3,10,2026-06-01,1.21,1,316,10,
1517583853899470957,Cosy stylish studio in the heart of Kungsholmen,484157719,1470180002738792257,Gabriele,,Kungsholmens,59.3309,18.01587,Entire home/apt,1273,3,9,2026-06-06,1.00,1,312,9,
1517962570966983379,Mysiga trean nära natur och storstad!,512436349,1470304602501017993,Camilla,,Östermalms,59.34537599999999,18.1095412,Entire home/apt,2283,1,4,2026-06-28,1.74,1,55,4,
1518029871419523424,"Studio with Balcony, Södermalm",1027549,1462536170935368379,William,,Södermalms,59.31559,18.09153,Entire home/apt,2339,1,18,2026-06-06,2.17,17,351,18,
1518947120255495232,Comfortable Room in the Heart of Stockholm,397878986,1518947121076206239,Unni,,Södermalms,59.312391301772216,18.095421641525252,Private room,366,1,33,2026-03-04,3.71,2,113,33,
1518992217482651420,Attefallshus,330762003,1469635871697310626,Niklas,,Hässelby-Vällingby,59.37757964074784,17.82052563989992,Entire home/apt,719,2,3,2026-02-15,0.36,1,323,3,
1519434530413440106,Ett elegant och bekväm hem för avslappning,669482758,1519434531266427950,Zani,,Skärholmens,59.27388,17.87711,Entire home/apt,1930,7,0,,,1,273,0,
1519588884991837803,"Cozy Studio with a View, Mariaberget, Södermalm",85350356,1467029203557307022,Gizem,,Södermalms,59.31977,18.06163,Entire home/apt,,2,7,2026-06-30,0.82,1,0,7,
1519642719140641464,Worker & Family Studio • 2 Beds + Fully equipped,497702675,1470239000297657937,Workershomesgbg,,Farsta,59.24384407194191,18.116599917411804,Entire home/apt,,2,0,,,1,0,0,
1520221871829837091,"Vasastan, upplandsgatan",558753451,1470498571969384932,Valerie Luna Belle,,Norrmalms,59.34546,18.0454,Entire home/apt,378,90,0,,,1,337,0,
1520371458658210062,Tvingvägen 26,359469845,1520371459422300622,Disa,,Älvsjö,59.29305,17.9994,Entire home/apt,913,1,0,,,1,351,0,
1520860091020684650,Chic flat in upscale neighborhood,51002540,1465791127373831762,Fredrik,,Östermalms,59.33864,18.08252,Entire home/apt,3462,1,41,2026-06-15,4.59,20,292,41,
1520959089509685990,Sjövillan,721439640,1520959090124712377,Klubbensborg,,Hägersten-Liljeholmens,59.30761308439829,17.959759402655028,Entire home/apt,1653,2,0,,,1,255,0,
1521057234505697399,4a på södermalm,720175856,1521057235103633324,My Josefine Pauline,,Södermalms,59.32011,18.05828,Entire home/apt,3004,1,1,2025-10-06,0.11,1,266,1,
1521184022605191562,Mysigt rum i lugn sekelskiftesfastighet,59195688,1466713073288187749,Titti,,Norrmalms,59.33715,18.05474,Private room,,1,2,2026-02-28,0.30,1,0,2,
1521695581970634705,Husbil b-körkort 4 personer - upptäck Sverige,36519274,1462672263445131191,Madeleine,,Bromma,59.33852330000001,17.9846678,Entire home/apt,1826,7,0,,,1,333,0,
1522497387908540990,Unikt boende på Kungliga Djurgården,2353318,1462592821799243527,La Marika,,Östermalms,59.32459,18.09682,Private room,2018,3,5,2026-06-11,0.70,4,341,5,
1523098933059653510,Cosy & Fresh room in Stockholm City.,135014605,1523098933800272827,Nnenna Mary,,Östermalms,59.35217,18.05664,Private room,799,1,55,2026-06-26,6.11,2,123,55,
1523142889704953061,Scandi Charm + Balcony on Södermalm,1027549,1462536170935368379,William,,Södermalms,59.31415,18.09196,Entire home/apt,2950,1,34,2026-06-14,3.86,17,299,34,
1523903539480144146,Great Location - But noisy,545176451,1470217196648304762,Stefan,,Södermalms,59.323258177390876,18.070515678864666,Entire home/apt,1284,1,47,2026-06-15,5.53,1,265,47,
1524558022577970291,"Hus med bastu, 5 min prom till vattnet & natur",64448557,1466795692688059744,Madeleine,,Hässelby-Vällingby,59.38000000984063,17.80536036383052,Entire home/apt,2421,1,1,2026-01-02,0.17,1,32,1,
1524587227212178888,Studio Döbeln,162126782,1524587227863985878,Anna,,Norrmalms,59.34561,18.05771,Private room,1577,1,3,2026-05-22,0.34,1,2,3,
1525354766247214276,Banergatan /stockholm,8275534,1462753649386275248,Ulrika,,Östermalms,59.3405752,18.0968085,Private room,1798,4,0,,,1,310,0,
1525394922575622827,"Södermalm 3BR Apartment, 85sqm, Fast Wi-Fi, Centra",714978689,1494944001002997182,Nordic Guest,,Södermalms,59.3143111,18.0813452,Entire home/apt,4740,2,10,2026-06-06,1.42,13,285,10,
1525400006924569680,Peaceful Apartment Near City & Nature,261487185,1525400007693523679,Tobias,,Östermalms,59.35458795692574,18.099113926291466,Entire home/apt,1902,1,1,2026-06-14,1,1,132,1,
1525471198264717116,Attefallshus i Enskede,95571371,1525471198845181011,Petra,,Skarpnäcks,59.27798617941227,18.10984920302988,Entire home/apt,1167,2,3,2026-06-24,0.35,1,61,3,
1525947771747794330,Modern och citynära fyrarummare med balkong.,5811064,1519619577514889105,Patricia,,Kungsholmens,59.33829,18.00624,Entire home/apt,3444,1,0,,,1,181,0,
1525989236628452259,Central apartment on Drottninggatan. Stockholm,722603631,1525989237312719666,Joakim,,Norrmalms,59.33799,18.05791,Entire home/apt,,1,24,2026-06-14,2.73,1,0,24,
1526026776073355041,"2 sovrum, vardagsrum kök och delat badrum!",722611930,1526026776653454879,Alan,,Rinkeby-Tensta,59.4009605,17.9403996,Private room,2008,1,0,,,1,365,0,
1526740234397176714,Luxurious 2-bedroom apartment in Östermalm,563563946,1470513661750742716,Hedvig,,Östermalms,59.33568,18.08071,Entire home/apt,3902,2,45,2026-06-28,5.49,11,320,45,
1527496492578581075,"Luxury Villa with Hot Tub & Sauna, Near Downtown S",714978689,1494944001002997182,Nordic Guest,,Älvsjö,59.27652,17.9968,Entire home/apt,9661,2,7,2026-05-25,1.19,13,310,7,
1528043927473047399,Your Cozy Home in the Heart of Södermalm,55630581,1465911139772159211,Kimberly,,Södermalms,59.3099046,18.0765214,Entire home/apt,,5,2,2026-06-12,0.33,1,0,2,
1528203806916553099,Familjevänligt radhus i härliga Mälarhöjden,24619797,1528203807575941161,Karin,,Hägersten-Liljeholmens,59.29953,17.97729,Entire home/apt,2200,5,3,2026-06-13,1.22,1,230,3,
1528831804452152806,Stay Inn: Bright & Cozy Apartment in SoFo,549905955,1470459465974849876,Stay Inn Apartments,,Södermalms,59.31619,18.08523,Entire home/apt,2268,2,7,2025-12-29,0.85,28,203,7,
1528862336756969493,Rum med egen toallet älvsjö 3min från pendel,723290046,1528862337525701749,Johan,,Älvsjö,59.281274821888765,18.0106811883606,Private room,276,1,1,2025-10-23,0.12,1,347,1,
1528910980001757182,Spacious Room with Balcony in Modern 80 m² House,250692690,1469328886413562536,Angela,,Hässelby-Vällingby,59.38425,17.82432,Private room,742,2,0,,,2,117,0,
1529797463780587179,Cozy apartment close to amenities.,723497771,1529797464480153774,Bettina Betty,,Rinkeby-Tensta,59.40959,17.93476,Entire home/apt,,1,0,,,1,360,0,
1530254893298546266,Delfina af Stockholm,521624680,1463865460412435008,Mikael,,Östermalms,59.32321,18.09557,Entire home/apt,3995,1,4,2026-06-17,2.31,1,119,4,
1530361558698298962,Cozy & Spacious Place with Beautiful Natural Light,17264356,1530361559554441010,Alan,,Östermalms,59.3448,18.08497,Entire home/apt,4643,1,4,2026-05-16,0.51,1,21,4,
1530485642640837459,Mysig undervåning nära stan,74934931,1466921698555427901,Kate,,Farsta,59.26634,18.08987,Entire home/apt,,1,0,,,1,0,0,
1530593304240462848,Amazing room in central Stockholm,16631223,1462991342529440104,My,,Södermalms,59.31800353201654,18.0490804843076,Private room,1601,2,3,2026-06-19,3,1,63,3,
1531704283534453679,Incredible cozy apartment with perfect location,55506443,1465909384313221884,Kira,,Östermalms,59.34283,18.07036,Entire home/apt,,14,6,2026-06-01,0.72,1,0,6,
1531705835946264068,Trevlig lägenhet Östermalm/Stureplan,707798271,1531705836869896244,Malin,,Östermalms,59.33710813210236,18.075667396187782,Entire home/apt,5421,2,1,2026-01-02,0.17,1,147,1,
1532430019114667355,"Nyrenoverad, högt upp med 3 sovrum och 2 badrum",9782252,1462823262734913326,Johnnie,,Norrmalms,59.34839,18.04083,Entire home/apt,3375,2,3,2026-06-14,0.42,1,47,3,
1532502613272861904,Heart of Old Town,447671790,1470015794910594086,Patrik,,Södermalms,59.32624247637961,18.0708566032305,Entire home/apt,3500,1,1,2025-12-25,0.16,13,279,1,
1533016861191368550,"Röda Stugan i Örby, Älvsjö.",510033084,1470293180493661041,Osyris,,Enskede-Årsta-Vantörs,59.2698452,18.0226494,Entire home/apt,1490,2,13,2026-06-17,1.77,1,145,13,
1533274977893739696,Rum i Hässelby Gård Centrum,713461129,1487633211011315319,Evgeny,,Hässelby-Vällingby,59.36651919999999,17.8441542,Private room,463,1,0,,,1,363,0,
1533512318677714030,17th Floor with Style,16932899,1462998358995481568,Patrik,,Södermalms,59.30968,18.05426,Private room,,2,5,2025-11-30,0.60,1,0,5,
1533597664805027383,Perfekta boendet i Vasastan,467547309,1470107922049313366,Diar,,Norrmalms,59.34843543141055,18.037782384911225,Entire home/apt,2032,1,0,,,3,241,0,
1534085359083630912,Södermalm Apartment by Metro and Skinnarviksberget,664227674,1470666930861297474,Cerasela,,Södermalms,59.31808530000001,18.0497417,Entire home/apt,1821,1,46,2026-06-27,5.56,3,269,46,
1534684415171991908,Taklägenhet med stor balkong,705654729,1470752085151281029,Freja,,Östermalms,59.34573469999999,18.0688009,Entire home/apt,3436,1,5,2026-06-14,2.14,1,293,5,
1535445187999008386,Central Stockholm – where the locals want to live,397878986,1518947121076206239,Unni,,Södermalms,59.31236850924967,18.095303624328597,Private room,736,1,11,2026-06-08,1.56,2,4,11,
1535497503698710532,Cool apartment in trendy Hornstull,365710979,1469736466333400480,Britt,,Södermalms,59.31892,18.03714,Entire home/apt,2663,3,2,2026-05-31,0.91,1,202,2,
1535625934845549397,Near Arlanda & City-Private Room-2 min to Metro.,182141922,1468757553023792883,Shafiqul,,Rinkeby-Tensta,59.41661,17.91328,Private room,382,1,3,2026-04-11,0.42,2,202,3,
1536780575413355110,Urban Studio in Hornstull,1027549,1462536170935368379,William,,Södermalms,59.3156,18.03156,Entire home/apt,1780,1,16,2026-06-23,1.94,17,343,16,
1536949827924586217,Unik lägenhet i centrala Stockholm,483083919,1470175191652839184,Louis,,Östermalms,59.34299,18.06492,Entire home/apt,4311,3,2,2025-12-29,0.31,5,109,2,
1537095985207922845,Cosy Apartment In Heart Of Alvsjo,725174436,1537095985862742635,Flo,,Älvsjö,59.27837,18.00002,Entire home/apt,894,1,4,2026-01-02,0.48,1,334,4,
1538293896570569224,1-Bedroom Apartment with Patio on Odengatan,24415973,1465299735115649725,Hala,,Norrmalms,59.3449685,18.0587576,Entire home/apt,,60,0,,,1,46,0,
1538897479434749567,Ribe Casa | Gratis parkering,725582062,1538897480027385082,Athanasios,,Rinkeby-Tensta,59.40316,17.93075,Entire home/apt,2055,1,2,2026-01-03,0.32,1,183,2,
1539211823151457890,"Stockholm, Bandhagen — quiet room, min. 14 nights",725653625,1539211823782149436,John,,Enskede-Årsta-Vantörs,59.26849249999999,18.0515825,Private room,485,14,0,,,1,294,0,
1539417772427961717,Hermoso apartamento a 5 min del metro.,364397925,1469732668045807011,Magalys,,Hässelby-Vällingby,59.36348530000001,17.8460022,Entire home/apt,834,1,16,2026-06-15,1.95,8,306,16,
1539647590952904339,Central Södermalm Apartment – Close to Everything,455682089,1470050414234689165,Anton,,Södermalms,59.31475,18.07669,Entire home/apt,1289,1,18,2026-06-09,2.25,4,9,18,
1539829018089247323,Fräsch lägenhet nära tunnelbanan.,17474848,1539829019080129045,Linda,,Skarpnäcks,59.26516,18.13518,Entire home/apt,,30,9,2026-02-07,1.11,1,118,9,
1540120065780621519,Avkopplande Villa med Bastu i Stockholm,702411550,1463950187974132808,Skandiva Hem,,Hässelby-Vällingby,59.37542,17.80396,Entire home/apt,4083,4,0,,,2,168,0,
1540596248109420055,The Grand Residence,361529221,1469725475544260882,Martin,,Norrmalms,59.33798476511192,18.06607749313116,Entire home/apt,13500,3,18,2026-06-14,2.45,5,267,18,
1541238014403906680,Spacious 3-bedrooms in city centre,488217377,1541238015009031230,Noor,,Norrmalms,59.3365996,18.0517261,Entire home/apt,3880,1,1,2026-05-31,1,1,314,1,
1541315292357169678,Modern Studio-Apartment Close to Stockholm,714978689,1494944001002997182,Nordic Guest,,Södermalms,59.3031742,18.0979083,Entire home/apt,1438,1,21,2026-06-21,2.96,13,13,21,
1541951491308599336,Mysig lägenhet på Östermalm,398698095,1469833020919036856,Elliot,,Östermalms,59.34564,18.09542,Entire home/apt,2103,1,35,2026-06-28,4.71,5,355,35,
1542543561981048362,"Cozy Townhouse – Nature & Water Near City, Gröndal",5740325,1462688266401176454,Tini,,Hägersten-Liljeholmens,59.31335,17.99272,Entire home/apt,,1,2,2026-01-01,0.26,1,0,2,
1544064846322644358,Workers Stay - Workers Accommodations,494507600,1463835208843774803,Workers Stay,,Hässelby-Vällingby,59.358532100585414,17.8897398905311,Entire home/apt,1679,1,1,2025-12-20,0.16,8,350,1,
1544262669434049452,Spacious studio in central Stockholm,271346174,1463352607514495320,StayPlus,,Södermalms,59.31323111437329,18.07979106518148,Entire home/apt,1196,1,11,2026-06-25,1.60,50,288,11,
1544744351992865067,Beautiful Escape in Elegant Vasastan,3171686,1462621698658976516,Jacob,,Norrmalms,59.33987,18.03613,Entire home/apt,1535,3,2,2026-04-07,0.33,1,236,2,
1545000532746131944,Classic Elegant Apartment - Heart of Stockholm,12700221,1462893651610787262,Johannes,,Norrmalms,59.342521,18.0423895,Entire home/apt,,4,1,2025-12-18,0.15,1,0,1,
1545008185579263168,Mysig lägenhet med närhet till det mesta.,726963669,1545008186246270325,Martin,,Enskede-Årsta-Vantörs,59.299669835438394,18.071653920919015,Entire home/apt,2780,1,2,2026-03-21,0.29,1,8,2,
1545584053929234384,Modern Villa with Lake Views - 15 min to Stockholm,169452050,1545584054532177759,Karin,,Hägersten-Liljeholmens,59.3032756,17.9415826,Entire home/apt,6391,5,0,,,1,218,0,
1545792976986890438,Cosy,693705836,1470728741303595845,Kiné,,Skarpnäcks,59.28614,18.1126,Private room,628,1,2,2026-02-22,0.36,1,297,2,
1545955795285241857,Central våning,722980678,1527523764692677504,Emmie Veronica Stina,,Norrmalms,59.33605312561478,18.055535513419848,Entire home/apt,1541,1,0,,,1,354,0,
1546347371034039236,Telefonplans torg,16709144,1462993190115739241,Stefan,,Hägersten-Liljeholmens,59.2987368,17.9971258,Private room,514,1,11,2026-06-13,1.55,1,293,11,
1546987152613676821,Bromma Pippi Långstrump,414865211,1546985864702406608,Stefan,,Bromma,59.365971481858736,17.948274202644825,Private room,832,1,0,,,1,334,0,
1546991886836349074,Lugnt gästrum nära city & natur,412457233,1546991887445306927,Per,,Älvsjö,59.29147399999999,18.0017067,Private room,457,2,11,2026-06-28,1.55,1,195,11,
1547836811287604667,Workers Stay - Temporary Housing Stockholm,494507600,1463835208843774803,Workers Stay,,Älvsjö,59.274,17.98853,Entire home/apt,1679,1,0,,,8,365,0,
1548541805194929946,Hus i centrala Stockholm med trädgård & takterrass,21621327,1462617944414864576,Alexander,,Kungsholmens,59.319456785028436,17.98575672883607,Entire home/apt,2903,3,0,,,1,11,0,
1548652017367311290,Central Charm Apartment,271346174,1463352607514495320,StayPlus,,Södermalms,59.31415,18.07792,Entire home/apt,1270,2,7,2026-06-08,1.09,50,303,7,
1549073667901934380,Mysigt boende i Gamla Enskede nära Avicii Arena,181154728,1552398491149435863,Hanna,,Enskede-Årsta-Vantörs,59.2823235,18.0926605,Entire home/apt,1541,1,18,2026-06-24,2.56,1,125,18,
1549944856565350625,Sunlit Apartment near Södermalm | Calm & Minimal,1574447,1462562096461858635,Mehdi,,Hägersten-Liljeholmens,59.30174862600592,18.011038899421692,Entire home/apt,1998,2,4,2026-06-14,2.67,1,210,4,
1552059785427838386,Workers Stay - Accommodation for Workers,494507600,1463835208843774803,Workers Stay,,Hässelby-Vällingby,59.37472,17.80575,Entire home/apt,2143,2,0,,,8,365,0,
1552154790776384023,20-talsdröm i Enskede,41177095,1465612594100600194,Gustaf,,Enskede-Årsta-Vantörs,59.28142579999999,18.0490097,Entire home/apt,3119,3,4,2026-07-02,0.66,1,7,4,
1552259557022650012,Cosy and Peaceful Retreat,271346174,1463352607514495320,StayPlus,,Södermalms,59.31269,18.07762,Entire home/apt,1399,1,7,2026-06-24,1.93,50,311,7,
1552671676291143994,The Hide-out,728801802,1552671677015062658,Jesper,,Enskede-Årsta-Vantörs,59.27786,18.03221,Entire home/apt,1056,1,12,2026-06-11,1.71,1,345,12,
1552884486349279581,Charming apartment 3-minutes walk from Nytorget,728845053,1552884487138840243,B,,Södermalms,59.30987,18.08715,Entire home/apt,,3,2,2026-06-25,0.33,1,0,2,
1552929440383782773,Beautiful apartment on a cosy street in Södermalm,725588486,1552929440902069812,Bella,,Södermalms,59.31928,18.07251,Entire home/apt,2789,2,24,2026-06-27,3.29,7,134,24,
1553045381536583109,Light-Filled Apartment Overlooking Hornstull,1027549,1462536170935368379,William,,Södermalms,59.315,18.03249,Entire home/apt,2287,1,21,2026-05-28,2.81,17,307,21,
1553114942514411539,Familjehuset,218482545,1553114943234461028,Joakim,,Rinkeby-Tensta,59.40247793974688,17.92889591306448,Entire home/apt,2499,5,1,2026-01-03,0.17,1,177,1,
1553548822635543227,Great apartment in city centre - live like a local,16821878,1462995788717648029,Axel,,Norrmalms,59.34466,18.04505,Entire home/apt,,7,4,2026-02-18,0.63,2,2,4,
1553571100925092973,Eget rum i mysig villa,707931688,1553571101619035436,Carolina,,Spånga-Tensta,59.36986,17.90503,Private room,578,1,8,2026-06-15,1.37,1,309,8,
1554916263093184406,Mpg26,31259114,1554916263891202114,Ellen,,Södermalms,59.31519,18.06168,Entire home/apt,6847,3,5,2026-06-01,0.77,1,298,5,
1555566160461695886,Cozy 3 bedroom apartment in the heart of the city,620052,1462523862317480608,Angus,,Norrmalms,59.343762826185106,18.030722217313137,Entire home/apt,3128,6,1,2026-01-11,0.18,1,206,1,
1555704756576440967,Garden city house,10965884,1462853833332169279,Karolina,,Skarpnäcks,59.28213,18.10376,Entire home/apt,4140,5,0,,,1,8,0,
1555769480847577004,Central waterfront luxury penthouse,334253635,1555769481492753953,Karan,,Kungsholmens,59.33914,18.00392,Entire home/apt,3861,1,5,2026-06-22,0.84,1,342,5,
1555829461226676072,Lägenhet i Stockholm,157329494,1555829462037438524,Elis,,Östermalms,59.34505,18.09584,Entire home/apt,1274,2,6,2026-06-21,0.98,1,225,6,
1555947562913821154,Cozy 3BR Townhouse near City + Free Parking,702411550,1463950187974132808,Skandiva Hem,,Spånga-Tensta,59.39623,17.88882,Entire home/apt,2340,1,17,2026-06-23,2.42,2,165,17,
1555990967981722183,Modern 70 Sqm Apartment - with big balcony,85626544,1467031900544627837,Stayler,,Kungsholmens,59.3359914,18.0256006,Entire home/apt,4828,1,7,2026-05-27,0.95,1,276,7,
1556016584333748918,1 bedroom apartment - walking distance from all,2532579,1462597677650141983,Mariah,,Norrmalms,59.33606,18.0638,Entire home/apt,2091,2,1,2025-11-30,0.14,1,8,1,
1556037791071028467,Perfect flat in the heart of Östermalm,502272229,1556037791743807109,Alexandra,,Östermalms,59.33739036231348,18.079336969184403,Entire home/apt,,7,0,,,1,358,0,
1556939309194045544,Rum centrala Stockholm,58536854,1462740339643446037,Nicki,,Östermalms,59.34943512509377,18.064056343537295,Private room,965,6,0,,,2,196,0,
1557744683773311152,Sockerbagarn,270562250,1469429084780984781,Malin,,Farsta,59.26037,18.10567,Entire home/apt,,1,0,,,1,0,0,
1558050935343610169,Mysig 2-rumslägenhet med fransk balkong på Söder!,448762607,1470021087046540520,Emma,,Södermalms,59.31015209316892,18.087635412812233,Entire home/apt,1940,1,5,2026-06-16,0.84,1,98,5,
1558504758672052406,Charmig och ljus sekelskiftesfyra högst upp.,728348185,1558504731197753547,Bodil,,Norrmalms,59.344179210172214,18.041261695325375,Entire home/apt,5706,4,3,2026-05-19,0.49,1,31,3,
1558671423975651730,Lägenhet med ett sovrum och fantastisk utsikt,31783855,1465466941194125459,Residence,,Södermalms,59.3244167,18.073575,Entire home/apt,2739,1,16,2026-06-24,2.36,9,247,16,
1558706596067580773,Workers Stay - Furnished Apartment Stockholm,494507600,1463835208843774803,Workers Stay,,Skärholmens,59.2725,17.90573,Entire home/apt,1000,1,0,,,8,365,0,
1558973097284904435,Casa  Alma,29819652,1462649416554025664,Alessia,,Kungsholmens,59.32699,18.0139,Private room,590,14,0,,,1,219,0,
1559269063622999168,Sjöutsikt i Mälarhöjden,43149076,1559269064266634012,Måns,,Hägersten-Liljeholmens,59.3032318,17.9515651,Entire home/apt,2054,2,31,2026-06-21,4.51,1,27,31,
1559413455137399348,Södermalm City Flat,447671790,1470015794910594086,Patrik,,Södermalms,59.31677846759652,18.02933822423631,Entire home/apt,4427,1,5,2026-06-07,1.00,13,313,5,
1560083056979817255,Övernattningslägenhet Stockholm,36521729,1465543879430726815,Anna,,Enskede-Årsta-Vantörs,59.28313,18.08597,Private room,938,2,6,2026-05-24,1.26,2,327,6,
1560359577374439163,Rum uthyres i lägenhet,195696236,1469020179047230942,Zina,,Hägersten-Liljeholmens,59.30233,17.99107,Private room,,1,0,,,1,0,0,
1560723288296143320,Room in Art resident in Royal Djurgården,2353318,1462592821799243527,La Marika,,Östermalms,59.32546,18.09503,Private room,1283,3,6,2026-05-23,0.88,4,359,6,
1560768494867104952,Unikt boende på Kungliga djurgården,2353318,1462592821799243527,La Marika,,Östermalms,59.32582,18.0963,Private room,1255,3,4,2026-05-26,0.56,4,344,4,
1560988100540269276,Modern century apartment in heart of town,76785645,1466941159570015437,Viktor,,Södermalms,59.3181,18.07355,Entire home/apt,4413,6,0,,,1,310,0,
1561046272967340602,Ljus och rymlig trea i Bredäng,8676651,1462773491344942445,Camilla,,Skärholmens,59.29782,17.93128,Entire home/apt,,3,0,,,1,0,0,
1561630585974007390,Architect-designed gem by the forest near Långsjön,661014220,1470659539282870686,Landfolk,,Älvsjö,59.27598632500454,17.959650949865463,Entire home/apt,9697,1,0,,,1,43,0,
1562186064114671287,Compact Studio in Trendy Neighborhood,60382478,1466742370835977491,Elias,,Södermalms,59.31775649999999,18.0265458,Entire home/apt,2030,1,14,2026-06-24,2.04,30,324,14,
1562492573033526331,Bright Modern Home in Älvsjö – Family Friendly,28489167,1465420414011491220,Martina,,Älvsjö,59.28129,18.00956,Entire home/apt,1229,5,0,,,1,217,0,
1562787036405021935,Tegnergatan 19,731092615,1562787037046195622,Jesper,,Norrmalms,59.33895,18.06239,Entire home/apt,616,16,0,,,1,333,0,
1562916365118436766,Swedish classic-style apartment,66931031,1466826713229306037,Alexandra,,Norrmalms,59.34178,18.03312,Entire home/apt,,4,0,,,1,0,0,
1562922615449971948,"Charmigt hus med trädgård, studsmatta & grill",5096428,1462538909747185426,Xiao,,Enskede-Årsta-Vantörs,59.28589603503593,18.07092061375491,Entire home/apt,1504,2,1,2026-03-20,0.29,1,204,1,
1563328209087404133,Elegant 2:a vid Gärdet - hög komfort & bra läge,732014028,1567084430589941113,Leo,,Östermalms,59.3468702,18.1016827,Entire home/apt,1136,1,12,2026-06-09,2.01,2,342,12,
1566103153126484805,Charming central apartment,172156125,1468671406674102922,Leila,,Södermalms,59.31881,18.03737,Entire home/apt,2311,1,3,2026-06-01,1.41,1,347,3,
1566913702663051847,Room in Modern Apartment by the Water,258047026,1469363406660890576,Hassan,,Skärholmens,59.2984934,17.9292856,Private room,727,1,39,2026-06-21,6.19,1,274,39,
1567084429902928151,Elegant 2:a vid Gördet - hög komfort & bra läge,732014028,1567084430589941113,Leo,,Östermalms,59.3461,18.10122,Entire home/apt,1387,1,0,,,2,350,0,
1567421416242153062,"Rum i vindslägenhet, centrala Södermalm",182826347,1468944550922582474,Emma,,Södermalms,59.3186,18.0726,Private room,,1,1,2025-12-14,0.15,2,0,1,
1567514469515359207,Mysigt barnvänligt hus med trädgård nära Stockholm,7864846,1462743195719063074,Gina,,Älvsjö,59.27635712692744,17.97302288413087,Entire home/apt,2494,5,0,,,1,210,0,
1568065128794193490,Cozy Studio Flat - 2 stops from the City,732234945,1568065129509096911,Liza,,Enskede-Årsta-Vantörs,59.29810819999999,18.0339418,Entire home/apt,1621,1,13,2026-06-26,2.17,1,276,13,
1568137710684375373,Cozy 2-Bedroom Apartment in Stockholm,725588486,1552929440902069812,Bella,,Kungsholmens,59.32975,18.00591,Entire home/apt,2586,2,28,2026-06-20,4.38,7,102,28,
1568780744588735275,Bright Loft Studio in the Heart of Hornstull,5409380,1568780745401585794,Minna,,Södermalms,59.31583,18.03399,Entire home/apt,1155,1,1,2026-06-15,1,1,122,1,
1569880618468831148,Apartment Alvik,478855251,1470157284571231831,Simon,,Bromma,59.33783,17.96103,Entire home/apt,1280,1,0,,,1,59,0,
1570893650124512831,Separate apparment in house in calm area,732853403,1570893650838551597,Sanna,,Bromma,59.35226,17.91237,Entire home/apt,,2,1,2026-01-03,0.16,1,0,1,
1571147034824136220,"Fräsch Lägenhet, Centrala Stockholm.",58536854,1462740339643446037,Nicki,,Norrmalms,59.34603,18.06174,Entire home/apt,2910,1,1,2026-06-15,1,2,164,1,
1571158262064773024,Mysig etta vid Karlaplan,192696633,1571158262660023923,Michael,,Östermalms,59.3386179,18.0956744,Entire home/apt,,90,0,,,1,365,0,
1571679868792596859,Mysig liten 2a i SoFo på Södermalm,406410785,1469858668241050776,Frida,,Södermalms,59.30766,18.08567,Entire home/apt,,2,3,2026-05-23,0.50,1,5,3,
1571985353429391134,Boende nära stad och natur,4218566,1462650676888234725,Catharina,,Skarpnäcks,59.27712184600901,18.115341960944175,Private room,885,2,11,2026-06-14,1.72,2,17,11,
1573120242833729599,Old Town Pearl,447671790,1470015794910594086,Patrik,,Södermalms,59.32559,18.06829,Entire home/apt,3000,1,3,2026-04-19,0.68,13,303,3,
1573151688800400624,Sekelskiftesvåning 220 kvadratmeter på Östermalm,19698261,1463089037912645323,Lara,,Östermalms,59.34241,18.07242,Entire home/apt,2837,31,0,,,1,93,0,
1574811837805385551,Mysigt familjeboende,544278634,1547745277288380998,Zenon&Aline,,Rinkeby-Tensta,59.39786,17.93668,Entire home/apt,2004,1,19,2026-06-26,3.05,1,298,19,
1575383407156324664,Large city apartment - 11 minutes from t-centralen,14577619,1575383407838035428,Sejal,,Hägersten-Liljeholmens,59.30904,18.02003,Entire home/apt,1600,5,0,,,1,199,0,
1575501520733607243,Apartment in central city with balcony. 5th floor.,156766828,1468529197054858649,Farah,,Norrmalms,59.33695,18.05995,Entire home/apt,2704,1,1,2026-06-14,1,2,348,1,
1578172470856001973,"Enkelt rum När Årsta, Gullmarsplan, Årstaberg",429500182,1469945823005725709,Yemesrach,,Enskede-Årsta-Vantörs,59.29377,18.05291,Private room,434,3,2,2026-05-05,0.37,2,330,2,
1578201453660688032,Enkelt rum utan fönster vid Hornstull. Nära sjö.,429500182,1469945823005725709,Yemesrach,,Södermalms,59.31814,18.02513,Private room,493,2,1,2026-02-16,0.22,2,76,1,
1578933257906471441,Cozy two bedroom flat in Stockholm,596599779,1578933258523159615,Martin,,Hägersten-Liljeholmens,59.31311,18.02969,Entire home/apt,,3,0,,,1,0,0,
1579129669374402121,Quite and natural area with balcony close to city.,661061963,1463912805072520345,Victor,,Farsta,59.2730952007549,18.066094003008978,Entire home/apt,645,5,0,,,1,83,0,
1579845601045629920,Nybyggd lägenhet i villa nära Stockholm city,134636563,1468342778278300073,Mikael,,Hägersten-Liljeholmens,59.295946527612415,17.989889346063137,Entire home/apt,1040,1,33,2026-06-28,5.63,2,241,33,
1579889776709897037,Old Town Hideaway –  Apartment by the Royal Palace,203606146,1469062508981580341,Noblet,,Södermalms,59.32323154875146,18.070816615231905,Entire home/apt,3450,1,17,2026-06-22,3.75,1,137,17,
1581299143863087222,Mysig sekelskifteslägenhet i Vasastan,13589530,1462914734530481651,Bonnie,,Norrmalms,59.34014,18.0324,Entire home/apt,2157,1,2,2026-06-07,1.02,1,185,2,
1584738557823742157,Stilren lägenhet vid Gärdet,591438020,1470615690496576666,Arvid,,Östermalms,59.34901,18.09979,Entire home/apt,2098,3,2,2026-06-19,2,4,345,2,
1585397117440160047,Quiet & Modern Apartment,116044429,1468190773657911864,Guven,,Kungsholmens,59.3392,18.00957,Entire home/apt,4451,1,0,,,10,67,0,
1586021108481964949,Your peaceful home away from home,53902008,1465875731568557706,Jan-Olof,,Hässelby-Vällingby,59.39424563291942,17.813997119665146,Entire home/apt,2395,1,2,2026-06-15,1.25,1,12,2,
1586820060291322672,Modern townhouse with bath tub close to nature,14429888,1462938410623522957,Erik,,Hässelby-Vällingby,59.37887,17.80493,Entire home/apt,3107,2,0,,,1,200,0,
1587670774759838327,Charming 1BR in Trendy SoFo,51002540,1465791127373831762,Fredrik,,Södermalms,59.31361928438005,18.0915590478511,Entire home/apt,2079,2,22,2026-06-24,4.58,20,299,22,
1589226517434259250,Place in Stockholm close to Globen & Avicii Arena,19967727,1589226518131040630,Marta,,Enskede-Årsta-Vantörs,59.28728899999999,18.0864021,Entire home/apt,982,1,18,2026-06-27,3.55,1,293,18,
1589287148566202756,The avocado,2322814,1462592016862006650,Benjamin,,Enskede-Årsta-Vantörs,59.26063,18.0279,Entire home/apt,1085,1,7,2026-06-12,1.33,1,272,7,
1589955383732410909,Egen lägenhet i villa,82020869,1466995891650555719,Andreas,,Hässelby-Vällingby,59.36741,17.8237,Entire home/apt,,4,0,,,1,0,0,
1590453560632299568,"Stor villa, 11 minuter från Odenplan med pendel",69049817,1590453561330580897,Maide Susanna,,Spånga-Tensta,59.379233991901614,17.887706235051155,Entire home/apt,2953,1,0,,,1,24,0,
1590485800732147024,Big two room apartment in the Heart of Stockholm,686712,1462526157613844231,Agnieszka,,Södermalms,59.31949,18.05537,Entire home/apt,2956,1,3,2026-06-10,1.53,1,141,3,
1590713136914583372,Studioapartment with cozy garden in Blackeberg,33617816,1590713137631355441,Magnus,,Bromma,59.347416858618125,17.88886796683073,Entire home/apt,1737,4,0,,,1,349,0,
1591310163330127730,Sjönära Charmigt 40-tals hus nära Stockholm,493285910,1470221003855320212,Sophia,,Älvsjö,59.270135966172994,17.977685940141555,Entire home/apt,,1,0,,,1,11,0,
1592281786563185117,A Peaceful Room Close to Nature,738260737,1592281787225171748,Veronica Herman,,Bromma,59.343112175884315,17.874091180535373,Private room,293,7,1,2026-04-29,0.48,1,282,1,
1592605945342609869,Boende Enskede nära söder och Avicii Arena.,49699380,1465759127641707873,Fredrik,,Enskede-Årsta-Vantörs,59.285715511731254,18.056584149599075,Entire home/apt,1216,2,0,,,1,72,0,
1592643511716788130,Penthouse Södermalm,66475747,1592643512349640494,Lars,,Södermalms,59.31298,18.09278,Entire home/apt,4766,4,0,,,1,206,0,
1593104380960479966,"Riddersviks Herrgård, Dubbelrum Sjöutsikt",341848554,1469671531403406010,Marcus,,Hässelby-Vällingby,59.38034,17.79927,Private room,1850,1,0,,,6,288,0,
1593411958048759471,Nice furnished room in Southern Stockholm,19919456,1463094665333790746,Tatjana,,Skärholmens,59.27833,17.88704,Private room,342,1,2,2026-03-25,0.54,2,325,2,
1593505289909451916,Large 30m room with TV and a desk in Stockholm,19919456,1463094665333790746,Tatjana,,Skärholmens,59.27857,17.88508,Private room,438,5,0,,,2,341,0,
1595444638049187287,Oas i Stockholm,271078518,1469431442712407641,Sebastian,,Bromma,59.339210262151525,17.969058014939854,Entire home/apt,4354,3,3,2026-04-22,1.03,1,8,3,
1595531371255685451,cozy16sqm room with a beautiful view near the lake,584454924,1595531372280574857,Nawras,,Farsta,59.2502425,18.1184468,Private room,,365,3,2026-02-22,0.54,2,0,3,
1595667640175111160,The brickhouse,713037780,1595667640693096754,Johan,,Hägersten-Liljeholmens,59.30406063159737,17.96474765986204,Entire home/apt,,5,0,,,1,205,0,
1595926393853930065,GuestRoom1 with desk in suburb townhouse,15510940,1462964072029106532,Tomas,,Skarpnäcks,59.26607,18.14104,Private room,410,1,3,2026-06-14,2.37,3,36,3,
1595926969837670982,GuestRoom2 with desk in suburb  townhouse,15510940,1462964072029106532,Tomas,,Skarpnäcks,59.26703066392008,18.140265718102455,Private room,460,1,1,2026-06-14,1,3,180,1,
1596517253434784310,Cozy top floor flat in Gamla Enskede,739535298,1596517224928439786,Ethan,,Enskede-Årsta-Vantörs,59.28553,18.08757,Entire home/apt,968,14,0,,,1,279,0,
1596957948867387983,Lilla gula villan i Norra Ängby Bromma,59205254,1466713197309984880,Klara,,Bromma,59.35218,17.89288,Entire home/apt,1798,4,0,,,1,91,0,
1597769597989142329,Scandinavian Modern Living Near City Hall,60382478,1466742370835977491,Elias,,Kungsholmens,59.337373894473636,18.018971982685315,Entire home/apt,2154,2,1,2026-05-17,0.67,30,46,1,
1597852745828895010,Lägenhet med hotellservice Gärdet,547497109,1470449715399381189,Biz Apartment Hotel,,Östermalms,59.34069,18.1138,Private room,2048,1,1,2026-03-28,0.32,2,335,1,
1597961041928622852,Lilla Fabriken - En charmig 1a i Hornstull,26476214,1465367352664772106,Emmy,,Södermalms,59.31602805031365,18.02916518518066,Entire home/apt,1314,6,1,2026-03-25,0.31,1,241,1,
1598499169967446647,"Barnvänlig tvåa nära Mariatorget, Södermalm",64597692,1598499170579463134,Sofia,,Södermalms,59.314967796304835,18.061425536870956,Entire home/apt,,1,1,2026-06-14,1,1,77,1,
1598672095362218341,Newly Built Apartment Close to Farsta Centrum,728911067,1553101035170406808,Koray,,Farsta,59.2436261,18.115361,Entire home/apt,753,2,0,,,1,354,0,
1599502263961423100,Nyrenoverad 2:a med sjöutsikt,490613713,1599502264582130551,Cassandra,,Kungsholmens,59.32341477747597,18.00287647724609,Entire home/apt,1484,7,0,,,1,243,0,
1599851035686998395,"Spacious 90 sqm apartment, calm & central",28734109,1465423939132000236,Sofie Erika Marie,,Kungsholmens,59.33723,18.03104,Entire home/apt,2100,3,2,2026-06-19,1.36,1,65,2,
1599945565721639247,Ditt rum,584454924,1595531372280574857,Nawras,,Farsta,59.24992,18.11777,Private room,,365,1,2026-02-13,0.21,2,356,1,
1600911277021382526,Cozy Villa in Bromma - Eneby,56791962,1600911277689336419,Stefano,,Bromma,59.36154,17.91286,Entire home/apt,2952,1,0,,,1,24,0,
1602019598169858297,Radhus från 1910 i Gamla Enskede,91060389,1602019598808480103,Kim,,Enskede-Årsta-Vantörs,59.283,18.08074,Entire home/apt,3760,4,2,2026-06-20,2,1,200,2,
1602145156772685965,Casa Reimers,741197543,1602145157429618389,Reimersholme,,Södermalms,59.31778301912957,18.024539625656132,Entire home/apt,12000,1,0,,,1,79,0,
1602856190576341862,Lägenhet med hotellservice Bromma Stockholm,547497109,1470449715399381189,Biz Apartment Hotel,,Bromma,59.35478,17.95601,Private room,1512,1,0,,,2,339,0,
1604434372544346261,Bright & spacious apartment in quiet Östermalm for,105202050,1467264767442814951,John,,Östermalms,59.347,18.06759,Entire home/apt,2310,3,64,2026-06-27,13.43,3,358,64,
1604435577337550725,Lovely cozy studio in Östermalm,105202050,1467264767442814951,John,,Östermalms,59.34681,18.06787,Entire home/apt,1383,3,59,2026-06-29,12.46,3,364,59,
1604435792225049139,Bright & spacious apartment in quiet and exclusive,105202050,1467264767442814951,John,,Östermalms,59.34624370152882,18.06724499635653,Entire home/apt,2074,3,94,2026-06-28,20.00,3,359,94,
1604544497623519943,Praktiskt boende vid Kista Galleria,578894299,1470582312983871205,RentAgent Sverige,,Rinkeby-Tensta,59.40408429999999,17.9312441,Entire home/apt,,2,0,,,5,0,0,
1605039844727163270,Well-planned 1 BRD apartment in Vasastan,725588486,1552929440902069812,Bella,,Norrmalms,59.34902184732133,18.04548627652315,Entire home/apt,1652,3,16,2026-06-25,3.56,7,146,16,
1605099011172845828,Cozy Room Central Apartment South Stockholm,520135,1462512379483406785,Mikael,,Enskede-Årsta-Vantörs,59.29867,18.07952,Private room,523,3,5,2026-04-29,1.21,1,272,5,
1605736235707677955,Workers Stay – Corporate Housing Stockholm,494507600,1463835208843774803,Workers Stay,,Hässelby-Vällingby,59.377482492541255,17.8219397156139,Entire home/apt,2029,1,0,,,8,365,0,
1605786458538548248,Ljus souterränglägenhet med eldstad nära natur,336613141,1605786372437676287,Helena,,Bromma,59.33406,17.92055,Entire home/apt,2500,2,1,2026-06-11,1,1,25,1,
1606764566557281807,Bright And Spacious Apartment with Balcony.,78413643,1606764567214106353,Bradley,,Enskede-Årsta-Vantörs,59.25488679999999,18.0364255,Entire home/apt,725,1,0,,,1,181,0,
1607824516403654543,A magic experience or perhaps just a comfy bed,82494452,1467000719784573372,Jannica Honey,,Hägersten-Liljeholmens,59.29438,17.96655,Private room,766,1,4,2026-06-27,3.08,1,321,4,
1607851971175631573,Wonderful studio with roof beams in the Old Town,725588486,1552929440902069812,Bella,,Södermalms,59.32535,18.06952,Entire home/apt,1729,2,19,2026-06-18,3.99,7,351,19,
1607885457849026580,Charmig studio i Gamla stan – nära slottet,398698095,1469833020919036856,Elliot,,Södermalms,59.32464,18.07557,Entire home/apt,1541,1,22,2026-06-24,4.96,5,348,22,
1607951065759169702,A cosy 2-bedroom in the heart of Stockholm,742786493,1607951066456191880,LIlia,,Norrmalms,59.34489,18.05228,Entire home/apt,2201,1,0,,,1,297,0,
1608111226226609896,Äppelbo,441291183,1608110081355886944,Andreas,,Bromma,59.32599,17.96258,Entire home/apt,3226,6,0,,,1,358,0,
1608440046217946444,Great Junior 1 bedroom apartment,17371921,1463008606333921058,Matt,,Kungsholmens,59.33735971342104,18.02882738895448,Entire home/apt,1501,1,3,2026-06-14,0.64,3,315,3,
1608587972079038153,Spacious 1 Bdr Apartment in the Center of Old Town,742768639,1607865763301478326,Vanessa,,Södermalms,59.32578,18.07402,Entire home/apt,4116,2,16,2026-06-14,3.56,14,342,16,
1608588612744081937,Cozy studio in the heart of Old Town,742768639,1607865763301478326,Vanessa,,Södermalms,59.323977258307174,18.07450013215729,Entire home/apt,1678,2,18,2026-06-14,4.00,14,360,18,
1609278361485655626,Large 5 room apartment in Southern Stockholm,34503018,1462665536600731047,Tania,,Skärholmens,59.28006,17.88689,Entire home/apt,2580,1,0,,,6,186,0,
1609407186650420407,Scandi-Chic Studio in Vasastan,51002540,1465791127373831762,Fredrik,,Norrmalms,59.33891,18.03863,Entire home/apt,1348,2,12,2026-06-15,2.95,20,345,12,
1609460880752055037,Modern 3BR Vasastan Flat w/ Office & Balcony,13899520,1462925813574055812,Hestia Sweden,,Norrmalms,59.34183,18.02748,Entire home/apt,4648,2,7,2026-06-28,1.84,6,57,7,
1609471045703522941,Well-Planned Studio in the Heart of the Old Town,742768639,1607865763301478326,Vanessa,,Södermalms,59.323883845995496,18.072713783593134,Entire home/apt,2502,2,11,2026-06-13,2.44,14,351,11,
1609998312498161898,Luxury Duplex in Oldtown with Water Views,742768639,1607865763301478326,Vanessa,,Södermalms,59.3236726897169,18.07411708262434,Entire home/apt,10707,2,17,2026-06-16,4.15,14,275,17,
1610087920226431172,Large light room in Southern Stockholm,34503018,1462665536600731047,Tania,,Skärholmens,59.27807,17.88541,Private room,485,3,0,,,6,28,0,
1610100951568177225,Convenient Studio Apartment in trendy SoFo,465318139,1553614454127378989,Adam,,Södermalms,59.31236,18.07821,Entire home/apt,2158,1,21,2026-06-28,4.63,2,334,21,
1610119069928573479,"Studio in trendy SoFo, fifth floor",465318139,1553614454127378989,Adam,,Södermalms,59.3129,18.07816,Entire home/apt,1911,1,16,2026-06-25,3.31,2,323,16,
1610868543052272219,"Cozy Room in Husby, Kista",450794257,1470029692065857281,Rosi,,Rinkeby-Tensta,59.40873,17.93379,Private room,643,1,5,2026-05-31,1.06,1,181,5,
1610891378801334847,"Cosy tiny house in secluded garden, 20 min to city",32403466,1465475747469333753,Hanna,,Hägersten-Liljeholmens,59.30081,17.97272,Entire home/apt,1227,2,11,2026-06-13,2.52,1,275,11,
1611512352072179097,Cozy family friendly apt in convenient location,12975871,1462899960826614395,Lisa,,Hägersten-Liljeholmens,59.30956,18.01675,Entire home/apt,1655,3,0,,,1,5,0,
1611649411306621327,Radhuskänsla,697606902,1611649411903173682,Stella Sitara,,Enskede-Årsta-Vantörs,59.2878725,18.0965492,Entire home/apt,1737,7,0,,,1,302,0,
1612151114658364220,Central Studio Apartment along Sveavägen,343315431,1469676326008698231,Milad,,Norrmalms,59.34069612588017,18.057450998147576,Entire home/apt,1226,5,5,2026-06-15,3.49,6,210,5,
1612548254723342275,Modern lägenhet vid Telefonplan,569427552,1612526820553327728,Shohreh,,Hägersten-Liljeholmens,59.29856,18.00285,Entire home/apt,62,150,0,,,1,215,0,
1612925168550422688,Nice light room in Southern Stockholm,34503018,1462665536600731047,Tania,,Skärholmens,59.28021,17.88701,Private room,463,3,3,2026-06-15,1.27,6,32,3,
1612931330490812278,Large room with a balcony in Southern Stockholm,34503018,1462665536600731047,Tania,,Skärholmens,59.27797,17.88524,Private room,498,2,0,,,6,28,0,
1613136951838196403,Vackert boende i sekelskifteshus i Långbro park,85684452,1467032468589937057,Liv,,Älvsjö,59.27933849999999,17.974838,Private room,408,2,0,,,1,274,0,
1613313499594439462,Fräsch och ljus 2:a med egen ingång nära till allt,734252083,1613313500232016075,Pontus,,Hägersten-Liljeholmens,59.29448420000001,17.9890412,Entire home/apt,1389,2,17,2026-06-24,3.95,1,310,17,
1614377657774400875,Well-planned 1 BDR in the heart of Old town,725588486,1552929440902069812,Bella,,Södermalms,59.32415249112077,18.07307560478369,Entire home/apt,2745,2,24,2026-06-27,5.22,7,133,24,
1615097163794589243,Mysig och modern lägenhet invid Mosebacke,97385253,1467173075630586313,Victoria,,Södermalms,59.31751,18.07538,Entire home/apt,,2,0,,,1,171,0,
1615238682573042788,Nyrenoverat hus - 4 sovrum,493441010,1485535316774187340,Emanuel,,Spånga-Tensta,59.39028649999999,17.8920534,Entire home/apt,3158,4,0,,,1,361,0,
1615912350112777163,Trevlig lägenhet i centrum med balkong.,744854978,1615888219164140295,Karin,,Kungsholmens,59.33083,18.03564,Entire home/apt,1287,2,0,,,1,40,0,
1616059118566454128,Toppläge i Kungsholmen – vid tunnelbanan,583864469,1575174221050605567,Batu,,Kungsholmens,59.33198121868201,18.01514770835638,Entire home/apt,1769,3,9,2026-06-14,2.67,1,108,9,
1616698787576965964,Adorable townhouse,52320426,1465845626533077825,Josefina,,Farsta,59.26001,18.10875,Entire home/apt,3196,2,0,,,1,82,0,
1616855070002246931,"50’s villa Enskededalen/Kärrtorp-city,forest,lakes",11489440,1462865972175716941,Maja,,Skarpnäcks,59.28455525957378,18.103027267453573,Entire home/apt,2588,3,0,,,1,19,0,
1616904348890232801,Skogsnära 4:a rummare,162771777,1468584075281081188,Michaela,,Enskede-Årsta-Vantörs,59.28603,18.04055,Entire home/apt,,1,0,,,1,0,0,
1617201210178577353,Grand House,361529221,1469725475544260882,Martin,,Norrmalms,59.338,18.06617,Entire home/apt,30000,1,0,,,5,297,0,
1617246530280985276,Modern studio with balcony in Stockholm City,547455103,1470449561518434770,Linus,,Norrmalms,59.348772507874294,18.039664439857006,Entire home/apt,2405,1,17,2026-06-24,4.36,7,221,17,
1617277935100386101,Mysig lägenhet på Östermalm med nära till allt!,282361292,1469482126325512517,Alice,,Östermalms,59.34851,18.06333,Entire home/apt,2779,6,0,,,1,25,0,
1617443528330626700,Workers Stay – Staff Accommodation Stockholm,494507600,1463835208843774803,Workers Stay,,Hässelby-Vällingby,59.390056337538184,17.81320706692231,Entire home/apt,1073,1,0,,,8,354,0,
1617499269581960247,Bright and Spacious Villa in Stockholm,57266091,1465936109162129637,Kassem,,Hässelby-Vällingby,59.37555,17.82213,Entire home/apt,2031,5,1,2026-06-18,1,1,344,1,
1617679438924303362,"Lägenhet med panorama utsikt, terass + balkong",393546725,1469817192143386880,Hawzhin Nadia,,Södermalms,59.30196,18.09131,Entire home/apt,,1,1,2026-02-25,0.23,1,0,1,
1618314346798303741,"Cosy apartment in Kista, Stockholm",533951040,1618314347443016802,Hashim,,Rinkeby-Tensta,59.40043,17.9368,Entire home/apt,,7,1,2026-04-11,0.36,1,0,1,
1619053807079164267,Lägenhet i Abrahamsberg - 12min till city,726775226,1544090197480049157,Kevin,,Bromma,59.33607,17.95881,Entire home/apt,,2,5,2026-03-31,1.27,1,0,5,
1619069530435086734,Nice flat close to city.,359418726,1469720243690512885,Agnes,,Enskede-Årsta-Vantörs,59.27377,18.01497,Entire home/apt,939,1,6,2026-06-23,3.00,1,208,6,
1619398679677861622,Lägenhet på Södermalm,326999754,1469624684472664065,Alexandra,,Södermalms,59.31021,18.08345,Entire home/apt,,4,1,2026-05-17,0.63,1,2,1,
1620298420575237858,"Studio med hotellkänsla, utegym & CO-working",429559847,1620298421497281455,Petter,,Kungsholmens,59.33643170000001,18.0178145,Entire home/apt,1200,2,9,2026-06-26,2.50,1,332,9,
1620959386856619733,Nyrenoverad lägenhet i hjärtat av Södermalm,444164258,1470002623064708000,Lena,,Södermalms,59.3105477,18.0823204,Entire home/apt,2766,1,1,2026-03-30,0.32,1,10,1,
1621019327296462568,Plaza Pero,366064547,1621019328042791572,Roxanna,,Södermalms,59.32401,18.07383,Entire home/apt,5475,1,0,,,1,7,0,
1621899552035106724,Olof Palmes gata 12,746389226,1621899552632473103,Eva,,Norrmalms,59.3363082,18.0613062,Entire home/apt,2625,2,4,2026-06-28,2.61,1,304,4,
1622369167302243857,Hotel at old town Apartment Queen room,534441719,1470398605631743540,Hotel,,Södermalms,59.3251604,18.0700038,Private room,2610,1,1,2026-06-10,1,4,258,1,
1622397703768364847,ett rum I kungsholmen,127167907,1468278988046147225,Ismail,,Kungsholmens,59.3363929,18.0125411,Private room,397,1,0,,,1,341,0,
1622566394055762931,"Soligt läge med stad, bad och restauranger",4237295,1462651196629393496,Clara,,Kungsholmens,59.33736,18.00559,Entire home/apt,3115,3,0,,,1,31,0,
1623138594984609579,Workers Stay – Company Housing Stockholm,494507600,1463835208843774803,Workers Stay,,Hässelby-Vällingby,59.38321,17.85881,Entire home/apt,3500,1,0,,,8,356,0,
1623408929583076575,Cozy apartment,746788440,1623408930180668994,Christian,,Älvsjö,59.28365164022332,18.01844847681814,Entire home/apt,925,1,0,,,1,42,0,
1623763285654563434,Fin lägenhet på Södermalm,532245132,1470390138126803992,Melian,,Södermalms,59.31366,18.08778,Entire home/apt,1173,2,20,2026-06-09,4.76,2,316,20,
1624112322433365731,Spacious 2 bedroom in central Stockholm,17467493,1463010831652326403,Paulina,,Norrmalms,59.339038574063196,18.032118565281085,Entire home/apt,2352,6,0,,,1,135,0,
1624644773516489998,Cozy studio right in the middle of old town,742768639,1607865763301478326,Vanessa,,Södermalms,59.32561,18.07452,Entire home/apt,1923,2,9,2026-06-28,2.37,14,346,9,
1624768110987231082,2-room apartment on Sveavägen – walk everywhere,115346473,1468185428388168926,Josephine,,Norrmalms,59.345008822991744,18.05345267057419,Entire home/apt,1940,1,2,2026-05-03,0.67,1,6,2,
1624792549320377113,Studioapartment in Kista for 4,520451152,1470341884123490786,Thomas,,Rinkeby-Tensta,59.41249,17.94088,Entire home/apt,535,1,3,2026-06-13,1.48,2,21,3,
1625927633761378823,Stockholm Lakeside Villa w/ Private Jetty & Sauna,189950824,1625927634636199770,Albin,,Farsta,59.24219,18.12513,Entire home/apt,7991,5,1,2026-06-15,1,1,355,1,
1626131131562396654,One room flat overlooking the mall in Kista,701806991,1470745120287886078,Abed,,Rinkeby-Tensta,59.40357095964611,17.94348981231451,Entire home/apt,627,1,0,,,1,149,0,
1626653838214450218,"Albanovägen13, Stockholm",255808401,1626653839038336406,Aynaz,,Östermalms,59.35583,18.05842,Entire home/apt,878,1,6,2026-06-28,1.78,1,10,6,
1626924508942370542,Creative & Cozy Studio Near City Center,747670625,1626924509851632513,Anne,,Kungsholmens,59.33481,18.03582,Entire home/apt,700,1,26,2026-06-16,6.72,2,73,26,
1627485167595516662,Familjevänlig villa nära city,578894299,1470582312983871205,RentAgent Sverige,,Hägersten-Liljeholmens,59.3066463,18.0017325,Entire home/apt,4207,1,5,2026-06-11,1.70,5,205,5,
1628691954193592845,Fin etta med kök i Lärkstaden,73974316,1466911450157899396,Katarina,,Östermalms,59.34573465336931,18.068800941109657,Entire home/apt,,3,0,,,2,0,0,
1628888287939596229,Stockholm Spånga Studio 3 min walk to Subway (42b),36751144,1628888288672343536,Andrea,,Spånga-Tensta,59.39296,17.89534,Private room,2148,1,0,,,3,178,0,
1628978174086314289,Sunny 78 sqm Design Apt w/ Rooftop Views,5856788,1462691345140453706,Sophia,,Södermalms,59.31584116190237,18.086874038602016,Entire home/apt,2432,2,1,2026-05-18,0.68,1,360,1,
1629065406917689879,Bekvämt radhus nära Stockholm City,483083919,1470175191652839184,Louis,,Hässelby-Vällingby,59.3757859,17.8700821,Entire home/apt,4793,1,1,2026-04-24,0.44,5,265,1,
1629783846474378341,Charming Södermalm Apartment with Brick Walls,486418881,1470189494298409316,Stefan,,Södermalms,59.31343,18.0742,Entire home/apt,2400,1,18,2026-06-14,4.78,2,307,18,
1630322080299293668,Boende i  Stockholm,13058944,1630322081037820194,Sanna,,Bromma,59.35163,17.89043,Entire home/apt,1931,2,0,,,1,11,0,
1631020502506255999,"Hus 30 min från Sthlm C med pool, jacuzzi, bastu",137054839,1468363156228493610,Liza,,Bromma,59.35926,17.95312,Entire home/apt,,7,1,2026-06-24,1,1,150,1,
1631089039792111179,Stockholm Spånga 3 min walk to Subway House (42A),36751144,1628888288672343536,Andrea,,Spånga-Tensta,59.39482,17.89534,Private room,5223,1,1,2026-04-03,0.34,3,168,1,
1631279433584269247,Stockholm Spånga House: 3-4 min walk to Subway,36751144,1628888288672343536,Andrea,,Spånga-Tensta,59.3928,17.89381,Entire home/apt,7875,1,15,2026-06-21,4.79,3,113,15,
1631707712691450986,Amazing villa Avicii and 3Arena 3B2B with hot tub,747676797,1631707713232062081,Mystay,,Skarpnäcks,59.27164,18.11336,Entire home/apt,4900,1,6,2026-06-20,3.00,1,20,6,
1631974445564726272,Lyxig våning på Stockholms paradgata,477573001,1631974416422029458,Martina,,Norrmalms,59.34225,18.05889,Entire home/apt,4474,2,2,2026-06-15,1.03,1,88,2,
1632409082092242690,Stylish Södermalm Flat in prime SoFo location,402354592,1632409083035452820,Sarah,,Södermalms,59.3099,18.07658,Entire home/apt,4679,1,0,,,1,2,0,
1632746213574627469,Conform over night room,106018799,1467285967562718951,Andreas,,Enskede-Årsta-Vantörs,59.26344,18.01543,Private room,593,1,1,2026-06-13,1,3,86,1,
1633369881059762106,Wonderful studio for 2 persons in Vasastan,316782764,1469598673104803159,Bella,,Norrmalms,59.34662,18.05755,Entire home/apt,,3,27,2026-06-26,7.50,11,176,27,
1633889994054083885,Mysig husbil mitt i stan nära badplats.,440104023,1469987198109546332,Mia,,Södermalms,59.3115,18.05354,Entire home/apt,1167,1,0,,,1,365,0,
1634209139414738044,Södermalms pärla,398177336,1469831527120667475,Aso,,Södermalms,59.3156207116618,18.089248183169584,Entire home/apt,2068,1,22,2026-06-22,5.64,1,313,22,
1634268516331270213,Bekväm Villa Nära Stockholm City,483083919,1470175191652839184,Louis,,Farsta,59.27506,18.07605,Entire home/apt,3424,3,0,,,5,21,0,
1634674060401525251,Charming Old Town Loft,745234491,1634674061157495448,Sema,,Södermalms,59.3233565,18.0715596,Entire home/apt,1712,2,13,2026-06-26,5.34,3,314,13,
1634680082975620352,2 Bedroom Old Town Gem,745234491,1634674061157495448,Sema,,Södermalms,59.3233565,18.0715596,Entire home/apt,3195,2,8,2026-06-24,3.53,3,333,8,
1634688695773479654,Luxurious Old Town Penthouse,745234491,1634674061157495448,Sema,,Södermalms,59.3233565,18.0715596,Entire home/apt,4508,2,20,2026-06-27,5.56,3,299,20,
1635000982185279674,U Aikona,375248849,1469763951026219574,Aizhan,,Spånga-Tensta,59.39529,17.90621,Private room,698,2,7,2026-06-13,1.93,2,278,7,
1635517466145784576,Tallkrogens finaste,749896463,1635517466942980226,Johan,,Farsta,59.27015,18.08863,Entire home/apt,3283,3,0,,,1,26,0,
1635519407661989370,Wonderful apartment at top location.,2875970,1462611250269431905,Daniel,,Östermalms,59.3437559,18.092089,Entire home/apt,4528,3,1,2026-06-29,1,1,252,1,
1636284304130176061,Cozy Studio w Parking near Stockholm & Nature,17122874,1463002658455943083,Yasmine,,Enskede-Årsta-Vantörs,59.27794,18.03871,Entire home/apt,1518,1,7,2026-06-25,3.23,2,277,7,
1636762023331518767,"Trevlig och fräsch 2 rum och kök, 67kvm",749497750,1633941410875987984,Per,,Södermalms,59.3019939,18.0958755,Entire home/apt,1370,1,9,2026-06-04,2.73,1,9,9,
1636793949657093952,"Lägenhet Södermalm, Mariatorget",122364659,1468240730867091765,Jessica,,Södermalms,59.31614039999999,18.0660112,Entire home/apt,6277,2,2,2026-06-21,1.25,1,6,2,
1636949481525413621,"Cozy large cityapartment near cafés, beach & metro",35182497,1465519496397778895,Elena,,Södermalms,59.31589489999999,18.0373718,Entire home/apt,9707,2,0,,,1,73,0,
1637942880989166056,Central modern luxury Scandinavian apartment,550865522,1470463186650743447,Adam,,Rinkeby-Tensta,59.39527,17.9435,Entire home/apt,1529,5,0,,,1,41,0,
1639827176966968242,Charming and Stylish Room in Stockholm Centre,751001440,1639827177652350422,Bob W Stockholm Södermalm,,Södermalms,59.3184377,18.0480267,Private room,1510,1,32,2026-06-28,15.00,5,360,32,
1639861971713619715,"Functional and Compact Double Room, Prime Location",751001440,1639827177652350422,Bob W Stockholm Södermalm,,Södermalms,59.319353047794216,18.04760518202725,Private room,1630,1,14,2026-06-27,8.24,5,352,14,
1639864055501774575,"Cosy Single Room (No window), heart of Stockholm",751001440,1639827177652350422,Bob W Stockholm Södermalm,,Södermalms,59.31959042736761,18.04724325165256,Private room,1030,1,5,2026-06-23,5,5,359,5,
1639865996303724700,"Modern and Cosy Studio for 4, Stockholm Södermalm",751001440,1639827177652350422,Bob W Stockholm Södermalm,,Södermalms,59.31923,18.04736,Entire home/apt,3430,1,19,2026-06-29,11.88,5,354,19,
1639869535896642488,Modern & Spacious Studio in Stockholm Södermalm,751001440,1639827177652350422,Bob W Stockholm Södermalm,,Södermalms,59.31763,18.04692,Entire home/apt,2280,1,18,2026-06-29,11.49,5,358,18,
1641071242961257492,Spacious 1930s Villa in an Idyllic Garden District,51199477,1465795158121916459,Josefine,,Bromma,59.32946,17.92634,Entire home/apt,3751,4,0,,,1,10,0,
1641071670638712836,Södermalm Retreat: In a Cool Stockholm Quarter,664227674,1470666930861297474,Cerasela,,Södermalms,59.31753,18.02857,Entire home/apt,1743,1,10,2026-06-13,4.55,3,305,10,
1641106772090728084,Villa strax utanför Stockholm,181783570,1641106772868072479,Melissa,,Bromma,59.35357,17.8957,Entire home/apt,,5,0,,,1,6,0,
1641198628057090307,"Top floor, tranquil, spacious. Heart of Södermalm!",501407684,1470254799093998386,Ll,,Södermalms,59.31098,18.0709,Entire home/apt,3366,1,5,2026-06-17,2.31,1,229,5,
1641352604275940611,Exclusive villa with sauna and beautiful lake view,574415649,1641352605172208089,Masoud,,Hässelby-Vällingby,59.37678,17.80424,Entire home/apt,6848,1,1,2026-03-29,0.32,1,359,1,
1641992537504578682,Familjevänligt boende i Stockholm,18590968,1641992538300798510,Jin,,Enskede-Årsta-Vantörs,59.25766,18.01169,Entire home/apt,2439,4,0,,,1,336,0,
1642111024161227724,Arkitektritad nyrenoverat hus i två våningar,25807795,1642111024895249889,Anders,,Skarpnäcks,59.284705647954894,18.100744450949755,Entire home/apt,3793,3,1,2026-06-21,1,1,195,1,
1642121246774512414,älvsjömässan /Stockholm,751584548,1642121247532814971,Erik Christian,,Älvsjö,59.2789,18.0058,Private room,2386,1,2,2026-06-15,1.33,2,338,2,
1642215623291686820,"Elegant södermalmsvåning 
med balkong",34770151,1465512986960156403,Anna,,Södermalms,59.3198325,18.040323,Entire home/apt,3475,2,2,2026-06-14,2,1,337,2,
1642579180288633811,"Villa i Enskede, nära City & Avicii/3 arena",25502591,1465344148805749835,Siri,,Farsta,59.27685809131877,18.072754181921482,Entire home/apt,3424,2,3,2026-06-14,1.50,1,340,3,
1643263912066801175,Ljus och högt belägen lägenhet i mysiga kvarter,31951796,1465469490402566968,Esbjörn,,Enskede-Årsta-Vantörs,59.29419021154225,18.05953490235538,Entire home/apt,1141,2,0,,,1,190,0,
1643486823617242638,Apartment in Stockholm (150 mts to train station),182909469,1643486824365387372,Manshaman,,Skarpnäcks,59.26554,18.13137,Entire home/apt,950,1,0,,,1,67,0,
1644838940144646253,Central Studio in Stockholm,547455103,1470449561518434770,Linus,,Kungsholmens,59.33205,18.04708,Entire home/apt,1827,1,8,2026-06-26,2.76,7,333,8,
1644899940388162055,Hotel at old town Lägenhet Standard Twin,534441719,1470398605631743540,Hotel,,Södermalms,59.32407,18.06956,Entire home/apt,3200,1,0,,,4,306,0,
1644983758473059614,Compact studio in city centre,4683120,1462663203445380400,Terese,,Östermalms,59.3395,18.08426,Entire home/apt,1997,1,7,2026-06-29,2.88,1,336,7,
1645536468745279194,Unique attic apartment in historic Old Town,220860397,1469166418597195468,Sofia,,Södermalms,59.32476,18.06869,Entire home/apt,,3,8,2026-06-19,3.16,21,62,8,
1646157252537739255,Top modern two bedroom apartment,3938305,1462643056902350234,Arnold,,Östermalms,59.33290849999999,18.083765,Entire home/apt,3531,15,0,,,1,71,0,
1646265262958310427,Garden apartment in Prime Location Kungsholmen,220860397,1469166418597195468,Sofia,,Kungsholmens,59.33028686836202,18.028722035666526,Entire home/apt,5600,1,13,2026-06-13,4.48,21,145,13,
1646328012467187455,Townhouse on charming Södermalm,5219438,1462675655333121602,Anna,,Södermalms,59.31611,18.06522,Entire home/apt,5135,1,0,,,1,34,0,
1646347399042266219,Villa Båtsman Stens,30391789,1465447099720363967,Ebba,,Spånga-Tensta,59.3861,17.91487,Entire home/apt,4527,6,0,,,1,173,0,
1646803916647957707,Mitt hem,103946225,1467247786196511620,Diana,,Enskede-Årsta-Vantörs,59.25674,18.03497,Entire home/apt,822,1,0,,,1,53,0,
1646850872790915593,Studiolägenhet endast 5 min från Stockholmsmässan,448879879,1470021550927505608,Johan,,Älvsjö,59.27687,18.00543,Entire home/apt,1028,1,16,2026-06-25,7.06,2,198,16,
1648109027538542041,Rum med utsikt söder om söder,32169405,1465472536547916862,Ingrid,,Hägersten-Liljeholmens,59.2929242,17.9818601,Private room,578,1,7,2026-06-25,5.00,1,303,7,
1648123765696565772,Calm & Charm Studio,271346174,1463352607514495320,StayPlus,,Hägersten-Liljeholmens,59.29938,17.99621,Entire home/apt,1771,1,8,2026-06-21,4.90,50,322,8,
1648297542187342927,Lägenhet i Västertorp,753155252,1648297542951979594,Elis,,Hägersten-Liljeholmens,59.28952,17.96462,Entire home/apt,234,1,0,,,1,308,0,
1649897907054312990,Nära till allt,753558722,1649897907858464457,Semih,,Norrmalms,59.34541,18.03438,Entire home/apt,2363,1,0,,,1,353,0,
1649954205281621947,Cozy studio apartment on Kungsholmen,725588486,1552929440902069812,Bella,,Kungsholmens,59.33189,18.001,Entire home/apt,1540,3,8,2026-06-25,3.24,7,156,8,
1649954390068905863,Bright & Stylish Studio in Kungsholmen,725588486,1552929440902069812,Bella,,Kungsholmens,59.3318,18.00048,Entire home/apt,1564,3,7,2026-06-24,3.23,7,356,7,
1650042795312097123,Fin sekelskifteslägenhet i Midsommarkransen,7640950,1462737372557475966,Sarah,,Hägersten-Liljeholmens,59.30197749999999,18.006574,Entire home/apt,1844,5,0,,,1,301,0,
1650166961386473854,"Room in spacious, cozy and central apt in Sthlm",72099403,1466890974880073191,Felix,,Östermalms,59.345501277155535,18.071597532020203,Private room,1484,1,4,2026-06-24,2.67,1,102,4,
1651499974452494944,"Lägenhet i Gamla Enskede, hyrs ut veckovis",36521729,1465543879430726815,Anna,,Enskede-Årsta-Vantörs,59.28206746126328,18.085666671395302,Entire home/apt,2853,7,0,,,2,320,0,
1651755510431062211,Spacious and beautiful apartment in Sofo,68248504,1651755511198427503,Hampus,,Södermalms,59.3102403,18.0860118,Entire home/apt,1434,3,0,,,1,239,0,
1652034277355958144,Eget våningsplan i ett townhouse nära till stan,267897675,1469416251158699752,Louise,,Skarpnäcks,59.29433,18.09685,Entire home/apt,2845,2,1,2026-06-15,1,1,356,1,
1652057089446084958,Fin villa 15 minuter från Stockholm city.,69422640,1652057090207632369,Anna,,Enskede-Årsta-Vantörs,59.2856104202292,18.06350220610023,Entire home/apt,,5,0,,,1,0,0,
1652212492765613203,Etagelägenhet nära city och natur,113040874,1487913565740390520,Johanna,,Södermalms,59.318175731825086,18.033673390746117,Entire home/apt,2831,2,2,2026-05-31,0.92,1,77,2,
1652259421845859224,Charmig lägenhet på Östermalm,591438020,1470615690496576666,Arvid,,Östermalms,59.33941,18.08093,Entire home/apt,1967,4,0,,,4,296,0,
1652297341832565462,Centralt och mysigt,38417999,1465574730217300702,Johanna,,Norrmalms,59.34431324427579,18.056385330855846,Entire home/apt,6362,2,1,2026-06-25,1,1,27,1,
1652321586928032805,Mysig studio med utsikt,697300469,1652321587837771263,Johanna,,Hägersten-Liljeholmens,59.29226,17.98301,Entire home/apt,742,2,7,2026-06-14,3.09,1,42,7,
1653042177618051550,Ljus studiolägenhet med milsvid utsikt,47382655,1465714433840974595,Sanna,,Hägersten-Liljeholmens,59.296,17.98102,Entire home/apt,1400,3,8,2026-06-17,3.29,1,10,8,
1653207487488196069,Familjevänligt och fridfullt lägenheten,289453660,1653207488256654504,Winta,,Hägersten-Liljeholmens,59.29565,18.00505,Entire home/apt,1047,1,0,,,1,49,0,
1653635465755354179,"Hus med 4 sovrum, 2 altaner, mysigt & smidigt läge",1653635334821161197,1653635467448447804,Martin,,Hässelby-Vällingby,59.3768161,17.847844,Entire home/apt,1490,2,0,,,1,305,0,
1653709772974315019,Modern och mysig lägenhet nära tunnelbana,752689015,1646532001991799719,Lalazar,,Farsta,59.26220131138405,18.076815381646156,Entire home/apt,1360,3,3,2026-06-28,3,1,200,3,
1653791006083051172,Bright & Modern Apartment | Metro 5 min,538689918,1653791006742824037,Alisa,,Rinkeby-Tensta,59.39950813429773,17.937257450264372,Entire home/apt,852,2,8,2026-06-15,4.62,1,8,8,
1654233861664449276,Spectacular attic floor,10741379,1462575615575517806,Moa,,Skarpnäcks,59.26568,18.13971,Private room,492,4,0,,,2,27,0,
1654494840686459495,Charmigt hus i Mälarhöjden,16406155,1462985890360319266,Maria,,Hägersten-Liljeholmens,59.29905,17.94984,Entire home/apt,3648,3,0,,,1,17,0,
1654516915479710872,Charmigt radhus i engelsk stil.,549076049,1654516916195550919,Ulrika,,Enskede-Årsta-Vantörs,59.28409200211858,18.08186091376954,Entire home/apt,,1,1,2026-05-30,0.94,1,88,1,
1654666697560688061,Studio apartment in Stockholm,754369961,1654666698409362859,Pooja,,Rinkeby-Tensta,59.39991,17.93806,Entire home/apt,754,1,4,2026-06-18,4,1,128,4,
1654858256383407051,Charmig lägenhet i hjärtat av Vasastan,729174822,1590594487998816116,Leo,,Norrmalms,59.33899,18.03261,Entire home/apt,2034,5,2,2026-06-15,2,1,353,2,
1654979270224580358,"2:a med solig balkong, nära till t-bana och stan",337062692,1654979271012642740,Linda,,Skarpnäcks,59.26499,18.1298,Entire home/apt,593,1,2,2026-06-13,1.30,1,253,2,
1655079145910417441,Spacious 3BR Top-Floor APT in Historic Old Town,742768639,1607865763301478326,Vanessa,,Södermalms,59.32419779652392,18.074319870143867,Entire home/apt,8043,2,8,2026-06-25,3.00,14,309,8,
1655124057462153414,Rymlig tvåa med balkong på Östermalms bästa läge,754925285,1655124058112508515,Simon,,Östermalms,59.34143091952478,18.08897366836973,Entire home/apt,1992,4,3,2026-06-13,3,1,307,3,
1655271122238415536,Citylägenhet i Hagastaden,754973949,1655271123010265032,Erik,,Norrmalms,59.3484552,18.0342919,Entire home/apt,719,30,0,,,1,241,0,
1655774017461447385,"Stor vindsvåning med terrass
i mitten av Södermalm",413050033,1655774018164236683,Frej,,Södermalms,59.31494,18.07778,Entire home/apt,5649,2,1,2026-06-26,1,1,60,1,
1655902271910959492,Familjevänlig sekelskiftslägenhet i Alvik,209285457,1655902272717898508,Mattias,,Bromma,59.33252,17.9762,Entire home/apt,2853,1,1,2026-06-21,1,1,180,1,
1655949777137483223,Stort radhus med två uteplatser vackra Mälarhöjden,5336149,1462678413573558555,Kajsa,,Hägersten-Liljeholmens,59.29793,17.94625,Entire home/apt,2529,2,0,,,1,88,0,
1656413676448707257,Lilla huset med pool i  Bromma kyrka,101257808,1467214888252676442,Per,,Bromma,59.35058416635667,17.91917674152517,Entire home/apt,3994,5,0,,,1,283,0,
1657048834149387949,Wonderful Enskede guest house with garden,501659070,1657048834970832233,Johan,,Skarpnäcks,59.281649706079854,18.103885356907718,Entire home/apt,1616,1,1,2026-05-18,0.68,1,262,1,
1657386167645195433,Charming Scandinavian Villa w Garden near the City,1908978,1462581500082213766,Linnea,,Hägersten-Liljeholmens,59.29192,17.95674,Entire home/apt,,5,0,,,1,2,0,
1657891475278419654,Söder Residence,696930817,1470497308352534549,Adam,,Södermalms,59.31386,18.07186,Private room,730,1,0,,,1,307,0,
1658024654063298482,Ett möblerat rum mitt på Söder i Stockholm,755629458,1658024654847395140,Natalia,,Södermalms,59.31289,18.06203,Private room,1050,1,0,,,1,82,0,
1658166842826755079,Stort sovrum med eget badrum uthyres i Bromma,342978084,1469675405624078588,Natalie,,Bromma,59.35976140703154,17.901818561043005,Private room,684,1,1,2026-06-13,1,1,359,1,
1658540616234318787,Fresh apartment walking distance to Södermalm,453444484,1470040410934169687,Sara,,Hägersten-Liljeholmens,59.30607222803563,18.022582858814115,Entire home/apt,1261,1,1,2026-04-27,0.46,1,60,1,
1658607623653830155,Charming apartment in the heart of Stockholm,14270041,1462934456678824488,Emelie,,Södermalms,59.31524,18.07296,Entire home/apt,2195,3,0,,,1,120,0,
1658723800894990330,Perfect located apartment,63743693,1466786668345195659,Malin,,Södermalms,59.3104741,18.0556488,Entire home/apt,,1,0,,,1,0,0,
1658867662653530498,Modern Apartment in Stockholm City,547455103,1470449561518434770,Linus,,Norrmalms,59.34865709996963,18.039657063782215,Entire home/apt,2411,2,5,2026-06-18,4.05,7,314,5,
1659389354144674583,Mysig lägenhet i Hägersten,40892743,1659389354900009826,Paulina,,Hägersten-Liljeholmens,59.30024,18.00449,Entire home/apt,1370,2,3,2026-06-07,2.37,1,234,3,
1659488031433072686,Charming Lakeview Studio Next to Nature.,438691051,1469981861887684467,Lina,,Farsta,59.244036424712114,18.112315088510513,Entire home/apt,1099,2,0,,,2,39,0,
1659624533711787724,"Villa i Mälarhöjden, Stockholm",16810575,1462995512722014302,Jakob,,Hägersten-Liljeholmens,59.30029880000001,17.9546433,Entire home/apt,3835,6,0,,,1,245,0,
1660051216601162821,"Familyfriendly,  with two bedrooms and balcony",7631605,1462737109790012301,Martin,,Södermalms,59.31408320959095,18.093600645661354,Entire home/apt,3995,2,2,2026-06-14,1.02,1,354,2,
1660077755008638465,Modern familjevänlig lägenhet i Stockholm,2202970,1462588982927174403,Carolina,,Södermalms,59.30261,18.08864,Entire home/apt,4054,2,2,2026-05-31,1.62,1,181,2,
1660294914923124158,Stilfullt hus nära city - 3 min till tunnelbana,28039817,1465414222496108922,Sebastian,,Farsta,59.26660769999999,18.0789776,Entire home/apt,2616,2,0,,,1,32,0,
1660757768290606691,Ljus lägenhet med 2 sovrum,274474494,1469448104786825324,ApartDirect,,Bromma,59.33649,17.96042,Entire home/apt,581,28,0,,,14,144,0,
1660776693479000430,3 rum och kök i hjärtat av södermalm,651322209,1660776694337991469,Fredrik,,Södermalms,59.31733421015821,18.067153634023107,Entire home/apt,3395,6,0,,,1,123,0,
1660783661481573890,Lägenhet med två rymliga sovrum,274474494,1469448104786825324,ApartDirect,,Bromma,59.33481,17.96107,Entire home/apt,520,30,0,,,14,161,0,
1660787184748392828,Lägenhet med tre sovrum,274474494,1469448104786825324,ApartDirect,,Bromma,59.33778,17.95537,Entire home/apt,,28,1,2026-05-30,0.94,14,155,1,
1660806382891519105,Trevlig lägenhet med två sovrum,274474494,1469448104786825324,ApartDirect,,Bromma,59.33032,17.95274,Entire home/apt,560,28,1,2026-05-31,1,14,170,1,
1660813738312184953,Stylish & spacious flat in top location,89744366,1660813739175801012,Lovisa,,Norrmalms,59.34731584909385,18.06143768710913,Entire home/apt,2895,1,3,2026-06-23,3,1,303,3,
1660896216382739734,Stylish studio in Östermalm,125643370,1468266169949187505,Andrei,,Östermalms,59.342864144348745,18.079776264405606,Entire home/apt,1358,3,6,2026-06-12,2.69,1,25,6,
1661059742490015803,Luxury waterfront apartament with prime location!,228206748,1469215556083415128,Susanne,,Södermalms,59.32011439999999,18.061652,Entire home/apt,2260,3,2,2026-06-16,2,1,208,2,
1661439621890815658,Ett nybyggt rent Attefallshus till uthyrning.,373867380,1469759976875961928,Silva,,Spånga-Tensta,59.37248,17.91901,Entire home/apt,1142,1,5,2026-06-26,5,1,332,5,
1662336042571676570,Luxury penthouse in Östermalm,136079381,1468355413985561799,Jakob,,Östermalms,59.34345,18.07566,Entire home/apt,2359,10,0,,,1,294,0,
1662358380049929988,Lys og rummelig lejlighed midt i Stockholm,456578058,1662358380977265084,Olivia,,Kungsholmens,59.3321755,18.0403461,Entire home/apt,3475,3,4,2026-06-22,2.67,1,194,4,
1662386078235683270,Calm and close to nature,493510044,1662386079036279945,Sobia,,Spånga-Tensta,59.3781055,17.9213072,Entire home/apt,518,1,0,,,1,341,0,
1662391001256312328,The Lake Apartment,424680605,1662391002013792998,Liv,,Farsta,59.24789,18.05696,Entire home/apt,2016,7,0,,,1,225,0,
1662798523016114530,Nordhaven Bromma,29216177,1465430513464761050,Mc,,Bromma,59.3384555,17.9643961,Entire home/apt,2910,1,1,2026-05-31,1,3,357,1,
1662871360521814140,Cozy Studio – 2 min from Rådmansgatan,485940331,1662871361522559637,Pari,,Norrmalms,59.34083132221773,18.060120306909084,Entire home/apt,1700,1,6,2026-06-22,3.05,1,21,6,
1663016087298160900,Scandi-chic apartment for 2 in Vasastan,51002540,1465791127373831762,Fredrik,,Norrmalms,59.345293957513874,18.040581223373515,Entire home/apt,2041,2,5,2026-06-15,3.19,20,177,5,
1663097528702681716,"1BR Apartment, 20min to City, Self Check-in",714978689,1494944001002997182,Nordic Guest,,Hägersten-Liljeholmens,59.29256,17.99015,Entire home/apt,1684,2,4,2026-06-09,1.82,13,38,4,
1663168920905974565,Seaview Apartment • 15 min to City,507603278,1541434553216079428,Hanna,,Hägersten-Liljeholmens,59.30292,17.9534,Entire home/apt,1697,3,8,2026-06-26,4.90,1,310,8,
1663205297960653194,Exklusivt attefallshus nära city – designat boende,411861584,1663205298731204132,Axel,,Hägersten-Liljeholmens,59.2908546,17.9760835,Entire home/apt,1280,1,15,2026-06-26,6.62,1,309,15,
1663568293892326253,"Lägenhet med vacker utsikt, nära city och natur",31804140,1465467315735766656,Angelica,,Hägersten-Liljeholmens,59.31307769999999,17.9969041,Entire home/apt,1142,2,0,,,1,329,0,
1663589211601318056,Etagevåning i vackra Gröndal,47498923,1663589212420785312,Ru,,Hägersten-Liljeholmens,59.3144502,18.0069538,Entire home/apt,2568,1,3,2026-06-25,3,1,248,3,
1663609347147135382,"Ljus 3:a med balkong i SoFo, Södermalm",60527709,1663609347837303975,Jessica,,Södermalms,59.3099046,18.0765214,Entire home/apt,951,30,0,,,1,254,0,
1663936059219764768,Architect-designed High-end Apartment in Hornstull,17472409,1663936060134793407,Melanie,,Södermalms,59.31718,18.02963,Entire home/apt,2246,4,1,2026-06-16,1,1,66,1,
1664660971635021797,"Three bedrooms, two bathrooms and one balcony!",26545864,1465368488924784857,Conny,,Södermalms,59.31469,18.04679,Entire home/apt,,5,1,2026-05-19,0.70,2,9,1,
1665738915088876058,Arkitektritat 60-talshus,11473597,1462865592591218053,Karin,,Enskede-Årsta-Vantörs,59.27411,18.03616,Entire home/apt,3123,3,0,,,1,343,0,
1665867895545416591,Frecsharummet.,757090125,1665867896257681143,Said,,Spånga-Tensta,59.39589279999999,17.8909887,Private room,167,1,0,,,2,288,0,
1665944612870745658,Old Town Design Home with Private Courtyard,13899520,1462925813574055812,Hestia Sweden,,Södermalms,59.3253,18.06979,Entire home/apt,2927,3,4,2026-06-24,4,6,33,4,
1666102385277459554,"Toppskick - 2
rum med bästa läge på Östermalm",325847029,1469621212862612131,Caroline,,Östermalms,59.33331,18.09406,Entire home/apt,2117,25,0,,,1,362,0,
1666499425653441013,Bohemian light filled Stockholm apartment,2067524,1462585539717660438,Emily,,Hägersten-Liljeholmens,59.30777852637351,17.9888761724579,Entire home/apt,1998,2,3,2026-06-14,2.09,1,7,3,
1666500308646650399,Room in Kista with a nice garden,228534129,1469217503084980412,Gino,,Rinkeby-Tensta,59.40385,17.93656,Private room,,1,5,2026-06-13,2.59,1,0,5,
1666557212757597545,"Stockholm City

7 rum och kök på Södermalm",234983211,1469251166692451484,Jonathan,,Södermalms,59.31166,18.05995,Entire home/apt,4401,1,2,2026-06-27,2,1,245,2,
1666705959982664218,Apartment in Södermalm Stockholm,8142597,1462750237648799672,Viola,,Södermalms,59.31622693555739,18.027435521245494,Entire home/apt,1892,1,3,2026-06-19,1.70,1,61,3,
1666787337673816179,Top floor apartment - 2 balconies - exclusive area,46957419,1465704061288591391,Nils,,Östermalms,59.34587,18.09331,Entire home/apt,2853,1,19,2026-06-25,8.14,1,337,19,
1666862871778018711,Perfekt familjlägenhet balkong innergård strand,233843267,1469245451102557181,Alexandra,,Södermalms,59.3194844348042,18.034721187857322,Entire home/apt,3040,3,0,,,1,291,0,
1667207818602135670,Nice apartment,757090125,1665867896257681143,Said,,Spånga-Tensta,59.39522796434297,17.890177748527645,Private room,305,1,0,,,2,249,0,
1667327782318876171,Shared appartment 10min from city.,35185255,1465519747102013034,Sara,,Älvsjö,59.28161011883424,17.998619369039094,Private room,548,1,3,2026-06-06,2.09,1,11,3,
1667354166018807603,Lakeside Retreat in Älvsjö,101937331,1467223216508664069,Paulina,,Älvsjö,59.26488860000001,17.9774724,Entire home/apt,1582,4,0,,,1,243,0,
1667472702643513172,Modernt lägenhet uthyres i hjärtat av Hagastaden!,725428725,1538231040729950944,Mohammad,,Norrmalms,59.34781,18.03714,Private room,927,1,5,2026-06-25,2.27,1,317,5,
1667505193879555014,Bajen Seatown,472484701,1615108036558534564,Maximilian,,Södermalms,59.304763745319576,18.091306098878672,Entire home/apt,3995,2,0,,,1,307,0,
1667972061224388380,Mysigt 20-talshus i mälarhöjden,89804459,1467087542099998165,Anna,,Hägersten-Liljeholmens,59.29624,17.96037,Entire home/apt,1822,7,0,,,1,122,0,
1667978838182109806,Charming studio close to Norrmälarstrand,535802771,1470404191012367337,Lukas,,Kungsholmens,59.3297,18.035,Entire home/apt,1678,2,9,2026-06-27,6.00,52,250,9,
1668012289937585388,Fräsch lägenhet med uteplats,1666586007933068360,1666586271019486870,Amanda,,Bromma,59.36263,17.95205,Entire home/apt,1541,1,0,,,1,184,0,
1668080507766936037,"Bromma, Stockholm",35221022,1668080508629185386,Pelle,,Bromma,59.366715494415786,17.92871419340372,Entire home/apt,1674,3,0,,,1,149,0,
1668115351763296422,Rymlig tvårummare centralt belägen i lugna kvarter,32184703,1465472790205046226,Mattias,,Norrmalms,59.34526,18.04317,Entire home/apt,844,3,5,2026-06-14,2.54,1,32,5,
1668287994064140014,Central villa med trädgård och 8 sovplatser.,134636563,1468342778278300073,Mikael,,Hägersten-Liljeholmens,59.2959466,17.9898893,Entire home/apt,4565,4,0,,,2,35,0,
1668928802859153694,"Spacious Family Villa, Large Terrace, 3BR",714978689,1494944001002997182,Nordic Guest,,Hässelby-Vällingby,59.36951635280448,17.81184945586641,Entire home/apt,3445,3,1,2026-06-29,1,13,316,1,
1669017812368102634,"Central, charming & kid-friendly",53409196,1465868564196752797,Anna,,Hägersten-Liljeholmens,59.302097652253934,18.010209453855776,Entire home/apt,1322,10,0,,,1,217,0,
1669603464120617559,Villa (easy 30 min commute to city),22033831,1463169915172257690,Anna,,Spånga-Tensta,59.37782,17.92276,Entire home/apt,2454,2,0,,,1,14,0,
1669616764918006911,"Explore, Swim & Relax • Waterfront • City",61749045,1466759637049559349,Sigrid,,Hägersten-Liljeholmens,59.30659069277369,18.02668120712042,Entire home/apt,2491,3,0,,,1,241,0,
1669644647351782258,Rum med delat badrum och kök,203730620,1469063139055172723,Emma,,Södermalms,59.31454,18.06898,Private room,668,7,0,,,1,106,0,
1669731914185555897,Two rooms apartment at Rågsved,378998653,1463566106381862119,City Living,,Enskede-Årsta-Vantörs,59.25727269999999,18.0320936,Entire home/apt,848,2,2,2026-05-25,1.15,6,296,2,
1669760702607285703,Modern apartment in beautiful nature close to city,351763974,1669760703405847494,Johan,,Östermalms,59.37207,18.05861,Entire home/apt,1769,4,0,,,1,249,0,
1670182907799262839,"Flat for 2 w/ Blacony, Steps from Avicii Arena",135323554,1468348755002125383,Andreas,,Enskede-Årsta-Vantörs,59.29710814896373,18.085701170611873,Entire home/apt,2007,1,6,2026-06-15,3.05,22,319,6,
1670342645351563793,Ljus och charmig villa i Bromma med pool,44763321,1465664571599165594,Stefan,,Bromma,59.33311,17.916,Entire home/apt,3179,7,0,,,1,85,0,
1670352714068684539,Spacious & Cozy Stockholm Apartment – Near Metro,125308759,1468263341651146485,Ksenia,,Rinkeby-Tensta,59.4146,17.92499,Entire home/apt,782,1,1,2026-06-19,1,1,13,1,
1670474319134374583,"Soligt radhus, sjönära, 180 kvm, 15 min till city",151133268,1670474319821610254,Sofia,,Hägersten-Liljeholmens,59.29941,17.94647,Entire home/apt,2853,1,0,,,1,192,0,
1671202938198609895,Familjevänligt radhus m. uteplats & elbilsladdare,1671202794097269036,1671202938928157576,Malin,,Hässelby-Vällingby,59.3750746,17.8824044,Entire home/apt,3995,1,0,,,1,19,0,
1671680065291744606,Perfect cosy living,444171582,1470002650673285538,Anette,,Norrmalms,59.3487319,18.0395122,Entire home/apt,1772,1,2,2026-06-29,2,1,226,2,
1671757185709367883,"Bright 1BR Apartment with Balcony, 20min to City",714978689,1494944001002997182,Nordic Guest,,Hägersten-Liljeholmens,59.292865427430556,17.989507893938544,Entire home/apt,2737,1,3,2026-06-24,2.43,13,42,3,
1671957571254777824,Citynära rymlig villa i Enskede,578894299,1470582312983871205,RentAgent Sverige,,Farsta,59.2678375,18.0930891,Entire home/apt,3461,3,1,2026-06-02,1,5,270,1,
1672401259821130715,Lägenhet i Enskededalen,214848687,1672401260664479506,Sofie,,Enskede-Årsta-Vantörs,59.28572,18.10064,Entire home/apt,,4,0,,,1,1,0,
1672502887630378738,Penthouse Mariatorget,57487148,1465940008857214558,Hampus,,Södermalms,59.3166601,18.0550537,Entire home/apt,4054,1,0,,,1,364,0,
1672608184148122037,Villa för 9 •Carpe Diem-säng •75” TV • 12 min City,725922978,1540500677761639130,A Place You Can Call Home,,Spånga-Tensta,59.3808855,17.9018443,Entire home/apt,4928,1,12,2026-06-28,8.78,2,121,12,
1672643094477163053,Spacious apartment 15min away from the City Centre,184858356,1672643095281118396,Montserrat,,Älvsjö,59.27989,18.00775,Entire home/apt,1598,3,1,2026-06-21,1,1,107,1,
1673010650643147329,Villa Enskede,51290001,1673010651345922250,Martina,,Enskede-Årsta-Vantörs,59.28317,18.06494,Entire home/apt,5022,3,0,,,2,179,0,
1673040636175776664,Modern scandinavian studio w/ private balcony,60382478,1466742370835977491,Elias,,Kungsholmens,59.335628251049044,18.01689944056467,Entire home/apt,1707,1,0,,,30,44,0,
1673140039101293391,Cozy studio located in city central,742768639,1607865763301478326,Vanessa,,Norrmalms,59.33651,18.0562,Entire home/apt,1632,3,8,2026-06-25,4.62,14,157,8,
1673140373667095801,Well-planned apartment in city center,742768639,1607865763301478326,Vanessa,,Norrmalms,59.33675,18.05604,Entire home/apt,1817,3,5,2026-06-14,3.19,14,168,5,
1673141304708265389,Lovely 1-BDR apartment in City Center,742768639,1607865763301478326,Vanessa,,Norrmalms,59.336320315128226,18.05811557750837,Entire home/apt,3133,2,9,2026-06-25,6.00,14,319,9,
1673142303153292373,Charming studio located in City Center,742768639,1607865763301478326,Vanessa,,Norrmalms,59.33802,18.05785,Entire home/apt,1915,2,4,2026-06-15,2.79,14,351,4,
1673142610000055845,Wonderful 1-BRD APT in City,742768639,1607865763301478326,Vanessa,,Norrmalms,59.33603384440475,18.056207239267696,Entire home/apt,2352,2,6,2026-06-17,3.53,14,341,6,
1673142988539220458,Bright studio located in city center,742768639,1607865763301478326,Vanessa,,Norrmalms,59.33818863909679,18.056220934675824,Entire home/apt,1721,3,3,2026-06-03,1.76,14,350,3,
1673144198821149840,Charming City Apartment in the Heart of Stockholm,742768639,1607865763301478326,Vanessa,,Norrmalms,59.33673790961015,18.056138413242312,Entire home/apt,2723,2,4,2026-06-18,2.79,14,348,4,
1673216641795996558,Mysig sekelskift lägenhet på Östermalm,678260601,1470696840341901523,Malin,,Norrmalms,59.348149310484544,18.061894137520923,Entire home/apt,1693,7,2,2026-06-23,2,2,186,2,
1673336415280658069,Lyxig lägenhet (9 min till Stockholm city),21137835,1673336416072805643,Daniel,,Älvsjö,59.2778298,18.0034115,Entire home/apt,,3,1,2026-05-17,0.63,1,1,1,
1673354457222212345,Exclusive 4-room flat by Mosebacke,36329854,1673354458030606175,Joel,,Södermalms,59.31654,18.07485,Entire home/apt,,5,0,,,1,5,0,
1673922805193968937,Nytorget Design Flat with Park View,13899520,1462925813574055812,Hestia Sweden,,Södermalms,59.31316,18.08373,Entire home/apt,3427,3,8,2026-06-22,5.00,6,19,8,
1674074700274342097,"Modern 1BR Apartment with Balcony, 20min to City",714978689,1494944001002997182,Nordic Guest,,Hägersten-Liljeholmens,59.29251,17.98811,Entire home/apt,1936,2,5,2026-06-20,3.26,13,27,5,
1674090806124832095,"Quiet 1BR Apartment with Balcony, 20min to City",714978689,1494944001002997182,Nordic Guest,,Hägersten-Liljeholmens,59.292789335474644,17.990031137674798,Entire home/apt,1750,2,1,2026-06-24,1,13,39,1,
1674551577420222027,Bright 2 BDR top-floor apartment in City Centrer,742768639,1607865763301478326,Vanessa,,Norrmalms,59.3361930543035,18.057846956242823,Entire home/apt,4599,2,6,2026-06-26,5.62,14,311,6,
1674559965488874718,Kenneth’s Home,595787604,1470626208617136841,Kenneth,,Skarpnäcks,59.2805122,18.1353605,Entire home/apt,913,1,1,2026-06-26,1,1,358,1,
1674572184285330164,New and Fresh apartment 15 min from Stockholm City,1674564550833398131,1674564625677633569,Mnazza,,Spånga-Tensta,59.37978,17.90648,Entire home/apt,2092,1,0,,,1,2,0,
1674762291066512278,large room in the city- maria-torget for rent!,204914669,1463150666231763687,Marielouise,,Södermalms,59.31617,18.06171,Private room,935,1,16,2026-06-28,8.14,1,304,16,
1675165496854248585,Sekelskiftsdröm på kungsholmen,117313844,1675165497749001687,Amanda,,Kungsholmens,59.3333891608126,18.041846081614494,Entire home/apt,2755,7,0,,,1,193,0,
1675256872180975376,"Newly Renovated Villa in Bromma, 4BR, Terrace",714978689,1494944001002997182,Nordic Guest,,Bromma,59.32929,17.96525,Entire home/apt,5123,3,0,,,13,365,0,
1675823658121240348,Charming 3-Story Forest Retreat in Stockholm,31608082,1675823658842567296,Mattias,,Farsta,59.25047,18.08456,Entire home/apt,2056,3,0,,,1,187,0,
1675878393965009957,Stockholm · Spacious garden villa · 10 min to city,589605887,1470611140896960512,Ole,,Enskede-Årsta-Vantörs,59.28516,18.07281,Entire home/apt,9130,1,3,2026-06-14,3,3,296,3,
1675966566111999518,Lovely eclectic apartment in heart of Södermalm,22712414,1675966566977037446,Kalle,,Södermalms,59.31477,18.07509,Entire home/apt,,1,1,2026-06-26,1,1,0,1,
1675973391461260037,Apartment in Bromma,435485275,1463695435396999409,Richard,,Bromma,59.33988309999999,17.9357179,Entire home/apt,1940,2,0,,,1,175,0,
1676227017956260862,Södermalm/Mariatorget,511974257,1470302344956355714,Frida,,Södermalms,59.31108,18.06191,Entire home/apt,2922,1,0,,,1,214,0,
1676759411434109439,"Lugn, ljus lägenhet med otrolig utsikt.",583500828,1676759412183687059,Thomas,,Hägersten-Liljeholmens,59.306038583378886,18.03614504635334,Entire home/apt,2222,1,1,2026-06-29,1,1,308,1,
1676779698345408868,Charmigt radhus med trädgård nära Stockholm C,34329610,1465503585724610077,Josefin,,Farsta,59.262416654355775,18.096433027134132,Entire home/apt,,5,0,,,1,1,0,
1676794549124789433,"Enkelt, äkta, vackert där lugnet bor",733190573,1572276850858120419,Daniela,,Kungsholmens,59.32395584178859,18.00369187268259,Entire home/apt,1347,1,0,,,1,18,0,
1676828053369236340,Spacoius 2 bedroom apartment.,39732420,1462682410117044472,Gustav,,Kungsholmens,59.332686622716,18.014930753254887,Entire home/apt,3139,1,2,2026-06-14,2,1,10,2,
1677458951429135591,En fin etta ca 20 minuter från Stockholm city,173203565,1671799050916793988,Rima,,Hässelby-Vällingby,59.3535718831095,17.88493061840765,Entire home/apt,697,7,0,,,1,182,0,
1677653216653188362,"Rymligt hus 2 sovrum 4-5 bäddar, 
2 badrum, altan",284922958,1677653217609132011,Caroline,,Hässelby-Vällingby,59.373873610531696,17.819471259774865,Entire home/apt,1901,4,2,2026-06-15,1.87,1,314,2,
1677738128800721666,Wake up 1 minute from Lake Mälaren: Private studio,1677737952882062040,1677738129666951077,Nadija,,Hässelby-Vällingby,59.37479,17.81292,Entire home/apt,676,1,1,2026-05-31,1,1,282,1,
1678065319412002223,Spacious Stockholm Villa · Garden · AC · Parking,589605887,1470611140896960512,Ole,,Älvsjö,59.28026387982132,17.993792236617338,Entire home/apt,3359,3,1,2026-06-23,1,3,72,1,
1678182777958124187,Townhouse i naturnära område på Östermalm,103850454,1657754280347504624,Evelina,,Östermalms,59.35299,18.0601,Entire home/apt,7527,4,0,,,1,359,0,
1678338328394297695,Villa in one of Stockholm’s most exclusive areas,408284702,1678338329102809308,Jenny,,Bromma,59.333651799131744,17.960268588520144,Entire home/apt,4690,6,0,,,1,89,0,
1678375532941075836,Apartment In The Heart Of Stockholm,547455103,1470449561518434770,Linus,,Norrmalms,59.33646,18.06878,Entire home/apt,2939,2,4,2026-06-17,3.64,7,56,4,
1678389608697720177,Bra litet rum med allt man behöver,31265032,1465459982422980655,Sara,,Hägersten-Liljeholmens,59.30775353401742,17.97582654391891,Private room,539,1,1,2026-05-25,0.81,2,342,1,
1678390418847398932,Mycket fin 3:a i naturnära Björkhagen.,477188741,1470150608113821586,Malin,,Skarpnäcks,59.29207,18.10955,Entire home/apt,2047,2,0,,,1,56,0,
1678444981944749583,Cozy Room in a Shared Yamur Apartment,326789177,1463458232850793634,Yamur,,Enskede-Årsta-Vantörs,59.28827,18.03407,Private room,571,1,1,2026-06-12,1,1,332,1,
1678465564348777337,Lakeside townhouse with guest house. 15min to city,25645992,1678465565222254638,Klara,,Farsta,59.23465,18.0906,Entire home/apt,2990,5,0,,,1,204,0,
1678951905211500424,1-bäddsrum(private room),1678951497260194061,1678951906014573502,Svea Hostel,,Norrmalms,59.3421903,18.0578643,Private room,650,1,0,,,8,316,0,
1678997841295629035,Östermalm Home for 4 w/ Double Balconies,135323554,1468348755002125383,Andreas,,Östermalms,59.34785922979435,18.093667108524187,Entire home/apt,3510,1,5,2026-06-19,2.88,22,331,5,
1679089300725879004,Ett stenkast till solvalla,437538346,1679089301617013211,Måns,,Bromma,59.36657612246027,17.930915616452694,Entire home/apt,2835,1,3,2026-06-13,2.81,1,361,3,
1679601583638429938,Charming & Inviting Apartment,106018799,1467285967562718951,Andreas,,Enskede-Årsta-Vantörs,59.2625648,18.0142736,Private room,1130,1,1,2026-05-31,1,3,359,1,
1679678499145580655,Charming studio with a sea view,36926900,1679678500083149164,Viktoria,,Södermalms,59.31547,18.03209,Entire home/apt,1541,1,1,2026-06-24,1,1,60,1,
1679800346805961815,Stylish & Spacious Apartment in Trendy Aspudden,6697637,1679800347773379070,Farida,,Hägersten-Liljeholmens,59.30623,17.99624,Entire home/apt,1255,4,1,2026-06-22,1,1,275,1,
1680261377812132940,Apartment with a view!,100914020,1467211335189463969,Anna,,Hägersten-Liljeholmens,59.30795,18.02128,Entire home/apt,1796,1,3,2026-06-25,3,1,7,3,
1680321645865748833,"Stockholm Frescati, Brunnsviken.",1680308008531864605,1680321646528761011,Sali,,Östermalms,59.36113764135281,18.05589477411617,Private room,925,1,2,2026-06-19,2,1,341,2,
1681078894891764329,Cozy Family Home Near Bromma Airport & Shops,1681078813155366401,1681078895649025908,Shweta,,Bromma,59.35909255404672,17.94666437486878,Entire home/apt,925,1,2,2026-06-27,2,1,334,2,
1681806822647318670,Calm Nordic Country Home by Lake Mälaren,1681806302980840402,1681806823479389294,Magnus,,Hägersten-Liljeholmens,59.3070414,17.9653857,Entire home/apt,,3,0,,,1,64,0,
1681897866697240952,1-bäddsrum(private room),1678951497260194061,1678951906014573502,Svea Hostel,,Norrmalms,59.34111,18.05693,Private room,650,1,0,,,8,339,0,
1681912900132142829,2-bäddsrum(private room),1678951497260194061,1678951906014573502,Svea Hostel,,Norrmalms,59.341080739018366,18.05685263693591,Private room,750,1,0,,,8,313,0,
1681934970616225922,2-bäddsrum(private room),1678951497260194061,1678951906014573502,Svea Hostel,,Norrmalms,59.34114954247827,18.05723981042017,Private room,750,1,0,,,8,323,0,
1682012143009432436,Charmigt 20-talshus nära innerstan,148326426,1682012143938083866,Linnéa,,Skarpnäcks,59.2833,18.10389,Entire home/apt,2399,4,1,2026-06-27,1,1,253,1,
1682018043375320022,"3-bäddsrum,familjerum( private room)",1678951497260194061,1678951906014573502,Svea Hostel,,Norrmalms,59.34336698781689,18.05708961538588,Private room,1393,1,0,,,8,341,0,
1682042410635357197,Cozy room 15 min away from centere,101206292,1467214292115963316,Murad,,Farsta,59.24144,18.10023,Private room,608,1,1,2026-06-12,1,1,22,1,
1682475669148220866,Privat terrass • T-bana över gatan • 4 gäster,725922978,1540500677761639130,A Place You Can Call Home,,Bromma,59.33361,17.96563,Entire home/apt,2434,1,5,2026-06-27,5,2,61,5,
1682551503616732571,28m2 precis vid Östermalmstorg. Nära till allt,340642544,1682551504410304330,Johan,,Östermalms,59.3355191,18.0817434,Entire home/apt,1142,1,8,2026-06-28,5.22,1,154,8,
1682598932683673421,Stylish Century-Old Flat on Götgatan,7080344,1682598933584073516,Luca,,Södermalms,59.31332674029507,18.073687345978556,Entire home/apt,2018,20,0,,,1,184,0,
1682646633650410923,"4-bäddsrum, familjerum(private room)",1678951497260194061,1678951906014573502,Svea Hostel,,Norrmalms,59.34112,18.05721,Private room,1090,1,0,,,8,339,0,
1682661338227437614,Sovsal-bara kvinnor ( women dormitory),1678951497260194061,1678951906014573502,Svea Hostel,,Norrmalms,59.34324939180662,18.056910180910307,Shared room,350,1,0,,,8,357,0,
1682689421263478729,"Sovsal-bara män, (men dormitory)",1678951497260194061,1678951906014573502,Svea Hostel,,Norrmalms,59.34139,18.05691,Shared room,350,1,0,,,8,355,0,
1682772954409181084,Villa Enskede,213545458,1469116503379811144,Daniel,,Enskede-Årsta-Vantörs,59.290861762716446,18.06891379324249,Entire home/apt,4324,5,1,2026-06-16,1,1,303,1,
1683178307764172874,Mysig 2a 69m2  högst upp. kvällssol. Balkong.,549955907,1683178308695948126,Nicklas Per Roland Rune,,Hägersten-Liljeholmens,59.29575736577404,17.966649681329727,Entire home/apt,359,1,0,,,1,87,0,
1683225761427338649,Cozy studio near city & Avicii Arena (Globen),1683225267766605350,1683225711813704685,Sackarias,,Enskede-Årsta-Vantörs,59.277300278865674,18.047038046880136,Entire home/apt,554,10,0,,,1,327,0,
1683293427347540030,Renoverad lägenhet i bästa läge på Thorildsplan,67788757,1466837665350162709,Gustaf,,Kungsholmens,59.33083,18.01651,Entire home/apt,1229,14,0,,,1,209,0,
1683368656182415911,Family-friendly home with Patio and parking,22835842,1683368657066056842,Felix,,Hägersten-Liljeholmens,59.30822,17.99566,Entire home/apt,3310,1,0,,,1,33,0,
1683481313813924976,Modern studiolägenhet nära Globen!,511333991,1470299309403073044,Malva,,Skarpnäcks,59.29422,18.09572,Entire home/apt,1598,2,3,2026-06-28,3,1,71,3,
1683557293956715052,Cozy & Quiet City Apt.,265753459,1469405570887043267,Linda,,Kungsholmens,59.326268871933756,18.018463037020734,Entire home/apt,1199,1,1,2026-06-12,1,1,335,1,
1683600318822864235,Spacious apartment in Södermalm,271346174,1463352607514495320,StayPlus,,Södermalms,59.30838,18.09033,Entire home/apt,1260,1,3,2026-06-20,2.65,50,346,3,
1683913301006143551,Well-Located 2BR Apartment in Hägersten,220860397,1469166418597195468,Sofia,,Hägersten-Liljeholmens,59.30536129999999,18.0024967,Entire home/apt,2855,2,0,,,21,5,0,
1684100991124648950,Scandinavian-Designed Townhouse with City Views,1358504,1684100992150883196,Carl,,Hägersten-Liljeholmens,59.30802319999999,18.0073139,Entire home/apt,3880,3,0,,,1,46,0,
1684200722580190090,Villa in Älvsjö/Långbro,53559787,1465870727225118695,Peter,,Älvsjö,59.28266927835955,17.99426805227995,Entire home/apt,3483,1,0,,,1,365,0,
1684287779100206468,beautiful flat in kungsholmen,324577201,1463454243891376818,Dali Albert,,Kungsholmens,59.33404,18.01033,Entire home/apt,1366,4,3,2026-06-28,3,2,346,3,
1684554157896941642,House in Stockholm,704655680,1684554158718345118,Anna,,Enskede-Årsta-Vantörs,59.27352,18.06129,Entire home/apt,6848,1,0,,,1,365,0,
1684746267286310720,Architect home,105296592,1467270043050260467,Andrea,,Bromma,59.33753,17.97641,Entire home/apt,2146,2,0,,,1,21,0,
1684749082733242338,Trea på Östermalm / Gärdet,338538052,1469658932350935486,Cecilia,,Östermalms,59.34111,18.0902,Entire home/apt,3576,3,0,,,1,318,0,
1684798373959379234,Bright contemporary studio w/ balcony,60382478,1466742370835977491,Elias,,Kungsholmens,59.337144316484675,18.018881002467015,Entire home/apt,1208,2,2,2026-06-15,2,30,346,2,
1684831119967672773,Modern lägenhet i hjärtat av Stockholm,569041541,1470530340067349406,Mustafe,,Kungsholmens,59.33471267080078,18.024212736433107,Entire home/apt,1870,1,5,2026-06-24,3.95,1,306,5,
1684958880554036056,Family friendly home close to city and nature,8757704,1684958881339699582,Sarah,,Skarpnäcks,59.27223,18.1424,Entire home/apt,3233,3,0,,,1,56,0,
1685289826347947549,Unique 1BR in the heart of Old Town,1027549,1462536170935368379,William,,Södermalms,59.32237793522039,18.071490061496757,Entire home/apt,3071,1,4,2026-06-04,2.93,17,325,4,
1685300482178352931,"Cosy apartment, Södermalm",14434096,1462938534243652258,Sandra,,Södermalms,59.31755,18.06405,Entire home/apt,1712,1,0,,,2,182,0,
1685364049976201635,Big room for rent in the heart of Stockholm,581909954,1470590995377102363,Julia,,Norrmalms,59.33723,18.04909,Private room,936,1,0,,,1,351,0,
1685442573053210085,Studiolägenhet endast 5 min från Stockholmsmässan,755982693,1685442573957399212,Erik,,Älvsjö,59.2766512,18.004504,Entire home/apt,944,3,0,,,2,71,0,
1685464374770465913,"Luxury apartment with balcony, Vasastan",73379815,1685464375546812775,Malin,,Norrmalms,59.3456257,18.0587243,Entire home/apt,,6,0,,,1,2,0,
1685599346158711654,Södermalm Stockholm,541357590,1685599207270559527,Urban,,Södermalms,59.31383,18.03488,Entire home/apt,1700,1,0,,,1,105,0,
1685650688256803291,Boutique Boho Home in Central Stockholm,531656877,1685650689041810110,Elvira,,Södermalms,59.3174205,18.0663394,Entire home/apt,2100,3,0,,,1,214,0,
1685695998840291521,Studiolägenhet endast 5 min från Stockholmsmässan,755982693,1685442573957399212,Erik,,Älvsjö,59.27564,18.00537,Entire home/apt,952,1,0,,,2,107,0,
1686165096279233966,Företagsbostad Stockholm,494507600,1463835208843774803,Workers Stay,,Hässelby-Vällingby,59.38211659999999,17.8593271,Entire home/apt,2000,1,0,,,8,365,0,
1686193731722697405,Ljus och rymlig lägenhet med balkong nära stan,12151347,1462581360409960748,Tatjana,,Bromma,59.33132,17.95426,Private room,1103,1,0,,,1,36,0,
1686302132285487072,Charmigt 50-talsradhus i Stureby,53854687,1465875097967189967,Filip,,Enskede-Årsta-Vantörs,59.28422,18.04836,Entire home/apt,2095,7,0,,,1,11,0,
1686316898482359929,1-Bedroom & Balcony 40m2 Apartment (Vasastan),653782363,1686316899340816461,Wilma,,Norrmalms,59.34549890236745,18.059263748859706,Entire home/apt,1526,2,0,,,1,330,0,
1686360664448546099,Mysig lägenhet i stan,239475383,1469273812347025152,Veronika,,Kungsholmens,59.33690103110383,18.028148375451565,Entire home/apt,,2,0,,,1,84,0,
1686497490374501570,Mysig studiolägenhet i city,483083919,1470175191652839184,Louis,,Norrmalms,59.33782950000001,18.0375553,Entire home/apt,2577,4,0,,,5,83,0,
1686517677239390588,Villa nära Stockholm City med pool,483083919,1470175191652839184,Louis,,Spånga-Tensta,59.3680533,17.9215257,Entire home/apt,7711,3,0,,,5,365,0,
1686890565164195751,Mysigt Rum kortare besök,1682691626325622176,1682691819171368517,Teresia,,Farsta,59.25387,18.09045,Private room,628,1,7,2026-06-24,5.38,1,355,7,
1686962575760240105,Brinken 8,31265032,1465459982422980655,Sara,,Hägersten-Liljeholmens,59.305946409379295,17.973549517693566,Entire home/apt,3424,2,2,2026-06-20,2,2,320,2,
1687090926095539030,Quiet Minimalist Södermalm Apartment,3991176,1687090927009958376,Ulrik,,Södermalms,59.31299,18.05501,Entire home/apt,2054,4,0,,,1,61,0,
1687102110956445694,Magisk sekelskifteslägenhet högst upp med balkong,19019029,1463067755532778667,Adrian,,Norrmalms,59.34069027246915,18.040134496986866,Entire home/apt,2658,2,0,,,1,21,0,
1687141633550320231,Mysig lägenhet i Bromma,1687140313793950985,1687141634284017095,Felicia,,Bromma,59.3565025,17.8981185,Entire home/apt,694,1,1,2026-06-27,1,1,61,1,
1687179495036600603,Sekelskiftesdröm i hjärtat av Stockholm,49921928,1687179495863641673,Wilhelm,,Norrmalms,59.33742,18.05074,Entire home/apt,,5,0,,,1,5,0,
1687193756421628602,Lägenhet i Stockholm,1687193611524437190,1687193757305675903,Jennifer,,Södermalms,59.31536,18.08222,Entire home/apt,,3,0,,,1,0,0,
1687486863075991366,"Hus i Spånga, nära Stockholm city",93076446,1687475223602522741,Arash,,Hässelby-Vällingby,59.37233,17.89753,Entire home/apt,2433,5,0,,,1,21,0,
1687711707115233981,Family villa close to Stockholm city,13488297,1462912385440520283,Mikael,,Spånga-Tensta,59.370662193964876,17.91470055355036,Entire home/apt,2537,3,0,,,1,243,0,
1687825338453359580,Boende  för 2 personer,751584548,1642121247532814971,Erik Christian,,Älvsjö,59.27774,18.00615,Private room,1146,1,0,,,2,363,0,
1687850946051237775,Trerummare 5 minuter från Kista Galleria,48689754,1465738130864375924,Eduardo,,Rinkeby-Tensta,59.40757,17.93837,Entire home/apt,1438,2,0,,,1,223,0,
1688278887855103255,Stay Inn: Cozy apartment in City Center,549905955,1470459465974849876,Stay Inn Apartments,,Norrmalms,59.3428635,18.057094,Entire home/apt,2650,2,0,,,28,343,0,
1688565427024851008,"Ett rum med kök, ca 15 min till t-bana & pendel",1688562758249537356,1688565427853807687,Tony,,Älvsjö,59.2843062,17.9861389,Entire home/apt,806,1,6,2026-06-22,6,1,335,6,
1688566336527222123,Rum i Exklusivt område på östermalm.,1677276258552703799,1677277471359406102,Daniel,,Östermalms,59.35615884526011,18.08879680931568,Private room,509,1,0,,,1,43,0,
1688770664707777826,Top-Floor City View Apartment in Central Stockholm,1688770487382785922,1688770665559413204,Kareem,,Norrmalms,59.33633,18.04915,Entire home/apt,2196,1,0,,,1,54,0,
1689175283242960459,Bright & Cozy 2BR Apartment,119719949,1468219737822216070,Lala,,Skärholmens,59.274008525691094,17.881257587362295,Entire home/apt,1564,2,0,,,1,24,0,
1689776872729887904,Cozy 2-room Flat in Johanneshov,37541736,1462675569949940903,Niklas,,Enskede-Årsta-Vantörs,59.2951451,18.0857746,Entire home/apt,1492,2,0,,,1,135,0,
1689777909501823423,Stylish Sätra Apartment with Balcony Near Metro,220860397,1469166418597195468,Sofia,,Skärholmens,59.28456180000001,17.9234196,Entire home/apt,2796,1,2,2026-06-14,2,21,341,2,
1689942754901373484,"Romantic & calm, vintage vibe Apartment",171811229,1468668446244539905,Bahare,,Södermalms,59.31768415598981,18.053861121418816,Entire home/apt,2354,3,0,,,1,21,0,
1690064288813660937,Etagelägenhet i centrala Stockholm mot park,37455666,1465560595521953267,Erik,,Kungsholmens,59.3331422971762,18.04189614336038,Entire home/apt,6847,5,0,,,1,187,0,
1690383467852097048,Lugn villaoas nära bad och city,21975151,1690383468771712520,Emelie,,Älvsjö,59.267508,17.982237,Entire home/apt,2853,5,0,,,1,65,0,
1690566339956923963,Colorful & Cozy Apartment in Östermalm,16864648,1462996802740154476,Madeleine,,Östermalms,59.333027202879244,18.080171060047622,Entire home/apt,3765,3,1,2026-06-14,1,1,89,1,
1690596437170593286,Rum i Penthause,62107349,1466764319067815743,Leif,,Södermalms,59.3030529,18.1055497,Private room,1085,1,8,2026-06-28,8,1,139,8,
1691269872118842951,"Right on Mosebacke Torg, square-facing w/ balcony",13462557,1462911780328568539,Parham,,Södermalms,59.3177665,18.0740291,Entire home/apt,2837,7,0,,,1,298,0,
1692638975399032365,New York apartment in Central Stockholm,109795970,1467328512539993222,Madi,,Kungsholmens,59.33666986211445,18.025440986271537,Entire home/apt,2896,1,5,2026-06-13,4.55,1,95,5,
1692678329970760728,Cozy bedroom near city center,26183749,1465357312298935081,Mar,,Älvsjö,59.28129799999999,18.0073354,Private room,628,1,0,,,1,24,0,
1692787720800466583,Charmig poolvilla nära stan,137243257,1692787721796736460,Hannah,,Bromma,59.35516,17.92884,Entire home/apt,6940,5,0,,,1,5,0,
1692854365901663413,Stylish apartment in Södermalm,49433465,1465754446166054910,Angelina,,Södermalms,59.31886691165738,18.034682650951332,Entire home/apt,1769,3,0,,,1,7,0,
1692964422769897873,Lägenhet i Telefonplan/Midsommarkransen,464577199,1470093655466274348,Sarah,,Hägersten-Liljeholmens,59.29919130207272,18.003357750153867,Entire home/apt,1084,3,3,2026-06-16,3,1,57,3,
1692966598518295863,Trädgårdshus i Långsjö,685391706,1692966599309404769,Fredrika,,Älvsjö,59.26817535874416,17.982775457203388,Entire home/apt,799,2,0,,,1,320,0,
1692990086016603596,Charmigt loftstudio i Vasastan- perfekt citystay,145393650,1692990086711842554,Hasse,,Norrmalms,59.33887,18.03557,Entire home/apt,2340,1,0,,,1,165,0,
1693180392201512787,Stor underbar  lägenhet i hjärtat av Södermalm,1693180207160635916,1693180392987292660,Clara,,Södermalms,59.31765871165638,18.060150146484375,Entire home/apt,,3,0,,,1,177,0,
1693245114351517222,2 bedroom apartment in lovely Bromma,465048204,1470095961868192612,Magnus,,Bromma,59.335799808871805,17.983106134722153,Entire home/apt,1712,2,2,2026-06-22,2,1,304,2,
1693318521496045058,Quiet family apartment near city & nature,120889450,1693318522454383652,Iga,,Enskede-Årsta-Vantörs,59.30282823297034,18.053200405812817,Entire home/apt,,4,1,2026-06-28,1,1,82,1,
1693355937756039702,Ljus och väldisponerad tvåa invid Tegnérlunden,6476760,1462707410434672124,Fred,,Norrmalms,59.337915385180025,18.052418536645217,Entire home/apt,2389,1,0,,,1,333,0,
1693638927763773932,Family friendly Södermalm apartment,43439950,1529317404687231535,Emanuel,,Södermalms,59.30909,18.09263,Entire home/apt,2112,10,0,,,1,181,0,
1694162763992413882,Sviten 30 kvm,1694086422763705367,1694089189370360504,Tore,,Älvsjö,59.28303,17.99156,Private room,776,1,5,2026-06-24,5,1,321,5,
1694171665423121765,Cozy renovated cottage from the 1800s,1694171610074352075,1694171666251469720,Lennart,,Hägersten-Liljeholmens,59.31452849999999,17.9937212,Entire home/apt,1386,2,0,,,5,341,0,
1694345448753162621,Gröna rummet,225868800,1463221367325630753,Rosol,,Spånga-Tensta,59.39379514897183,17.913199888349343,Private room,440,1,0,,,1,357,0,
1694379748318052484,En trea i mysiga Kransen med två våningar hyrs ut!,1694359011242681956,1694379749146542943,Sofia,,Hägersten-Liljeholmens,59.3003707,18.0105315,Entire home/apt,913,1,0,,,1,135,0,
1694510034994045777,Vacker lägenhet i Birkastan,467547309,1470107922049313366,Diar,,Norrmalms,59.34251,18.02646,Entire home/apt,2134,2,0,,,3,352,0,
1694686118456100516,Stylish penthouse apartment with beautiful terrace,32149537,1465472296818610363,Stephanie,,Norrmalms,59.34052,18.05266,Entire home/apt,4389,10,0,,,1,329,0,
1694910013463032885,Bright and modern apartment on an Stockholm Island,1694171610074352075,1694171666251469720,Lennart,,Kungsholmens,59.3203405,17.9844254,Entire home/apt,1155,3,1,2026-06-29,1,5,343,1,
1694940749679915532,2.a i Hammarby Sjöstad med enorm Terass,47064020,1465705739615041564,Alexander,,Södermalms,59.302199811805764,18.094849549233913,Entire home/apt,2077,5,2,2026-06-27,2,1,244,2,
1694950838248613102,Stylish Stockholm Studio w/ Balcony,51002540,1465791127373831762,Fredrik,,Kungsholmens,59.33608089394547,18.018772296290685,Entire home/apt,2371,1,2,2026-06-04,1.87,20,314,2,
1695025543803304215,Modern Apt in Sweden's Coolest District,18435153,1463054180286087385,Mattias,,Hägersten-Liljeholmens,59.30558529999999,18.0348713,Entire home/apt,3375,7,0,,,1,251,0,
1695026619129767382,light spacious harbour view close to all aminities,747670625,1626924509851632513,Anne,,Kungsholmens,59.33657899999999,18.0299066,Entire home/apt,700,1,9,2026-06-19,8.18,2,29,9,
1695076345436149235,Magisk panoramavy över Mälaren & stor terrass,300299671,1695073673394628613,Hanne,,Hägersten-Liljeholmens,59.30296,17.94338,Entire home/apt,1579,1,0,,,1,12,0,
1695104447582462198,Radhus i Stockholm,272224311,1695104448425951303,Sebastian,,Farsta,59.26327,18.11388,Entire home/apt,1582,7,0,,,1,15,0,
1695161467174118849,Unik underground loftlägenhet i Gamla stan,398698095,1469833020919036856,Elliot,,Södermalms,59.32687,18.07353,Entire home/apt,2260,1,5,2026-06-18,5,5,351,5,
1695556047556384252,Apartment with balcony in Söderort.,257610489,1487957632304694881,Elisabet,,Enskede-Årsta-Vantörs,59.26108869999999,18.0249064,Entire home/apt,,2,2,2026-06-18,2,1,2,2,
1695561627833920298,Exclusive Östermalm Residence by Östermalmstorg,93787097,1467131991185618641,Ida,,Östermalms,59.33571493192308,18.078265667459117,Entire home/apt,5135,20,0,,,1,33,0,
1695849358489691164,Boende i ett lugnt område nära till natur och bad.,591642978,1695507911486254240,Ugur,,Skärholmens,59.29219,17.92234,Entire home/apt,2400,4,1,2026-06-14,1,1,50,1,
1696277797522451932,Rum nära natur och bad i Stockholm,1696277636390200806,1696277798337613910,Fayyad,,Skärholmens,59.2905404,17.9170586,Private room,393,1,0,,,1,289,0,
1696423467280741334,catyz place to be,711791385,1481287717599465799,Catherine Larsson,,Skarpnäcks,59.28127430550033,18.132308313546467,Entire home/apt,647,1,0,,,2,365,0,
1696473294782498972,Modern design apartment,31638215,1465464972412058556,Simon,,Östermalms,59.359,18.09537,Entire home/apt,1712,1,0,,,1,220,0,
1697588297078501133,Villa nära city,32945889,1465482613818060115,Stina,,Farsta,59.2768879,18.0684538,Entire home/apt,4093,3,0,,,1,7,0,
1697694889247293803,"Charmig trea nära Avicii Arena, natur & Södermalm",22043953,1463170200681275875,Pär,,Enskede-Årsta-Vantörs,59.29815143241475,18.08474265038967,Entire home/apt,1712,3,0,,,1,30,0,
1697842955071214184,Radhus i segeltorp,563916984,1697842955881603534,Siri,,Älvsjö,59.27876,17.95667,Entire home/apt,1919,1,0,,,1,284,0,
1697886473448059527,Familjeidyll i mysiga Enskede,547631998,1697885372943302419,Ida,,Enskede-Årsta-Vantörs,59.2837586,18.0642077,Entire home/apt,4034,6,0,,,1,348,0,
1697893084777604001,Charmig sekelskiftesetta i hjärtat av Stockholm,741058402,1601625087393799959,Alma,,Södermalms,59.31209477465786,18.076469711959362,Entire home/apt,1695,1,0,,,1,351,0,
1697983390047967424,Stor 3:a med balkong vid T-banan,24044457,1697983391194192319,Jacob,,Hägersten-Liljeholmens,59.306625158762756,18.000141977649246,Entire home/apt,2038,7,0,,,1,210,0,
1698321781138359869,Stylish apartment in central Stockholm.,51390563,1698321782440189809,Ozkar,,Norrmalms,59.33639,18.05094,Entire home/apt,1588,4,0,,,1,10,0,
1698570464705380356,Wonderful 1BDR top floor APT with balcony,316782764,1469598673104803159,Bella,,Kungsholmens,59.3385,18.02381,Entire home/apt,2000,2,3,2026-06-20,3,11,180,3,
1698632493583182810,Historisk charm & stor balkong mitt i Gärdet,591438020,1470615690496576666,Arvid,,Östermalms,59.34255,18.09723,Entire home/apt,1673,3,1,2026-06-19,1,4,293,1,
1698676794055324088,Ljust och fräscht rum i villamiljö,240374835,1469278304516490972,Elin,,Hägersten-Liljeholmens,59.30040579999999,17.9641354,Private room,936,2,1,2026-06-03,1,4,280,1,
1699199949403030529,Ljus och nyrenoverad lägenhet i Gamla Enskede,132265884,1699199950314852309,Beatrice,,Enskede-Årsta-Vantörs,59.28663542089605,18.090714253485203,Entire home/apt,1495,2,0,,,1,25,0,
1699271731395229194,Cozy Room in Charming Farsta Apartment - Perfect F,201720555,1463144221024574534,Your Rentals,,Farsta,59.25449560000001,18.0893563,Shared room,777,1,0,,,1,355,0,
1699362634689777920,Lägenhet i Mälarhöjden,19848660,1699362635483800816,Andreas,,Hägersten-Liljeholmens,59.303098206998826,17.962281826677884,Entire home/apt,1738,1,2,2026-06-21,2,1,28,2,
1699882319159137923,"Luxury Renovated Villa, 4BR, 15min to Stockholm",714978689,1494944001002997182,Nordic Guest,,Bromma,59.35201006837425,17.923363547973413,Entire home/apt,4058,3,0,,,13,361,0,
1699890245191938687,Alquiler habitación amoblada,555047375,1572444526081613903,Raul,,Enskede-Årsta-Vantörs,59.26338440000001,18.0103643,Private room,403,1,0,,,1,365,0,
1699941469356921094,"Cozy Studio in Central Sveavägen, Stockholm",343315431,1469676326008698231,Milad,,Norrmalms,59.34095647025733,18.058674041670635,Entire home/apt,1401,5,1,2026-06-17,1,6,60,1,
1699947976700450727,Bright & spacious apartment near Stockholm metro,672755588,1699947977399774484,Alexandra,,Skarpnäcks,59.28348,18.11152,Entire home/apt,1587,1,0,,,1,24,0,
1699998830451965233,"Charming Södermalm Gem Near Food, Culture & Views",743722199,1699998831261560187,Nicolina,,Södermalms,59.3195981,18.0627692,Entire home/apt,2054,7,0,,,1,311,0,
1700024062043037162,Centralt och stylat - parkutsikt vid St Eriksplan,83046224,1467006188744703537,Hampus,,Norrmalms,59.3388106,18.0392649,Entire home/apt,1506,5,1,2026-06-23,1,1,39,1,
1700046664711884829,"Top Floor Suite Central Stockholm, Sveavägen",343315431,1469676326008698231,Milad,,Norrmalms,59.3401,18.0567,Entire home/apt,2369,2,0,,,6,6,0,
1700164066512328501,Spacious family villa with private garden,5106442,1462672991594872756,Julia,,Hägersten-Liljeholmens,59.29123960296008,17.95074976135108,Entire home/apt,2360,1,0,,,1,56,0,
1700200647830403867,"1,2 room in the center of Stockholm.",713122128,1700200648745593588,Eva Cecilia,,Norrmalms,59.3339882,18.0664016,Entire home/apt,2055,1,0,,,1,342,0,
1700528418280525137,Badklippan,109630463,1467326801685451957,Richard,,Farsta,59.24257,18.12443,Entire home/apt,1217,3,0,,,1,290,0,
1700553020072257392,Absolute downtown crashpad!,1700548477677404483,1700553020823857160,Stefan,,Norrmalms,59.334832,18.058432,Entire home/apt,1871,1,1,2026-06-15,1,1,55,1,
1700576091021888089,Rymligt designhem med balkong och uteplats,65944149,1700576091883423384,Jan Daniel,,Östermalms,59.3514851,18.059429,Entire home/apt,2228,14,0,,,1,349,0,
1700671393136402862,Central Söderlägenhet med stor terrass,6940355,1462719394008865915,Henning,,Södermalms,59.31471388296052,18.065025731921196,Entire home/apt,4173,6,0,,,1,13,0,
1700816712570713222,Vindsvåningsdröm i SoFo,658945873,1470654985707096371,Adam,,Södermalms,59.3126386,18.0761009,Entire home/apt,3443,3,0,,,2,56,0,
1701224380369444140,"Mårtengården Apartment, Central Rågsved",659588924,1546367591920349013,Zirita,,Enskede-Årsta-Vantörs,59.2576909,18.0287448,Entire home/apt,985,1,3,2026-06-25,3,1,330,3,
1701480359972303721,Cozy studio apartment on St eriksplan,563563946,1470513661750742716,Hedvig,,Norrmalms,59.33785,18.03423,Entire home/apt,1031,3,1,2026-06-27,1,11,40,1,
1701482479943726614,Newly renovated studio on St eriksplan,563563946,1470513661750742716,Hedvig,,Norrmalms,59.33771,18.03443,Entire home/apt,1046,3,2,2026-06-26,2,11,23,2,
1701483261420981819,Charming studio APT in Vasastan,563563946,1470513661750742716,Hedvig,,Norrmalms,59.339576249748504,18.0350129676768,Entire home/apt,1197,2,1,2026-06-19,1,11,48,1,
1701483962605259887,Bright studio in the middle of Vasastan,563563946,1470513661750742716,Hedvig,,Norrmalms,59.33925,18.03653,Entire home/apt,1208,2,2,2026-06-23,2,11,45,2,
1701484812439686781,Top floor APT with balcony on St eriksplan,563563946,1470513661750742716,Hedvig,,Norrmalms,59.33956,18.03585,Entire home/apt,4394,2,0,,,11,7,0,
1702034510709288684,Bandhagen,58881258,1466707187838833279,Nedime,,Enskede-Årsta-Vantörs,59.266376276581354,18.055542996430326,Entire home/apt,1048,1,3,2026-06-28,3,1,298,3,
1702265818707724324,Bright & Modern Apartment in the Heart of Vasastan,30957051,1465455768983235202,Nikita,,Norrmalms,59.34178499999999,18.0300055,Entire home/apt,3500,3,0,,,1,47,0,
1702668820513704380,Tussilagohuset,3163250,1462620768450398240,Simon,,Älvsjö,59.27539387764382,17.962983365043563,Entire home/apt,2670,7,0,,,1,14,0,
1702780059743668745,Exklusive takvåning i centrala Stockholm på 100kvm,1697788745421173981,1697798399799027105,Stefan,,Norrmalms,59.340886030831314,18.03577423095703,Entire home/apt,3466,3,0,,,1,283,0,
1702843181203738293,"Familjevänligt, rymligt radhus nära Stockholm City",82838609,1702843181976913204,Paula,,Bromma,59.358603,17.9533268,Entire home/apt,2967,2,0,,,1,10,0,
1702903287440186539,"Swedish villa with pool jacuzzi cinema sauna, more",10144853,1702903288154534678,Costin,,Älvsjö,59.27474867039821,17.991658604189706,Entire home/apt,4793,4,0,,,1,219,0,
1702949811668545436,Vacker lägenhet i bästa läget,80212653,1466978124527018178,Peder,,Östermalms,59.33764420000001,18.0777274,Entire home/apt,2187,4,0,,,1,140,0,
1702968194488255745,Vindsvåning i hjärtat av Södermalm,456167873,1702968143825276527,William,,Södermalms,59.310164030693606,18.07697205942897,Entire home/apt,4736,1,2,2026-06-26,2,1,354,2,
1702985612383430422,Rymligt radhus med stora sällskapsytor,1702984796845782844,1702984989402178769,Natalie,,Hässelby-Vällingby,59.37645842911295,17.871322144376418,Entire home/apt,4565,2,0,,,1,354,0,
1703626605814696152,Natur nära lägenhet med uteplats.,475123310,1703626606702520062,Adi,,Farsta,59.25520059999999,18.0932443,Entire home/apt,1412,2,2,2026-06-25,2,1,135,2,
1703644639485307780,Apartment near city and sea,225903480,1469200894887029349,Doria,,Hägersten-Liljeholmens,59.31623579797563,18.00972782523989,Entire home/apt,1711,4,1,2026-06-24,1,1,70,1,
1703751448657216460,Villa nära stan - trädgårdsdröm med växthus!,7969188,1462745843021230243,Nicole,,Enskede-Årsta-Vantörs,59.28471296333004,18.064374197359484,Entire home/apt,5114,5,0,,,1,31,0,
1703795140092336212,Apartment above the trees in Abrahamsberg,376249685,1703795141146552768,David,,Bromma,59.33304845015277,17.95064046441803,Entire home/apt,1550,1,0,,,1,250,0,
1704184232148025545,The Factory,4355882,1671777795778271969,Anna,,Kungsholmens,59.33089,18.04697,Private room,856,1,0,,,1,296,0,
1704251359089577840,"Large patio near swimming, parks & city",45368590,1465673345850032644,Lena,,Hägersten-Liljeholmens,59.30683,17.98861,Entire home/apt,2054,2,0,,,1,42,0,
1704321740557285722,Newly Renovated Elegant Studio Vasastan / Odenplan,220860397,1469166418597195468,Sofia,,Norrmalms,59.3416169,18.0481106,Entire home/apt,2350,2,0,,,21,138,0,
1704366257598408187,Lyxig lägenhet i hjärtat av Östermalm,1688417559907323395,1688419534257118680,Linn,,Östermalms,59.33374209999999,18.0842913,Entire home/apt,3994,3,0,,,1,334,0,
1704567668691658667,Beautiful apartment in the heart of SoFo,710903987,1478073835043212630,Sophia,,Södermalms,59.30784,18.08244,Entire home/apt,1625,1,0,,,1,35,0,
1704699801572918045,Cozy city studio in trendy Södermalm,89648642,1467086030279032270,Valerie,,Södermalms,59.31697,18.04915,Entire home/apt,1484,2,1,2026-06-28,1,1,39,1,
1704998328505863213,"Family friendly house, 11 minutes from CityCentrum",1704997565244145233,1704998329300858650,Eric,,Skarpnäcks,59.281690607413005,18.104510132074434,Entire home/apt,2853,5,0,,,1,35,0,
1705169461319126235,Stylish Apartment on lush Stockholm Island,1694171610074352075,1694171666251469720,Lennart,,Kungsholmens,59.32004999999999,17.984351,Entire home/apt,1155,3,1,2026-06-27,1,5,341,1,
1705175611523700046,"Rum med kök, badrum och tvättstuga",30405802,1465447307409350610,Tereza,,Bromma,59.360361974029054,17.94941145926714,Private room,600,2,2,2026-06-22,2,1,33,2,
1705665922296055579,Bright Scandinavian apartment by Avicii & 3-arena,1694171610074352075,1694171666251469720,Lennart,,Enskede-Årsta-Vantörs,59.2956429,18.052818,Entire home/apt,1617,3,0,,,5,360,0,
1705703343068228024,"Central apartment 1,5 room",714686560,1705703343773699445,Li Charlotta,,Södermalms,59.3140823,18.0742226,Entire home/apt,2543,1,0,,,1,359,0,
1705745925422528455,Intimate city flat close to nature reserve,1705745860085424483,1705745926165010649,Pamela,,Bromma,59.36221,17.90115,Entire home/apt,767,2,0,,,1,329,0,
1705759972051796921,Tvåvåningslägenhet med egen uteplats.,14373661,1462937122594708258,Elin,,Skarpnäcks,59.2801205,18.1079913,Entire home/apt,2756,7,0,,,1,137,0,
1705776293223923260,Best location at Södermalm,1705774329320531939,1705774681552503274,Inger Charlotte,,Södermalms,59.31908,18.04906,Private room,799,1,0,,,1,331,0,
1705909744210526027,Bright &  Modern apartment near Avicii and 3-Arena,1694171610074352075,1694171666251469720,Lennart,,Skarpnäcks,59.29297700000001,18.106578,Entire home/apt,1617,3,0,,,5,361,0,
1705917357035528452,The Rich Neighbourhood,174499572,1463061430573642503,Peter Knox,,Farsta,59.27735,18.06992,Private room,1064,1,3,2026-06-24,3,4,365,3,
1705927908657186267,Designer Penthouse Loft Above Vasastan,13899520,1462925813574055812,Hestia Sweden,,Norrmalms,59.34038,18.05131,Entire home/apt,6565,2,1,2026-06-29,1,6,15,1,
1705939829955752604,Mysig lägenhet i hjärtat av Årsta,11086803,1462856728349441957,Moa,,Enskede-Årsta-Vantörs,59.301268507447226,18.042776808142662,Entire home/apt,1550,4,0,,,1,50,0,
1705948091337873759,5 bedroom family home near city and lake,23841412,1465279389089569575,Catharina,,Hägersten-Liljeholmens,59.30832924761306,18.000449873507023,Entire home/apt,2853,5,0,,,1,13,0,
1705981782838195088,Mysig lägenhet med plats för hela familjen,73571772,1705981783588251603,Anja,,Enskede-Årsta-Vantörs,59.29490172041523,18.060400262475014,Entire home/apt,1313,2,1,2026-06-29,1,1,9,1,
1706031344986899714,Historisk Djurgårdsvilla,563097269,1470512199066568314,Susanne,,Östermalms,59.32409064982377,18.10435829539255,Entire home/apt,3625,4,0,,,1,309,0,
1706112756715967738,Private 40m² Terrace & Own Entrance – Stockholm,27851968,1465411008333088288,Daniel,,Skarpnäcks,59.2994264,18.0883289,Entire home/apt,2898,3,0,,,3,312,0,
1706432630118526116,Beautiful Vasastan Apartment by Vasaparken,506295261,1470275921006916617,Viktor,,Norrmalms,59.3416149,18.0423329,Entire home/apt,,2,0,,,1,28,0,
1706513091455859222,Privat rum & badrum nära Globen,51290001,1673010651345922250,Martina,,Enskede-Årsta-Vantörs,59.28221,18.0654,Private room,1390,1,0,,,2,363,0,
1706599023598428389,underbart fint läge nära till allt i Hammarby Sjö,394688082,1469820798223017129,Peter,,Södermalms,59.30235,18.10592,Entire home/apt,910,1,0,,,1,337,0,
1707088576542340703,Hus med sjötomt,6938239,1462719358930060703,Helene,,Hägersten-Liljeholmens,59.3033242,17.9409247,Entire home/apt,3395,2,0,,,1,337,0,
1707181175181266136,Private garden in central Sthlm for city explorers,438609328,1707181175854833006,Vendela,,Kungsholmens,59.3300381,18.0470563,Entire home/apt,2417,1,0,,,1,25,0,
1707383216086321448,Lägenhet på Kungsholmen,108548339,1707383216933529008,Fanny,,Kungsholmens,59.336919690552946,18.027397222000538,Entire home/apt,1386,10,0,,,1,360,0,
1707426676821497837,Mysig studio (25 kvm) nära strand och tunnelbana,442518367,1469996517238818092,Yonas Fisum,,Hässelby-Vällingby,59.36126,17.83252,Entire home/apt,581,1,0,,,1,245,0,
1707473471631161062,Barnvänligt radhus nära både natur och stadspuls,102978198,1707473472428931641,Sandra,,Skärholmens,59.29100132968838,17.943485940425926,Entire home/apt,2404,1,0,,,1,173,0,
1707576329538797159,Sätra stockholm lägenhet,1707576066309164576,1707576269397321038,Rania,,Skärholmens,59.2870120852306,17.91515808175955,Entire home/apt,962,15,0,,,1,365,0,
1707766280717587430,Charming house close to downtown Stockholm,7191672,1462725710064803670,Elin,,Farsta,59.25346440000001,18.1050773,Entire home/apt,2297,1,0,,,2,332,0,
1707808201067074276,Apartment in Skanstull,30864725,1465454535667397548,Fredric,,Södermalms,59.31082254899259,18.07403621848015,Entire home/apt,3269,7,0,,,1,235,0,
1707833078881772094,room close to farsta centrum and city center,175659161,1468703031880111647,Veronica,,Farsta,59.24801799999999,18.093027,Private room,269,7,0,,,1,290,0,
1707891553827005429,Roslagsgatan,522379168,1707891554716972764,Lilly Matilda,,Norrmalms,59.349055,18.057057,Entire home/apt,2853,3,0,,,1,27,0,
1708031885415581416,Elegant Apartment in Stockholm City,547455103,1470449561518434770,Linus,,Kungsholmens,59.33181227832483,18.015302941203117,Entire home/apt,2434,1,1,2026-06-23,1,7,338,1,
1708113160565591863,30-tals villa med söderläge i vackra Enskede,494967837,1708113105666163630,Malin,,Enskede-Årsta-Vantörs,59.28538,18.06312,Entire home/apt,3424,5,0,,,1,19,0,
1708130722014786703,Ljus sekelskifteslägenhet i centrala Stockholm,26365963,1708130722910097345,Alexander,,Norrmalms,59.33694910566389,18.052054427025926,Entire home/apt,4094,3,0,,,1,66,0,
1708240039720156262,Charmig Mini‑Tvåa i Hägersten nära Stockholm city,584397363,1470597895925939575,Isabel,,Hägersten-Liljeholmens,59.2955,17.98223,Entire home/apt,1052,2,0,,,1,357,0,
1708846038368417481,Ljus 3:a nära till natur och restauranger,188908914,1468979141358397849,Lykke,,Södermalms,59.31604,18.03018,Entire home/apt,2865,7,0,,,1,220,0,
1708853641509191147,Cozy one room apartment in the old city,16601026,1462598514691111382,Ana,,Södermalms,59.32470353624133,18.067767387327237,Entire home/apt,1960,4,0,,,1,55,0,
1708904892325558064,"3a i Stockholm / Stureby, nära t-bana och grönytor",389788140,1708904893098639035,Andreas,,Enskede-Årsta-Vantörs,59.272351523851135,18.05359046906233,Entire home/apt,1256,1,1,2026-06-25,1,1,282,1,
1708925436755392273,"Stockholm minilägenhet,",118686164,1708925437617689750,Sophie,,Hägersten-Liljeholmens,59.29461,17.95702,Entire home/apt,,1,0,,,1,148,0,
1708935813412451337,Ljus & konstfylld Tvåa,303584765,1708935814065126857,Gabrielly,,Hässelby-Vällingby,59.360315640029114,17.83633086639462,Entire home/apt,821,1,2,2026-06-24,2,1,244,2,
1709264056778695310,Cozy 2 Bedroom Close to City Center,6701243,1462713100891505661,Andrew,,Hägersten-Liljeholmens,59.291659737822535,17.982574384210935,Entire home/apt,999,1,0,,,2,322,0,
1709509258095345835,Spacious 3BR ·Vasastan Balcony Workspace & Parking,13899520,1462925813574055812,Hestia Sweden,,Norrmalms,59.34241,18.02713,Entire home/apt,4148,2,0,,,6,23,0,
1709594544355511956,Room for rent in great location (single room),28630712,1465422551601418925,Patrik,,Hägersten-Liljeholmens,59.31249,18.02456,Private room,624,3,0,,,2,189,0,
1709647445897673782,City-house Söder/ Slakthusområdet,10248411,1462835470231646215,Anmari,,Enskede-Årsta-Vantörs,59.29317556750355,18.072029157594816,Entire home/apt,4109,2,0,,,1,342,0,
1709689090578597258,Mycket fin lägenhet med sjöutsikt i SoFo,140183248,1709689091206117234,Johan,,Södermalms,59.30849961727436,18.094413070378174,Entire home/apt,3550,2,0,,,1,7,0,
1709977574767294284,Luxurious tiny house at the beach.,11764744,1462872538439732866,Eric,,Hässelby-Vällingby,59.36475333109499,17.82264556735754,Entire home/apt,668,1,1,2026-06-28,1,1,283,1,
1709979009785637525,Mysig pärla på södermalm,532245132,1470390138126803992,Melian,,Södermalms,59.31533148678943,18.088033365109037,Entire home/apt,1812,2,0,,,2,225,0,
1710123526803642587,2 room waterfront apartment at Strandvägen,2023095,1462584391347885163,Matias,,Östermalms,59.33175819654916,18.094684928655624,Entire home/apt,2000,5,0,,,1,49,0,
1710230894958720318,Exclusive Rooftop Apartment in Old Town,448379245,1470019230731693112,Tom,,Södermalms,59.32543148189965,18.073030236951414,Entire home/apt,5118,2,0,,,1,351,0,
1710234461437202026,Elegant apartment in historic Old Town,517325416,1470327415919950283,Max,,Södermalms,59.32541,18.07499,Entire home/apt,6454,2,0,,,1,341,0,
1710285291593515484,Söderlya i Zinken,192225124,1468999383704314057,Terese Chanette,,Södermalms,59.3181784,18.0523617,Entire home/apt,4025,9,0,,,1,356,0,
1710366585886519607,Luxurious  2-bedroom apartment in Old Town,514840144,1470315806702010003,Mikaela,,Södermalms,59.32605,18.07471,Entire home/apt,5555,2,0,,,1,332,0,
1710369115558658921,Newly renovated 2 bedroom apartment,509870062,1470292385520454408,Markus,,Södermalms,59.32625000898477,18.073178076110253,Entire home/apt,4381,2,0,,,1,337,0,
1710386282419245211,Elegant Apartment in the Heart of Stockholm,547455103,1470449561518434770,Linus,,Östermalms,59.34575104284028,18.094138763844967,Entire home/apt,2650,1,0,,,7,361,0,
1710398602253979751,Bright & Newly Renovated Premium Apartment,461824771,1470080456380790703,Olivia,,Södermalms,59.324333627460966,18.07496890310545,Entire home/apt,4696,2,0,,,1,351,0,
1710651119037237630,Fin villa i Stockholm,1710650604848075144,1710651119831315348,Lena,,Enskede-Årsta-Vantörs,59.28330949999999,18.0654707,Entire home/apt,2175,3,0,,,1,187,0,
1710672872039465084,Ljus fyra med fantastisk utsikt,8897803,1710672872944910286,Frank,,Hägersten-Liljeholmens,59.295242781248284,17.98000474675044,Entire home/apt,1972,5,0,,,1,172,0,
1710748786305374921,I ett hus på en kulle,463406298,1470088175003077062,Tony,,Enskede-Årsta-Vantörs,59.27705,18.03551,Entire home/apt,2226,1,0,,,2,61,0,
1710775082608429881,42 sqm in Vasastan (Torsplan),1676792120983777720,1710771381186399015,Atle,,Norrmalms,59.34784,18.03615,Entire home/apt,1219,1,0,,,1,40,0,
1710928683951300991,Härlig 1a I Hammarby sjöstad,1710197065523339073,1710223087507662619,Peter,,Södermalms,59.3021374,18.1061772,Entire home/apt,929,14,0,,,1,328,0,
1711106512382332897,Room in Shared Apartment,357067060,1469713993020978214,Junaid,,Hässelby-Vällingby,59.366278310418586,17.8372984752059,Private room,724,2,0,,,1,175,0,
1711755229149406430,Cozy Studio & Private Garden near Stockholm,153134674,1711755047013984199,Tina,,Spånga-Tensta,59.38535463816122,17.912879553047034,Entire home/apt,1016,2,0,,,1,89,0,
1711755918340119636,Ljus 3:a med skogsutsikt och nära tunnelbana,659215,1708931215559876203,Elpida,,Hägersten-Liljeholmens,59.29894,17.98412,Entire home/apt,1466,4,0,,,1,10,0,
1712225441274680920,Östermalm Apartment,75983460,1710113550538046934,Philipp,,Östermalms,59.33324069946251,18.09195039334358,Private room,1530,15,0,,,1,32,0,
1712301744901924035,Studiolägenhet på gärdet,559423233,1470500822310552380,Erica,,Östermalms,59.3475905,18.0941409,Entire home/apt,1484,1,0,,,1,21,0,
1712413085204880844,Lugnt boende centralt och nära city i gröna dalen,1712380268274594938,1712413086003419222,Johan,,Hägersten-Liljeholmens,59.3151327,17.9978025,Private room,1256,1,1,2026-06-24,1,1,50,1,
1712893527583671784,Apartment in the middle of Stockholm an Södermalm,352852509,1704159477496372246,Gohar,,Södermalms,59.3174215,18.0697238,Entire home/apt,1940,1,0,,,1,321,0,
1713133768877244490,"Modern, trivsam och ljus lägenhet",1702929683982425378,1713133769785364915,Esat,,Enskede-Årsta-Vantörs,59.26871420000001,18.0384011,Entire home/apt,1241,1,0,,,1,302,0,
1713148269113799678,Cozy Vegetarian Stay | 2 Min to Metro & 15 to City,753084028,1710850086177569390,Sudarshan,,Skarpnäcks,59.26751199715142,18.133997267595593,Entire home/apt,1388,3,0,,,1,73,0,
1713210203780507684,Modern 2a i Sköndal med balkong nära natur och bad,92947265,1713210204838298834,Simon,,Skarpnäcks,59.26163560000001,18.1257211,Entire home/apt,712,9,0,,,1,335,0,
1713223801848668826,Trevligt parhus i Älvsjö,592138812,1684551058934900322,Daniel,,Älvsjö,59.26812,17.98562,Entire home/apt,2046,5,0,,,1,11,0,
1713621964548637640,Modern Ostermalm Apartment Balcony 4m Ceilings,714978689,1494944001002997182,Nordic Guest,,Östermalms,59.337692118570814,18.081421468844894,Entire home/apt,4667,3,0,,,13,362,0,
1713665389567815712,Small cozy Studio in Stockholm,210952790,1469100815002441475,Hasem,,Skärholmens,59.2748266,17.8861295,Entire home/apt,685,3,0,,,1,21,0,
1713694620966241845,"Cozy apartment i kista centrum, kista gård.",1713693092938940718,1713694621644668172,Emma,,Rinkeby-Tensta,59.40694,17.93895,Entire home/apt,1548,3,0,,,1,344,0,
1713944514312606321,Nature Naturen,557484320,1463879143663853160,Malik,,Farsta,59.2518,18.08158,Private room,362,1,0,,,1,59,0,
1714004770114097759,Stockholm's Staycation House,15646864,1462594872116556491,Stina,,Hässelby-Vällingby,59.3748792,17.8064582,Entire home/apt,1998,2,0,,,1,354,0,
1714264360460889284,Fredrik och Rosannas hem,693899677,1714264361231714736,Fredrik,,Älvsjö,59.2764371,17.9713886,Entire home/apt,909,1,0,,,1,304,0,
1714361277707335368,Big room in a large family apartment close to city,186469181,1463088416721364640,Sulfikkar,,Älvsjö,59.2829756,18.0150253,Private room,346,1,0,,,1,349,0,
1714365216672763760,Stockholm Super yacht,48891239,1465742769766681376,Paco,,Östermalms,59.33172,18.09036,Entire home/apt,13795,1,0,,,1,79,0,
1714552606231754191,Modern 3-room apartment in prime Östermalm,44399364,1462696875614842845,Frida,,Norrmalms,59.3507733,18.0575228,Entire home/apt,3723,1,0,,,2,273,0,
1714692619859001686,Bright Stockholm family apartment by the park.,72727478,1714691583920423949,Oskari,,Kungsholmens,59.33484,18.04015,Entire home/apt,,7,0,,,1,16,0,
1714694753062844237,Charming Vasastan Gem | Walk to Cafés & Parks,65912152,1466814950733629537,Jonathan,,Norrmalms,59.34367,18.0392,Entire home/apt,2171,1,0,,,2,10,0,
1714725603203728344,Familjevilla nära strand  och Stockholm city,18213823,1714725603910590369,Stina,,Bromma,59.33872100000001,17.891201,Entire home/apt,4437,3,0,,,1,34,0,
1715084551912170519,Studio Apartment in the heart of Södermalm,121640701,1468235115135187752,Cornelia,,Södermalms,59.31215989999999,18.077421,Entire home/apt,2739,1,0,,,1,365,0,
1715211932197646202,High-end penthouse in central stockholm,714978689,1494944001002997182,Nordic Guest,,Östermalms,59.33299538323646,18.08669794756187,Entire home/apt,5525,3,0,,,13,365,0,
1715242021675860498,City Room with the most comfortable bed,135014605,1523098933800272827,Nnenna Mary,,Östermalms,59.3529838,18.0558655,Private room,411,3,0,,,2,309,0,
1715727420218712574,Standard Plus Room,201043701,1463142769632645617,Leah,,Södermalms,59.31574560000001,18.0839273,Private room,989,1,0,,,7,293,0,
1715764645623481389,Lägenhet,514115288,1470312460209127871,Stella,,Södermalms,59.317576423261606,18.028700365606667,Entire home/apt,1610,1,0,,,1,356,0,
1715909774203314087,So-fo Apartment in Södermalm 30 sqm,27419464,1462640945962382124,Jesper,,Södermalms,59.31419,18.07603,Entire home/apt,1994,1,0,,,4,352,0,
1715992639859014830,Cozy Studio Apartment in Spånga,343315431,1469676326008698231,Milad,,Spånga-Tensta,59.3748,17.91167,Entire home/apt,593,3,0,,,6,113,0,
1716002575344526935,Comfortable Studio for 2 in Bromma,343315431,1469676326008698231,Milad,,Bromma,59.3452119,17.8942192,Entire home/apt,832,3,0,,,6,357,0,
1716005937922305578,Basic Room (Skylight window),201043701,1463142769632645617,Leah,,Södermalms,59.31574560000001,18.0839273,Private room,884,1,0,,,7,325,0,
1716103334285095679,Lägenhet med 3 sovrum nära Stockholm,656885653,1463907154863600556,AP Management,,Bromma,59.33654139999999,17.9512728,Entire home/apt,3216,3,0,,,1,350,0,
1716113510486312193,Bright and cosy studio on charming Mariaberget,1184184,1462539132765861420,Maja,,Södermalms,59.3200473,18.0645022,Entire home/apt,1453,3,0,,,2,92,0,
1716596347174733920,Underbar lägenhet nära vatten och Stockholm City,1716596049009510153,1716596347932685415,Henrik,,Bromma,59.336134016831096,17.98311441579994,Entire home/apt,1061,2,0,,,1,208,0,
1717311189789349205,Cosy apartment close to Bromma blocks,56503089,1465924626951378990,Maria,,Bromma,59.3450485,17.9622876,Entire home/apt,1137,2,0,,,1,355,0,
1717533219250858965,Stylish Apartment – in Stockholm City,547455103,1470449561518434770,Linus,,Norrmalms,59.3487319,18.0395122,Entire home/apt,3765,2,0,,,7,76,0,
1717551594859368985,"Studio Apartment 33kvm, Medborgarplatsen.",1703727834481023469,1703728345149963151,Octavio Mateo,,Södermalms,59.3146459,18.0754666,Entire home/apt,1235,1,0,,,1,363,0,
1717565962598561582,Crib Herdevägen,676806853,1717565963439298067,Johanna,,Spånga-Tensta,59.3723156,17.9114748,Entire home/apt,4627,2,0,,,1,295,0,
1717569115091645586,"Lyxigt & modernt boende i Vasastaden, nära city.",162883929,1717569115861468768,Max,,Norrmalms,59.3485934,18.0346366,Entire home/apt,2611,3,0,,,1,356,0,
1717575829846115275,An independent 2 bedroom parhus in a calm area,142772311,1462967818509617839,Asad,,Rinkeby-Tensta,59.41321819999999,17.9037152,Entire home/apt,913,1,0,,,1,363,0,
1717861167246979973,Mysig lägenhet nära till naturen,25450276,1465342963879680152,Ana,,Skarpnäcks,59.2787937,18.11656,Entire home/apt,,3,0,,,1,340,0,
1718132464242032867,Private Room in Villa | Free ParkingNear Stockholm,507027019,1470279198216826275,Dinesh,,Spånga-Tensta,59.38888,17.85512,Private room,411,1,0,,,1,268,0,
1718263471917793029,Exklusivt panorama taktält,316334194,1718263472658195109,Rebecka,,Bromma,59.3420224,17.9490888,Entire home/apt,456,2,0,,,1,269,0,
1718288866708700915,Nära allt,61359947,1466755141538981101,Anders,,Kungsholmens,59.3332388,18.0309052,Entire home/apt,1267,2,0,,,1,37,0,
1718482582766942025,Luxurious spacious 2 bedroom w. 2 large balconies,363425664,1469730259448316879,Filip,,Östermalms,59.33752750000001,18.0871788,Entire home/apt,3906,7,0,,,1,238,0,
